"m_date","m_open","m_high","m_low","m_close","m_volume","m_vwap","m_open_split_adjusted","m_high_split_adjusted","m_low_split_adjusted","m_close_split_adjusted","m_volume_split_adjusted","m_vwap_split_adjusted","m_open_dividend_and_split_adjusted","m_high_dividend_and_split_adjusted","m_low_dividend_and_split_adjusted","m_close_dividend_and_split_adjusted","m_volume_dividend_and_split_adjusted","m_vwap_dividend_and_split_adjusted","c_annualized_volatility_5d_log_returns_dividend_and_split_adjusted","c_annualized_volatility_21d_log_returns_dividend_and_split_adjusted","c_annualized_volatility_63d_log_returns_dividend_and_split_adjusted","c_annualized_volatility_252d_log_returns_dividend_and_split_adjusted","c_book_to_price","c_book_value_per_share","c_chaikin_money_flow_21d_dividend_and_split_adjusted","c_chaikin_money_flow_21d_split_adjusted","c_daily_traded_value","c_daily_traded_value_sma_5d","c_daily_traded_value_sma_21d","c_daily_traded_value_sma_63d","c_daily_traded_value_sma_252d","c_earnings_per_share","c_earnings_to_price","c_exponential_moving_average_5d_close_dividend_and_split_adjusted","c_exponential_moving_average_5d_close_split_adjusted","c_exponential_moving_average_21d_close_dividend_and_split_adjusted","c_exponential_moving_average_21d_close_split_adjusted","c_exponential_moving_average_63d_close_dividend_and_split_adjusted","c_exponential_moving_average_63d_close_split_adjusted","c_exponential_moving_average_252d_close_dividend_and_split_adjusted","c_exponential_moving_average_252d_close_split_adjusted","c_last_twelve_months_net_income","c_last_twelve_months_revenue","c_last_twelve_months_revenue_per_share","c_log_difference_high_to_low","c_log_returns_dividend_and_split_adjusted","c_macd_26d_12d_dividend_and_split_adjusted","c_macd_26d_12d_split_adjusted","c_macd_signal_9d_dividend_and_split_adjusted","c_macd_signal_9d_split_adjusted","c_rsi_14d_dividend_and_split_adjusted","c_rsi_14d_split_adjusted","c_simple_moving_average_5d_close_dividend_and_split_adjusted","c_simple_moving_average_5d_close_split_adjusted","c_simple_moving_average_21d_close_dividend_and_split_adjusted","c_simple_moving_average_21d_close_split_adjusted","c_simple_moving_average_63d_close_dividend_and_split_adjusted","c_simple_moving_average_63d_close_split_adjusted","c_simple_moving_average_252d_close_dividend_and_split_adjusted","c_simple_moving_average_252d_close_split_adjusted","c_test"
2020-09-03,,,,,,,25.530000686645508,25.530000686645508,25.059999465942383,25.132999420166016,4400,,,,,19.456037521362305,,,,,,,,,,,,,,,,,,,,,,,,,,,,,,,,,,,,,,,,,,,,,-0.397001266479492
2020-09-04,,,,,,,25.180000305175780,25.180000305175780,24.870000839233400,25.156999588012695,17100,,,,,19.474617004394530,,,,,,,,,,,,,,,,,,,,,,,,,,,,,,0.0009544912444514661,,,,,,,,,,,,,,,-0.023000717163085
2020-09-08,,,,,,,25.319999694824220,25.319999694824220,25.205999374389650,25.205999374389650,200,,,,,19.512548446655273,,,,,,,,,,,,,,,,,,,,,,,,,,,,,,0.0019458431404407775,,,,,,,,,,,,,,,-0.114000320434570
2020-09-09,,,,,,,25.469999313354492,25.559999465942383,25.440000534057617,25.548999786376953,5500,,,,,19.778072357177734,,,,,,,,,,,,,,,,,,,,,,,,,,,,,,0.013516098618230738,,,,,,,,,,,,,,,0.079000473022461
2020-09-10,,,,,,,25.719999313354492,25.719999313354492,25.379999160766600,25.488000869750977,800,,,,,19.730854034423828,,,,,,,,,,,,,,,,,,19.590425872802733,25.306599807739257,,,,,,,,,,,-0.0023902621279623835,,,,,,,19.590425872802733,25.306599807739257,,,,,,,-0.231998443603515
2020-09-11,,,,,,,25.610000610351562,25.639999389648438,25.459999084472656,25.496000289916992,2700,,,,,19.737043380737305,,,0.09787891595076975,,,,,,,,,,,,,,,19.63929837544759,25.369733301798504,,,,,,,,,,,0.00031363952830367863,,,,,,,19.646627044677736,25.379199981689453,,,,,,,-0.114000320434570
2020-09-14,,,,,,,26.000000000000000,26.018999099731445,25.930000305175780,26.018999099731445,500,,,,,20.141912460327150,,,0.15423304478852312,,,,,,,,,,,,,,,19.80683640374078,25.586155234442817,,,,,,,,,,,0.020305596381033242,,,,,,,19.78008613586426,25.5515998840332,,,,,,,0.018999099731445
2020-09-15,,,,,,,26.049999237060547,26.049999237060547,25.954999923706055,25.954999923706055,200,,,,,20.092365264892578,,,0.16561898405613867,,,,,,,,,,,,,,,19.902012690791377,25.70910346419723,,,,,,,,,,,-0.00246293574942613,,,,,,,19.89604949951172,25.701399993896484,,,,,,,-0.094999313354492
2020-09-16,,,,,,,26.090000152587890,26.090000152587890,26.038000106811523,26.038000106811523,100,,,,,20.156620025634766,,,0.15112110528100084,,,,,,,,,,,,,,,19.98688180240584,25.818735678401993,,,,,,,,,,,0.0031928663475566457,,,,,,,19.971759033203124,25.7992000579834,,,,,,,-0.052000045776367
2020-09-17,,,,,,,26.280000686645508,26.466999053955078,26.280000686645508,26.466999053955078,800,,,,,20.488716125488280,,,0.16103120349299185,,,,,,,,,,,,,,,20.154159910099988,26.034823470253023,,,,,,,,,,,0.016341530009057123,,,,,,,20.123331451416014,25.99499969482422,,,,,,,0.186998367309570
2020-09-18,,,,,,,26.336000442504883,26.336000442504883,26.336000442504883,26.336000442504883,0,,,,,20.387308120727540,,,0.17926454993280996,,,,,,,,,,,,,,,20.231875980309173,26.135215794336975,,,,,,,,,,,-0.004961745408315784,,,,,,,20.253384399414063,26.1629997253418,,,,,,,0E-15
2020-09-21,,,,,,,26.889999389648438,27.003000259399414,26.854999542236328,27.003000259399414,800,,,,,20.903648376464844,,,0.2035856738575496,,,,,,,,,,,,,,,20.45580011236106,26.42447728269112,,,,,,,,,,,0.025011150914320275,,,,,,,20.4057315826416,26.359799957275392,,,,,,,0.113000869750976
2020-09-22,,,,,,,27.139999389648438,27.200000762939453,27.110000610351562,27.146999359130860,4600,,,,,21.015119552612305,,,0.18656093698023996,,,,,,,,,,,,,,,20.642239925778142,26.665317974837702,,,,,,,,,,,0.005318450155370031,,,,,,,20.590282440185547,26.59819984436035,,,,,,,0.006999969482422
2020-09-23,,,,,,,27.315000534057617,27.315000534057617,27.033000946044922,27.033000946044922,500,,,,,20.926870346069336,,,0.20727456933987284,,,,,,,,,,,,,,,20.737116732541875,26.787878965240107,,,,,,,,,,,-0.004208161653136477,,,,,,,20.74433250427246,26.797200012207032,,,,,,,-0.281999588012695
2020-09-24,,,,,,,27.229999542236328,27.530000686645508,27.229999542236328,27.409000396728516,500,,,,,21.217941284179688,,,0.2011673164558794,,,,,,,,,,,,,,,20.897391583087813,26.99491944240291,,,,,,,,,,,0.013813115062862438,,,,,87.73218438975854,87.73222163759262,20.890177536010743,26.98560028076172,,,,,,,0.179000854492188
2020-09-25,,,,,,,27.514999389648438,27.614000320434570,27.489999771118164,27.614000320434570,1800,,,,,21.376636505126953,,,0.17185423682421705,,,,,,,,,,,,,,,21.057139890434193,27.20127973508013,,,,,,,,,,,0.007451462766847622,,,,,88.56893311295472,88.56896785402975,21.088043212890625,27.241200256347657,,,,,,,0.099000930786132
2020-09-28,,,,,,,27.620000839233400,27.620000839233400,27.180000305175780,27.263999938964844,1100,,,,,21.105695724487305,,,0.1658337465468689,,,,,,,,,,,,,,,21.0733251684519,27.22218646970837,,,,,,,,,,,-0.012755629931439765,,,,,78.69944353082144,78.69938744190756,21.128452682495116,27.29340019226074,,,,,,,-0.356000900268556
2020-09-29,,,,,,,26.750000000000000,26.750000000000000,26.311000823974610,26.311000823974610,400,,,,,20.367958068847656,,,0.30710069426967473,,,,,,,,,,,,,,,20.83820280191715,26.91845792113045,,,,,,,,,,,-0.03557996046906879,,,,,59.31712824887629,59.31707814989553,20.999020385742188,27.126200485229493,,,,,,,-0.438999176025390
2020-09-30,,,,,,,26.444000244140625,26.444000244140625,26.444000244140625,26.444000244140625,100,,,,,20.470916748046875,,,0.3178209883433938,,,,,,,,,,,,,,,20.715774117293726,26.760305362133842,,,,,,,,,,,0.005042200491273987,,,,,60.769260533933206,60.769200661695216,20.907829666137694,27.00840034484863,,,,,,,0E-15
2020-10-01,,,,,,,26.486999511718750,26.486999511718750,26.486999511718750,26.486999511718750,100,,,,,20.504199981689453,,,0.2837566943718148,,,,,,,,,,,,,,,20.645249405425634,26.66920341199548,,,,,,,,,,,0.0016245586892246742,,,,,61.250770067314896,61.25076054285722,20.76508140563965,26.82400016784668,,,,,,,0E-15
2020-10-02,,,,,,,26.280000686645508,26.367000579833984,26.280000686645508,26.367000579833984,200,,,,,20.411304473876953,,,0.2572276534911415,,,,,,,,,,,,,,,20.567267761576073,26.568469134608314,20.34554218110584,26.282047635033017,,,,,,,,,-0.004540854068353913,,,,,59.07150375586255,59.07153392173702,20.572014999389648,26.574600219726562,20.34554218110584,26.282047635033017,,,,,0.086999893188476
2020-10-05,,,,,,,27.209999084472656,27.510000228881836,27.209999084472656,27.451000213623047,26300,,,,,21.250453948974610,,,0.42952975202005556,0.23973280073694467,,,,,,,,,,,,,,20.794996490708918,26.862646160946557,20.42780688727573,26.388316051268475,,,,,,,,,0.04028936919980921,,,,,69.59523413887322,69.59524392525931,20.60096664428711,26.612000274658204,20.430990582420712,26.39242862519764,,,,,0.241001129150391
2020-10-06,,,,,,,27.583999633789062,27.649999618530273,27.430999755859375,27.430999755859375,500,,,,,21.234973907470703,,,0.28890872922331806,0.2400906516371377,,,,,,,,,,,,,,20.941655629629516,27.05209735925083,20.501185707293455,26.483105478958556,,,,,,,,,-0.000728722433548336,,,,,69.24153979202194,69.2414867384749,20.77436981201172,26.836000061035158,20.514817101614817,26.500714347476052,,,,,-0.152999877929687
2020-10-07,,,,,,,27.886999130249023,27.993000030517578,27.840000152587890,27.993000030517578,700,,,,,21.670032501220703,,,0.2980688564395359,0.24631813634264396,,,,,,,,,,,,,,21.18444792015991,27.36573158300641,20.607444506741384,26.620368620009376,,,,,,,,,0.02028078035934645,,,,,73.34203186832531,73.3419699558409,21.014192962646483,27.145800018310545,20.617554437546502,26.633428664434526,,,,,0.106000900268555
2020-10-08,,,,,,,28.090000152587890,28.254999160766600,28.059999465942383,28.083999633789062,2000,,,,,21.740476608276367,,,0.2949305239039121,0.24440283817169944,,,,,,,,,,,,,,21.36979081619873,27.60515426660063,20.710447425062746,26.75342598489844,,,,,,,,,0.0032454891838036982,,,,,73.94765139209358,73.94759683769162,21.261448287963866,27.46520004272461,20.71100225902739,26.75414294288272,,,,,-0.006000518798828
2020-10-09,,,,,,,28.280000686645508,28.299999237060547,28.139999389648438,28.231000900268555,1700,,,,,21.854272842407227,,,0.26795468652222876,0.2431160430548497,,,,,,,,,,,,,,21.531284824934897,27.813769811156604,20.814431553912247,26.887750977204814,,,,,,,,,0.005220651295223743,0.569019095445082,0.7350492022566968,,,74.93814996675718,74.93810324266025,21.550041961669923,27.838000106811524,20.812117440359934,26.884761991954985,,,,,-0.048999786376953
2020-10-12,,,,,,,28.385000228881836,28.485000610351562,28.299999237060547,28.385000228881836,3300,,,,,21.973484039306640,,,0.12683048337294914,0.24255413137056145,,,,,,,,,,,,,,21.67868456305881,28.00417995039835,20.919799961675373,27.023864545539087,,,,,,,,,0.00543999964276871,0.592864032272427,0.7658520800021016,,,75.9689025234985,75.9688830205352,21.694647979736327,28.024800109863282,20.91861461457752,27.02233341761998,,,,,0E-15
2020-10-13,,,,,,,28.142999649047850,28.142999649047850,28.142999649047850,28.142999649047850,100,,,,,21.786146163940430,,,0.1627964721425623,0.2403734440655983,,,,,,,,,,,,,,21.71450509668602,28.050453183281515,20.99855870733583,27.12560410040352,,,,,,,,,-0.00856218478029797,0.5898453456290511,0.7619528401862183,,,71.02525688925259,71.0252418862446,21.804882431030272,28.167200088500977,20.996911457606725,27.12347630092076,,,,,0E-15
2020-10-14,,,,,,,28.045999526977540,28.045999526977540,28.045999526977540,28.045999526977540,100,,,,,21.711059570312500,,,0.09782391123617838,0.24071921732872548,,,,,,,,,,,,,,21.713356587894843,28.04896863118019,21.063331513060984,27.20927641191025,,,,,,,,,-0.003452482381070073,0.574768579728687,0.7424767554908307,,,69.08475010029666,69.0846538929423,21.81308784484863,28.17779998779297,21.073992138817196,27.223047710600355,,,,,0E-15
2020-10-15,,,,,,,28.040000915527344,28.204999923706055,27.844999313354492,28.204999923706055,2300,,,,,21.834144592285156,,,0.10359309101773448,0.240806110768572,,,,,,,,,,,,,,21.753619256024948,28.100979062022144,21.13340542935409,27.299796731164413,,,,,,,,,0.005653221848184147,0.5662249776595125,0.7314402335398427,,,70.50722771032099,70.50714026517669,21.83182144165039,28.202000045776366,21.153874261038645,27.32623817807152,,,,,0.164999008178711
2020-10-16,,,,,,,28.299999237060547,28.299999237060547,28.139999389648438,28.239000320434570,400,,,,,21.860460281372070,,,0.09663195686521367,0.23654960420948595,,,,,,,,,,,,,,21.789232931140656,28.14698614815962,21.199501324992088,27.38517887564352,,,,,,,,,0.0012045282178321398,0.5551778232856499,0.7171701669806367,,,70.81640366462514,70.81637177834968,21.83305892944336,28.20359992980957,21.219195411318825,27.41061919076102,,,,,-0.060998916625977
2020-10-19,,,,,,,27.430000305175780,27.670000076293945,27.079999923706055,27.079999923706055,13900,,,,,20.963256835937500,,,0.30035135441002747,0.2825405163685308,,,,,,,,,,,,,,21.513907566072938,27.791324073341766,21.178024553259853,27.357435334558296,,,,,,,,,-0.041908307623128103,0.46862404773543886,0.6053611639034209,,,51.134568929596256,51.13454060383044,21.631013488769533,27.942599868774415,21.246621540614537,27.446047737484886,,,,,-0.350000381469725
2020-10-20,,,,,,,27.340000152587890,27.559999465942383,27.340000152587890,27.495000839233400,1200,,,,,21.284517288208008,,,0.34819264588490406,0.27410143663132613,,,,,,,,,,,,,,21.43744414011796,27.69254966197231,21.187705710982414,27.36994128952876,,,,,,,,,0.015208689750680094,0.42109843006115,0.5439683010342371,,,55.864657089998985,55.864624161975755,21.530687713623045,27.813000106811522,21.26475815545945,27.4694763365246,,,,,0.155000686645510
2020-10-21,,,,,,,27.639999389648438,27.715999603271484,27.620000839233400,27.715999603271484,700,,,,,21.455595016479492,,,0.3599952914196409,0.27480930846078494,,,,,,,,,,,,,,21.44349443223847,27.700366309072034,21.21205928420942,27.401401136232643,,,,,,,,,0.008005530763582994,0.39271164319769625,0.5072989417747031,0.5255926638905216,0.6789521872409653,58.18585217787927,58.18584076797673,21.479594802856447,27.74700012207031,21.285733177548362,27.496571586245583,,,,,0.076000213623046
2020-10-22,,,,,,,27.649999618530273,27.649999618530273,27.540000915527344,27.635999679565430,600,,,,,21.393665313720703,,,0.35304592571297905,0.27453318178514047,,,,,,,,,,,,,,21.426884726065882,27.678910765903165,21.2285689232559,27.422728276535622,,,,,,,,,-0.0028905864606591954,0.36105567556953133,0.46640644198199865,0.4926852662263236,0.636443038189172,57.01684144900318,57.01683578349038,21.391498947143553,27.633200073242186,21.307961509341286,27.525285811651322,,,,,-0.013999938964843
2020-10-23,,,,,,,27.590000152587890,27.677000045776367,27.590000152587890,27.677000045776367,500,,,,,21.425407409667970,,,0.35331338550165753,0.27060535585206835,,,,,,,,,,,,,,21.426392287266577,27.678273859194235,21.246463331111542,27.445843891921147,,,,,,,,,0.0014826150938300347,0.33467152994701976,0.4323236700246902,0.4610825189704628,0.5956191645562756,57.488286408479006,57.48823733510645,21.304488372802734,27.520800018310545,21.317840848650253,27.538047699701217,,,,,0.086999893188477
2020-10-26,,,,,,,26.959999084472656,26.959999084472656,26.489999771118164,26.489999771118164,900,,,,,20.506523132324220,,,0.3663501885451235,0.3094490563994959,,,,,,,,,,,,,,21.119769235619124,27.28218249650221,21.179196040312696,27.358948971848147,,,,,,,,,-0.0438344428177219,0.23688496034131745,0.3060043974925293,0.41624300724463376,0.5376962111435264,42.83986894368351,42.83988724887157,21.213141632080077,27.402799987792967,21.276406878516788,27.484523864019486,,,,,-0.469999313354492
2020-10-27,,,,,,,26.399999618530273,26.399999618530273,26.281999588012695,26.281999588012695,400,,,,,20.345506668090820,,,0.3225184308919779,0.30776669049706795,,,,,,,,,,,,,,20.86168171310969,26.94878819367237,21.103406097383434,27.26104448240856,,,,,,,,,-0.00788295214845665,0.14472738916903438,0.18695646967695012,0.36193988362951385,0.4675482628502111,40.874440165266584,40.874449833490125,21.02533950805664,27.16019973754883,21.240207399640763,27.437761942545574,,,,,-0.118000030517578
2020-10-28,,,,,,,26.239999771118164,26.239999771118164,26.111000061035156,26.111000061035156,900,,,,,20.213130950927734,,,0.28892768169341587,0.28298216298804885,,,,,,,,,,,,,,20.645498125715704,26.6695254827933,21.022471993160188,27.156494989556432,,,,,,,,,-0.006527644663606013,0.0603149626459043,0.07791375519443733,0.30161489943279196,0.38962136131905634,39.27895833461678,39.27898572036474,20.77684669494629,26.839199829101563,21.232834679739817,27.428238096691313,,,,,-0.128999710083008
2020-10-29,,,,,,,26.020000457763672,26.322999954223633,26.020000457763672,26.322999954223633,300,,,,,20.377244949340820,,,0.31946103082450383,0.28390982787294405,,,,,,,,,,,,,,20.55608040025741,26.554016973270077,20.96381498917661,27.08072271361709,,,,,,,,,0.008086394326417286,0.006584235612059786,0.008505195381921737,0.2426087666686455,0.3133981281316294,42.2866829184423,42.286699119630654,20.573562622070312,26.576599884033204,21.22837411789667,27.422476178123837,,,,,0.302999496459961
2020-10-30,,,,,,,26.059999465942383,26.059999465942383,26.042999267578125,26.042999267578125,300,,,,,20.160486221313477,,,0.3038373309836281,0.2861008852941101,,,,,,,,,,,,,,20.424215673942765,26.383677738039427,20.890785101189053,26.986384218522637,,,,,,,,,-0.010694273587084718,-0.05287881641505976,-0.06830789281193006,0.18351125005190447,0.23705692394291752,39.50345014007343,39.50351874941563,20.320578384399415,26.249799728393555,21.212006795974006,27.401333309355238,,,,,-0.017000198364258
2020-11-02,,,,,,,26.110000610351562,26.110000610351562,25.850000381469727,25.913999557495117,400,,,,,20.060628890991210,,,0.11570583703432649,0.28617451068689576,,,,,,,,,,,,,,20.30302007962558,26.22711834452466,20.81531635480743,26.88889470388377,,,,,,,,,-0.004965428492599601,-0.10682989701569312,-0.13800122490419753,0.12544302063838494,0.16204529417349453,38.254301197121514,38.2543176770635,20.231399536132812,26.134599685668945,21.195307958693732,27.379761832101003,,,,,-0.196001052856445
2020-11-03,,,,,,,26.510000228881836,26.670000076293945,26.469999313354492,26.584999084472656,4400,,,,,20.580062866210938,,,0.2346857574923877,0.26313661059629373,,,,,,,,,,,,,,20.395367675154034,26.346411924507322,20.793929674025932,26.861267829391853,,,,,,,,,0.025563652584362148,-0.10644549892725763,-0.13750457154347373,0.07906531672525643,0.10213532103010087,47.54595948206599,47.54598161492044,20.278310775756836,26.19519958496094,21.163384573800222,27.338523683093843,,,,,0.074998855590820
2020-11-04,,,,,,,26.409999847412110,26.636999130249023,26.409999847412110,26.636999130249023,100,,,,,20.620315551757812,,,0.22198440723484472,0.2634030555412149,,,,,,,,,,,,,,20.470350300688626,26.443274326421225,20.778146572001557,26.840879765833414,,,,,,,,,0.0019539965359504246,-0.10172023777244021,-0.13140030019842897,0.042908205825717104,0.0554281967843949,48.19653027210365,48.196577849260315,20.359747695922852,26.300399398803712,21.134115128290084,27.30071412949335,,,,,0.226999282836913
2020-11-05,,,,,,,26.709999084472656,26.709999084472656,26.600000381469727,26.690000534057617,200,,,,,20.661346435546875,,,0.21909577590266338,0.25179931963024055,,,,,,,,,,,,,,20.534015678974708,26.525516395633353,20.767528377778405,26.827163472035615,,,,,,,,,0.001987851037246841,-0.09358578616343749,-0.1208922798926686,0.015609407427886184,0.020164101448982202,48.892358664068944,48.8923815827207,20.416567993164062,26.373799514770507,21.086082458496094,27.238666534423828,,,,,-0.019998550415039
2020-11-06,,,,,,,26.639999389648438,26.711999893188477,26.579999923706055,26.711999893188477,400,,,,,20.678375244140625,,,0.1874836697901549,0.2512701679644532,,,,,,,,,,,,,,20.582135534030016,26.587677561485062,20.759423547447696,26.816694055776782,,,,,,,,,0.0008238473248005218,-0.08478771215274605,-0.10952687601996658,-0.004470016488240263,-0.005774094044807554,49.19735016506529,49.197396872901294,20.52014579772949,26.50759963989258,21.035506203061058,27.17333321344285,,,,,0.072000503540039
2020-11-09,,,,,,,27.430000305175780,27.659999847412110,27.000000000000000,27.000000000000000,1900,,,,,20.901323318481445,,,0.1664700437009949,0.25407663774485445,,,,,,,,,,,,,,20.688531462180492,26.725118374323376,20.772323526632583,26.833358232524347,,,,,,,,,0.010723993617303525,-0.0591433609188563,-0.0763998202940499,-0.01540468537436347,-0.019899239294656024,53.14016849267577,53.14018834540617,20.68828468322754,26.724799728393556,20.99012765430269,27.11471412295387,,,,,-0.430000305175780
2020-11-10,,,,,,,27.246000289916992,27.246000289916992,27.246000289916992,27.246000289916992,100,,,,,21.091760635375977,,,0.07321300502666742,0.25574381283756237,,,,,,,,,,,,,,20.822941186578987,26.898745679521248,20.801363263791075,26.87087114683277,,,,,,,,,0.009069999365961418,-0.02318605349423919,-0.029950966381004918,-0.016960958998338615,-0.021909584711925802,56.26269029181044,56.26265569247692,20.79062423706055,26.856999969482423,20.948140825544083,27.06047603062221,,,,,0E-15
2020-11-11,,,,,,,27.209999084472656,27.209999084472656,26.850000381469727,26.955999374389650,500,,,,,20.867265701293945,,,0.13471379355081373,0.2565465214493394,,,,,,,,,,,,,,20.837716024817308,26.917830244477383,20.80735439447315,26.878610076610666,,,,,,,,,-0.010700776250438228,-0.012658573148225827,-0.016352068783156426,-0.016100481828316058,-0.02079808152617193,51.87438445700716,51.87433514141308,20.840014266967774,26.920800018310548,20.90438461303711,27.003952208019438,,,,,-0.253999710083006
2020-11-12,,,,,,,26.659999847412110,26.736999511718750,26.659999847412110,26.736999511718750,300,,,,,20.697731018066406,,,0.15439577222435646,0.257386534221737,,,,,,,,,,,,,,20.79105435590034,26.85755333355784,20.79738863298163,26.86573638889322,,,,,,,,,-0.008157615146005366,-0.01779042426681343,-0.022981387986128254,-0.01643847031601553,-0.02123474281816319,48.78012987961965,48.78012247730133,20.84729118347168,26.930199813842773,20.856130872453964,26.941618873959495,,,,,0.076999664306640
2020-11-13,,,,,,,26.870000839233400,26.899999618530273,26.792999267578125,26.792999267578125,4000,,,,,20.741083145141600,,,0.1549018582720831,0.2562975950855969,,,,,,,,,,,,,,20.774397285647428,26.8360353115646,20.7922699522689,26.85912392331912,,,,,,,,,0.002092344762589649,-0.01815007612561459,-0.023446185891572213,-0.016780791477935344,-0.021677031432844995,49.60788562154835,49.60785015416811,20.859832763671875,26.946399688720703,20.804080327351887,26.874380747477215,,,,,-0.077001571655275
2020-11-16,,,,,,,26.530000686645508,26.530000686645508,26.462999343872070,26.462999343872070,200,,,,,20.485620498657227,,,0.1464788663096924,0.2581791291551311,,,,,,,,,,,,,,20.67813835665069,26.711689989000423,20.764392729213295,26.823112597914843,,,,,,,,,-0.012393225441238128,-0.038603802787235963,-0.049867931031744916,-0.021145393739795466,-0.02731521135262498,44.99348746421114,44.99349459308378,20.776692199707032,26.838999557495118,20.73861176627023,26.78980927240281,,,,,-0.067001342773438
2020-11-17,,,,,,,26.562999725341797,26.562999725341797,26.562999725341797,26.562999725341797,100,,,,,20.563032150268555,,,0.11888494101933467,0.21682919139077136,,,,,,,,,,,,,,20.63976962118998,26.66212656778088,20.7460872220365,26.799465973135476,,,,,,,,,0.0037717069080648877,-0.048013584484333904,-0.06202319458806471,-0.026519031888703155,-0.034256807999712924,46.61401066612431,46.6140363885106,20.670946502685545,26.702399444580077,20.719553447905042,26.765190215337846,,,,,0E-15
2020-11-18,,,,,,,26.579000473022460,26.639999389648438,26.579000473022460,26.579999923706055,10200,,,,,20.576194763183594,,,0.11216238404541945,0.20890494350668995,,,,,,,,,,,,,,20.61857800185452,26.63475101975594,20.73064245304987,26.779514514096437,,,,,,,,,0.000639905722675891,-0.05378874820838675,-0.06948359101380674,-0.031972975152639874,-0.04130216460253169,46.900462981169404,46.90043713326136,20.612732315063475,26.627199554443358,20.68582380385626,26.721618743169877,,,,,0.000999450683595
2020-11-19,,,,,,,26.729999542236328,26.979999542236328,26.729999542236328,26.940000534057617,9900,,,,,20.854879379272460,,,0.14681763859749467,0.21287939388401994,,,,,,,,,,,,,,20.697345127660498,26.736500857856498,20.741936719070107,26.794104152274727,,,,,,,,,0.013453130290678504,-0.03546922051834045,-0.04581879774651654,-0.03267222422577999,-0.04220549123132866,52.688690325650235,52.68867178648353,20.644161987304688,26.667799758911134,20.65721829732259,26.684666406540643,,,,,0.210000991821289
2020-11-20,,,,,,,26.950000762939453,26.959999084472656,26.950000762939453,26.959999084472656,3000,,,,,20.870361328125000,,,0.14679476760673804,0.21292056950328608,,,,,,,,,,,,,,20.755017194482,26.811000266728552,20.75361168352964,26.809185509747266,,,,,,,,,0.0007420903654743235,-0.01947707930834852,-0.025160527800327515,-0.030033195242293694,-0.03879649854512843,52.995235191222896,52.995204839720955,20.670017623901366,26.70119972229004,20.632299059913272,26.652475902012416,,,,,0.009998321533203
2020-11-23,,,,,,,27.020000457763672,27.139999389648438,26.979999542236328,27.079999923706055,4800,,,,,20.963256835937500,,,0.08311580491666874,0.21363208588002383,,,,,,,,,,,,,,20.8244304083005,26.900666819054386,20.77267033374854,26.833805001925338,,,,,,,,,0.004441196558190936,0.0006848049330550054,0.0008841726126007643,-0.023889595207223956,-0.03086036431358259,54.88414840027031,54.884118332665444,20.765544891357422,26.824599838256837,20.61029188973563,26.624047324770974,,,,,0.059999465942383
2020-11-24,,,,,,,27.149999618530273,27.329000473022460,27.079999923706055,27.247999191284180,5800,,,,,21.093307495117188,,,0.08334820785571884,0.14737015087569236,,,,,,,,,,,,,,20.914056103906063,27.016444276464316,20.801819166600232,26.871459019139778,,,,,,,,,0.006184579067445466,0.026847760499105533,0.034681139607737776,-0.013742124065958058,-0.017752063529318518,57.461394529994166,57.461394409658446,20.87159996032715,26.96159973144531,20.638234002249582,26.66014253525507,,,,,0.097999572753907
2020-11-25,,,,,,,27.120000839233400,27.120000839233400,27.027000427246094,27.027000427246094,1100,,,,,20.922227859497070,,,0.12555011027090426,0.1475784480553362,,,,,,,,,,,,,,20.9167800224364,27.019962993391577,20.812765411409035,26.885599147149442,,,,,,,,,-0.008143682077067666,0.033392466884588856,0.04313548710678461,-0.004315205875848675,-0.005574553402097893,53.15933222689281,53.15931878425386,20.940806579589843,27.05099983215332,20.66569691612607,26.695618765694753,,,,,-0.093000411987306
2020-11-27,,,,,,,26.955999374389650,27.090000152587890,26.955999374389650,27.006000518798828,800,,,,,20.905971527099610,,,0.08847465247891852,0.14504276013459885,,,,,,,,,,,,,,20.913177190657468,27.015308835193995,20.821238694653633,26.896544726390296,,,,,,,,,-0.0007772906055884848,0.03684274346960592,0.047592484762873255,0.003916383993242244,0.005058854230896337,52.75515265863138,52.755135025306636,20.951025009155273,27.06419982910156,20.698689324515207,26.738237835112074,,,,,0.050001144409178
2020-11-30,,,,,,,26.479999542236328,26.540000915527344,26.299999237060547,26.389999389648438,42400,,,,,20.429107666015625,,,0.18883025094674824,0.166131113531212,,,,,,,,,,,,,,20.751820682443523,26.806872353345476,20.785590419322908,26.850495150322853,,,,,,,,,-0.023074106915381233,0.0010856693290044461,0.0014023787804298138,0.003350241060394685,0.004327559140803032,42.538027567245784,42.53807254190459,20.862774276733397,26.95019989013672,20.7011589776902,26.741428284418014,,,,,-0.090000152587890
2020-12-01,,,,,,,26.360000610351562,26.489999771118164,26.350000381469727,26.440000534057617,5200,,,,,20.467815399169922,,,0.18217000200074002,0.16146271382854055,,,,,,,,,,,,,,20.657152254685656,26.684581746916187,20.75670178112718,26.813177457935105,,,,,,,,,0.0018929416597341917,-0.023853708271168728,-0.03081373693705558,-0.002090548805917998,-0.00270070007476869,43.494651832316926,43.494680013549115,20.763685989379884,26.82220001220703,20.715793700445268,26.760333106631325,,,,,0.079999923706055
2020-12-02,,,,,,,26.659999847412110,26.860000610351562,26.639999389648438,26.860000610351562,7000,,,,,20.792947769165040,,,0.22592153938038262,0.16809278818622977,,,,,,,,,,,,,,20.702417426178783,26.743054701394648,20.759996870948804,26.817434108154785,20.763838722592308,26.822396747649663,,,,,,,0.015760207752403003,-0.017184784188831514,-0.022198850151671223,-0.005109395882500701,-0.006600330090149197,50.890286039574704,50.89030563902618,20.703614044189454,26.744600296020508,20.750666027977353,26.805380775814964,20.763838722592308,26.822396747649663,,,0.200000762939452
2020-12-03,,,,,,,27.280000686645508,27.299999237060547,27.169000625610350,27.169000625610350,700,,,,,21.032154083251953,,,0.23948076340685998,0.1488546191563425,0.2223238337658297,,,,,,,,,,,,,20.812329645203175,26.885036676133215,20.784738435703638,26.849394700650745,20.772223577612923,26.833228118835933,,,,,,,0.011438533877220963,0.007317979497297955,0.00945325723817092,-0.00262392080654097,-0.0033896126244851734,55.50451292355422,55.50449617001232,20.72559928894043,26.77300033569336,20.772194181169784,26.833190373012,20.788856445796906,26.85471422710116,,,-0.111000061035158
2020-12-04,,,,,,,27.299999237060547,27.440000534057617,27.260000228881836,27.260000228881836,1000,,,,,21.102596282958984,,,0.23928883921647062,0.14904047681852794,0.222362865591372,,,,,,,,,,,,,20.909085191121775,27.01002452704942,20.81363460363594,26.88672247594448,20.782547724654986,26.84656474727487,,,,,,,0.0033436659633212414,0.032051226470215965,0.04140341505827294,0.004311108648810417,0.005568992912066449,56.79199360931889,56.792027661111184,20.764924240112304,26.82380027770996,20.7951599302746,26.862857091994513,20.8146973867265,26.88809518965464,,,-0.039999008178711
2020-12-07,,,,,,,27.559999465942383,27.579999923706055,27.503000259399414,27.503000259399414,2400,,,,,21.290710449218750,,,0.09099980689327393,0.15144684462601732,0.22287912893084455,,,,,,,,,,,,,21.036293610487434,27.174349771166085,20.85700513505256,26.942747728985836,20.798427809797605,26.86707835702876,,,,,,,0.008874768940599055,0.06607012865524453,0.08534837401777651,0.01666291265009724,0.02152486913320846,60.11130405097943,60.111301691310814,20.93724479675293,27.046400451660155,20.825129645211355,26.901571364629838,20.842922180417983,26.92455552116273,,,-0.056999206542969
2020-12-08,,,,,,,27.450000762939453,27.450000762939453,27.399999618530273,27.450000762939453,800,,,,,21.249681472778320,,,0.10992827806776218,0.15188499403313457,0.2215990095861392,,,,,,,,,,,,,21.10742289791773,27.26623343509054,20.89270298393672,26.98886164116344,20.81252948676575,26.88529468221347,,,,,,,-0.0019289426969759237,0.088697211976978,0.11457767406596275,0.031069772515473392,0.04013543011975932,59.04586888916641,59.04588630009648,21.09361801147461,27.248400497436524,20.85233470371791,26.93671426318941,20.866281055268786,26.954730139838325,,,0E-15
2020-12-09,,,,,,,27.270000457763672,27.270000457763672,27.184999465942383,27.184999465942383,300,,,,,21.044536590576172,,,0.13509201183103536,0.15239236440659062,0.2225525863082737,,,,,,,,,,,,,21.086460795470543,27.23915544537449,20.90650603908576,27.006692352506978,20.819779708759828,26.894660456704997,,,,,,,-0.009700923691532259,0.08904935546389936,0.11503268973852698,0.04266568910515858,0.05511488204351285,53.90156151158096,53.90159676371463,21.143935775756837,27.313400268554688,20.859154383341473,26.945523761567614,20.8871331593347,26.981666625492156,,,-0.085000991821289
2020-12-10,,,,,,,27.309999465942383,27.440000534057617,27.309999465942383,27.363000869750977,1200,,,,,21.182334899902344,,,0.11779314747148528,0.15079976726990915,0.22281881350166405,,,,,,,,,,,,,21.118418830281144,27.280437253499986,20.931581390069088,27.0390840358928,20.831109558483032,26.909296094612685,,,,,,,0.006526592835546264,0.09930290161256394,0.12827781184007137,0.053993131606639655,0.06974746800282455,56.63461708993671,56.63459455406548,21.173971939086915,27.352200317382813,20.863467443557013,26.951095217750186,20.91007429455954,27.011301555330792,,,0.053001403808594
2020-12-11,,,,,,,27.340000152587890,27.370000839233400,27.299999237060547,27.350999832153320,17700,,,,,21.173044204711914,,,0.11696551212377555,0.14554812448649052,0.21939584082401925,,,,,,,,,,,,,21.136627288424734,27.303958113051095,20.953532555036617,27.067440017371027,20.841795016177684,26.92309933641083,,,,,,,-0.00043870202726733505,0.10546351163848655,0.1362358411216391,0.06428720761300903,0.08304514262658746,56.391862364511645,56.39184983449199,21.1880615234375,27.37040023803711,20.878028324672155,26.96990476335798,20.92644146510533,27.032444424099392,,,0.010999679565430
2020-12-14,,,,,,,27.190000534057617,27.190000534057617,27.135000228881836,27.135000228881836,100,,,,,21.062820434570312,,,0.09547781594028636,0.143640370081661,0.2196312253043863,,,,,,,,,,,,,21.112025003806593,27.24763881832801,20.963467816812408,27.0735818547811,20.848702060502454,26.929721239300548,,,,,,,-0.005219451350901298,0.10029555764022646,0.12368748156705678,0.07148887761845252,0.09117361041468133,53.46394728077798,52.066279467540454,21.142483520507813,27.296800231933595,20.895413534981863,26.988857178460982,20.941845515417675,27.05117458767361,,,-0.055000305175781
2020-12-15,,,,,,,27.250000000000000,27.569999694824220,27.250000000000000,27.569999694824220,7200,,,,,21.400474548339844,,,0.16014105845871096,0.15283987192265897,0.22166794720632446,,,,,,,,,,,,,21.208174851984342,27.355092443826745,21.00319570149672,27.118710749330475,20.865944950747373,26.949729941035663,,,,,,,0.015903675430395146,0.12203899241362848,0.147147413882184,0.08159890057748771,0.10236837110818187,60.2692877410608,58.90313209359908,21.172642135620116,27.320800018310546,20.92681312561035,27.025857198806037,20.961589238000293,27.07549204145159,,,0.319999694824220
2020-12-16,,,,,,,27.399999618530273,27.399999618530273,27.330999374389650,27.330999374389650,200,,,,,21.214958190917970,,,0.15589231251765906,0.14910833578587995,0.2202553818427961,,,,,,,,,,,,,21.21043596496222,27.347061420681047,21.022446836898652,27.138009715244944,20.8768516145027,26.961644610827975,,,,,,,-0.008706589017786858,0.12288466359659367,0.1447852565003096,0.0898560531813089,0.11085174818660741,55.46962836718879,54.318959464548165,21.206726455688475,27.35,20.961543491908483,27.067190533592587,20.97311688983251,27.08920633225214,,,-0.069000244140623
2020-12-17,,,,,,,27.520000457763672,27.591999053955078,27.520000457763672,27.591999053955078,700,,,,,21.417554855346680,,,0.16307324702494727,0.15143275002336776,0.22068305902816343,,,,,0.09424522686749148,,,,,,,,21.27947559509037,27.428707298439058,21.058365747666652,27.1792814733095,20.893748590779076,26.981343187175696,,,,,,,0.009504398172046171,0.13830838873884588,0.162105076220584,0.0995465202928163,0.12110241379340272,59.28312656805494,58.14941384751794,21.253770446777345,27.39579963684082,21.002235049293155,27.11619050162179,20.989470012604244,27.109142818148175,,,0.071998596191406
2020-12-18,,,,,,,27.577999114990234,27.577999114990234,27.577999114990234,27.577999114990234,100,,,,,21.406686782836914,,,0.1631443957991262,0.15160883532711883,0.21512736630221035,,,,,,,,,,,,,21.32187932433922,27.47847123728945,21.090031296318497,27.215528531644114,20.909777909280884,26.999988684919902,,,,,,,-0.000507566384241465,0.1479493711573383,0.17271058000171635,0.1092270904657207,0.13142404703506544,58.99127640568475,57.86910813567795,21.300498962402344,27.441199493408202,21.041782288324264,27.163714272635325,20.997454749213325,27.118269784109934,,,0E-15
2020-12-21,,,,,,,27.209999084472656,27.266000747680664,27.120000839233400,27.266000747680664,700,,,,,21.164503097534180,,,0.18515108756001675,0.15213499781244946,0.2161579116363471,,,,,,,,,,,,,21.26942058207087,27.407647740753188,21.096801460065375,27.220116914920165,20.9177380714138,27.008301561881176,,,,,,,-0.011377943566414183,0.1344973184279361,0.15416276500210557,0.11428113605816378,0.13597179062847348,52.75828473878004,51.86842704637551,21.320835494995116,27.46739959716797,21.05652627490816,27.17923809233166,20.999825916593036,27.120158695039294,,,0.056001663208008
2020-12-22,,,,,,,27.072000503540040,27.072000503540040,27.072000503540040,27.072000503540040,100,,,,,21.013917922973633,,,0.1329072299356893,0.15454015207405525,0.21647545543820448,,,,,,,,,,,,,21.18425302903846,27.295765328348804,21.089266593057037,27.20665178661288,20.920743691775044,27.010292153808013,,,,,,,-0.007140419708599077,0.11041273534533502,0.12239835753532802,0.11350745591559802,0.1332571040098444,49.27223910256459,48.50070349688917,21.243524169921876,27.367799758911133,21.063362303234282,27.18457149323963,21.001207624162948,27.120777735634455,,,0E-15
2020-12-23,,,,,,,27.204999923706055,27.280000686645508,27.204999923706055,27.204999923706055,300,,,,,21.117151260375977,,,0.13534811555714846,0.15470238076856985,0.21490315458803824,,,,,,,,,,,,,21.161885772817634,27.26551019346789,21.091801562813302,27.206501617257715,20.926881428293825,27.016376771617328,,,,,,,0.004900589802524639,0.09851992098114692,0.10672650078644708,0.1105099489287078,0.12795098336516492,51.63176669213926,50.85646801784392,21.223962783813477,27.342599868774414,21.070690609159925,27.19052387419201,20.99960778251527,27.117539632888068,,,0E-15
2020-12-24,,,,,,,27.250000000000000,27.260000228881836,27.215000152587890,27.215000152587890,800,,,,,21.124917984008790,,,0.10257113465617758,0.1532427714682187,0.21436101904007412,,,,,,,,,,,,,21.149563176548018,27.248673513174555,21.094812146558347,27.20727421137864,20.933070070659916,27.02258375227266,,,,,,,0.0003677245863785891,0.08869902248440198,0.09402946317847949,0.10614776363984664,0.12116667932782783,51.81336364030609,51.037825781193156,21.1654354095459,27.267200088500978,21.072195870535715,27.18895249139695,20.99561225043403,27.1112062968905,,,-0.034999847412110
2020-12-28,,,,,,,27.121999740600586,27.121999740600586,27.121999740600586,27.121999740600586,100,,,,,21.052726745605470,,,0.10062267158163896,0.1509089758758426,0.21294506131653626,,,,,,,,,,,,,21.117284366233836,27.206448922316564,21.090986201017177,27.199521986762452,20.936809341751964,27.025690501907906,,,,,,,-0.003423202474331532,0.07423492604042181,0.07559124457292654,0.09976519611996168,0.11205159237684757,49.936645675109276,49.218712884636055,21.09464340209961,27.17600021362305,21.078410103207542,27.193476268223353,20.99477147299146,27.108952325487895,,,0E-15
2020-12-29,,,,,,,27.270000457763672,27.370000839233400,27.222999572753906,27.222999572753906,44500,,,,,21.131126403808594,,,0.07944124336596683,0.15130875559948753,0.2004232051660094,,,,,,,,,,,,,21.121898378758754,27.21196580579568,21.094635310361852,27.201656312761674,20.942881749941236,27.031856410371844,,,,,,,0.003717050132550555,0.0683107784718544,0.0683408747879497,0.09347431259034022,0.103309448859068,51.97121811501088,51.250858940494076,21.08796806335449,27.167399978637697,21.08913176400321,27.20380955650693,21.006885256086075,27.12342849610344,,,-0.047000885009766
2020-12-30,,,,,,,27.260000228881836,27.260000228881836,27.177000045776367,27.177000045776367,300,,,,,21.095422744750977,,,0.055870793399165904,0.12519079288392704,0.20026677781735902,,,,,,,,,,,,,21.11307316742283,27.200310552455907,21.094706895306317,27.19941483394483,20.94764865602904,27.036392148978234,,,,,,,-0.0016910530595511182,0.06004272676570466,0.05821209431675456,0.08678799542541311,0.09428997795060531,50.955604735683124,50.26428838480056,21.10426902770996,27.188399887084962,21.120861053466797,27.241285778227308,21.016798049684557,27.13506341358972,,,-0.083000183105469
2020-12-31,,,,,,,27.337999343872070,27.337999343872070,27.337999343872070,27.337999343872070,100,,,,,21.220390319824220,,,0.06079064042810429,0.12610673117401397,0.20054940577721864,,,,,,,,,,,,,21.148845551556626,27.246206816261296,21.106132661171582,27.212013425756396,20.956171833022637,27.045817373818668,,,,,,,0.005906441555757705,0.06284958424661369,0.06245630326214524,0.08200031318965323,0.0879232430129133,54.320388922971794,53.62886215069622,21.12491683959961,27.214999771118165,21.156697954450333,27.284047626313708,21.02816615028987,27.148571347433425,,,0E-15
2021-01-04,,,,,,,27.180000305175780,27.180000305175780,26.850000381469727,27.090000152587890,14600,,,,,21.027887344360350,,,0.09461271728643682,0.12052478087309768,0.20122799903177965,,,,,,,,,,,,,21.108526149157868,27.19413792837016,21.09901945055238,27.200921310013804,20.95841294275194,27.047198085655207,,,,,,,-0.009113001444544926,0.04897609181719531,0.045286374176608746,0.07539546891516165,0.0793958692456524,48.7697480440814,48.21782741725525,21.105510711669922,27.189999771118163,21.16788555326916,27.29499998546782,21.037953179980082,27.16004753112793,,,-0.090000152587890
2021-01-05,,,,,,,27.260000228881836,27.559999465942383,27.260000228881836,27.559999465942383,1300,,,,,21.392713546752930,,,0.15455206998699986,0.12848336838403432,0.18748835874544786,,,,,,,,,,,,,21.203255281689554,27.31609177422757,21.125718913843336,27.233564778734586,20.971984836626973,27.06322312878918,,,,,,,0.01720085004715999,0.06665135928623656,0.06881088921563361,0.07364664698937662,0.07727887323964863,57.610207031970695,57.06027746527488,21.173508071899413,27.277599716186522,21.185055051531112,27.313618977864582,21.040211268833705,27.16177767799014,,,0.299999237060547
2021-01-06,,,,,,,27.420000076293945,27.489999771118164,27.329999923706055,27.416000366210938,600,,,,,21.280941009521484,,,0.16537729425106135,0.12978342058044692,0.18778667229745502,,,,,,,,,,,,,21.2291505243002,27.349394638222023,21.139830013450442,27.250149832141528,20.98163971702993,27.07424741745861,,,,,,,-0.005238491710954377,0.07082361590834552,0.07497049971816949,0.0730820407731704,0.07681719853535281,54.50684030444602,54.01681097058051,21.203470993041993,27.31619987487793,21.193547657557897,27.321047555832635,21.040940905374192,27.161539592440167,,,-0.003999710083007
2021-01-07,,,,,,,27.280000686645508,27.389999389648438,27.260000228881836,27.260000228881836,900,,,,,21.159847259521484,,,0.17243185424262342,0.1275983396852039,0.18354317140616908,,,,,,,,,,,,,21.206049436040626,27.319596501775294,21.141649763093262,27.251045322754283,20.987208702732786,27.080052192815586,,,,,,,-0.005706495263053887,0.06362547091531923,0.06649758531391825,0.07119072680160017,0.0747532758910659,51.28366434560116,50.852378694988325,21.216355895996095,27.332799911499023,21.18731607709612,27.30947612580799,21.032842726934526,27.149904674953884,,,-0.020000457763672
2021-01-08,,,,,,,27.403999328613280,27.403999328613280,27.403999328613280,27.403999328613280,100,,,,,21.271621704101562,,,0.17125274267673776,0.12886566502715713,0.18374998443716242,,,,,,,,,,,,,21.227906858727604,27.347730777387955,21.153465394094017,27.264950232377828,20.99609660902556,27.090175540809263,,,,,,,0.0052684814291216,0.06617730194522409,0.07058856249356538,0.07018804183032495,0.0739203332115658,53.98828819942998,53.55700085229616,21.226602172851564,27.345999908447265,21.188360850016277,27.30728558131627,21.025400585598415,27.139111019316175,,,0E-15
2021-01-11,,,,,,,27.639999389648438,27.639999389648438,27.593000411987305,27.593000411987305,400,,,,,21.418333053588867,,,0.1512624991362869,0.12581937495237852,0.18398307399457292,,,,,,,,,,,,,21.291382257014693,27.429487322254406,21.177544272229913,27.294772975978688,21.009291497918166,27.105888818033577,,,,,,,0.006873369995942944,0.07912591194832785,0.08806632548188986,0.07197561585392553,0.0767495316656306,57.336369133678616,56.90882793191759,21.304691314697266,27.44659996032715,21.206160681588308,27.326714197794598,21.018480906410822,27.128984027438694,,,-0.046998977661133
2021-01-12,,,,,,,27.649999618530273,27.799999237060547,27.649999618530273,27.745000839233400,200,,,,,21.536315917968750,,,0.09920975810182472,0.12528057440890794,0.18398989756037318,,,,,,,,,,,,,21.373026810666044,27.534658494580736,21.21015987638799,27.33570278172912,21.025761011044747,27.12586106869607,,,,,,,0.005493382621180278,0.09778085299020134,0.11288151489144127,0.0771366632811807,0.08397592831079274,59.86557680232216,59.443858365281066,21.33341178894043,27.483600234985353,21.223016920543852,27.344904672531854,21.01154172988165,27.118825306968084,,,0.095001220703127
2021-01-13,,,,,,,27.813999176025390,27.813999176025390,27.813999176025390,27.813999176025390,100,,,,,21.589878082275390,,,0.08030615294038956,0.12532873001891578,0.1833034585908894,,,,,,,,,,,,,21.44531056786916,27.627772055062287,21.244679713286843,27.379184272119687,21.043389669520703,27.147365384550113,,,,,,,0.0024839749061464707,0.11555500106751637,0.13654135665279554,0.08482033083844782,0.09448901397919329,60.99604712317023,60.57760591747631,21.39519920349121,27.563199996948242,21.24286615280878,27.366952260335285,21.008426363506015,27.113603077237567,,,0E-15
2021-01-14,,,,,,,27.920000076293945,27.920000076293945,27.818000793457030,27.818000793457030,200,,,,,21.592981338500977,,,0.04292788330850493,0.12337570316147345,0.18318067384208322,,,,,,,,,,,,,21.494534158079766,27.6911816345272,21.27634349739722,27.419076683150355,21.060564409176337,27.168322741078455,,,,,,,0.00014372629661650542,0.12841130275216273,0.15384146020221934,0.09353852522119081,0.1063595032237985,61.064474891553544,60.646316992257916,21.48182601928711,27.67480010986328,21.26811191013881,27.39947609674363,21.006552105858212,27.10998404972137,,,-0.101999282836915
2021-01-15,,,,,,,27.694999694824220,27.708000183105470,27.694999694824220,27.708000183105470,100,,,,,21.507593154907227,,,0.0687245015474825,0.112197693639789,0.18296541232712474,,,,,,,,,,,,,21.498887157022253,27.696787817386625,21.297366193534494,27.445342455873547,21.074534057480427,27.1851876611418,,,,,,,-0.003962281074496941,0.13020893412436507,0.1568675158872317,0.10087260700182567,0.11646110575648515,58.04683691885455,57.67065991913498,21.529020309448242,27.73560028076172,21.27321279616583,27.406047548566544,21.001368749709357,27.102095164949933,,,0.013000488281250
2021-01-19,,,,,,,27.930000305175780,28.038000106811523,27.930000305175780,28.038000106811523,700,,,,,21.763750076293945,,,0.09426832684004088,0.11411853148924311,0.18453613350928097,,,,,,,,,,,,,21.587174796779482,27.810525247194924,21.339764728330806,27.499220424140635,21.09607205806835,27.211838050068977,,,,,,,0.0118397024247639,0.1505676426419882,0.18377547347583345,0.11081161412985817,0.12992397930035482,63.82259419481263,63.462547687289444,21.598103713989257,27.824600219726562,21.299345743088494,27.439714250110445,20.999833667089067,27.098904685368613,,,0.107999801635743
2021-01-20,,,,,,,28.200000762939453,28.284000396728516,28.120000839233400,28.284000396728516,800,,,,,21.954698562622070,,,0.10175081802092131,0.1134439297414466,0.16458647166621374,,,,,,,,,,,,,21.709682718727013,27.968350297039454,21.395667804175467,27.570564058012263,21.122904136335652,27.245343123402087,,,,,,,0.008735428932560615,0.18003468506069353,0.22238685399046787,0.12465622831602524,0.1484165542383774,67.42299004539491,67.07881527172592,21.68178024291992,27.932400131225585,21.324924014863512,27.472666695004417,21.015570837353902,27.11801580398802,,,0.083999633789063
2021-01-21,,,,,,,28.100000381469727,28.149000167846680,28.100000381469727,28.149000167846680,400,,,,,21.849905014038086,,,0.11943743576182128,0.11519930305280758,0.16228073099580012,,,,,,,,,,,,,21.756423483830705,28.028566920641865,21.43696209598116,27.623149158906298,21.145622913763855,27.273582406040983,,,,,,,-0.004784599788244862,0.19271012256653464,0.23933436344024628,0.1382670071661271,0.1666001160787512,63.67755539723472,63.371981162619875,21.73378562927246,27.999400329589843,21.346029644920712,27.499857221330917,21.024545245700413,27.12839674571204,,,0.048999786376953
2021-01-22,,,,,,,28.073999404907227,28.073999404907227,28.073999404907227,28.073999404907227,800,,,,,21.791690826416016,,,0.12434234911556365,0.10709656545334005,0.16165466704338488,,,,,,,,,,,,,21.768179264692474,28.043711082063652,21.46921016238433,27.664135544906383,21.165812536034235,27.298595437255553,,,,,,,-0.0026678319629895577,0.19580102732557592,0.24390190270698042,0.1497738111980169,0.18206047340439704,61.62940808680916,61.34381104234576,21.773527526855467,28.050600051879883,21.37589572724842,27.538333347865514,21.02988009982639,27.13407928224594,,,0E-15
2021-01-25,,,,,,,28.270000457763672,28.350000381469727,28.270000457763672,28.270000457763672,8500,,,,,21.943834304809570,,,0.11618244332426243,0.10403786909195398,0.1620771736533038,,,,,,,,,,,,,21.826730944731505,28.11914087396366,21.512357811695715,27.719214173347954,21.190125716308465,27.32895184414643,,,,,,,0.006957460401412046,0.20812812730977015,0.2603363618736587,0.16144467442036753,0.19771565109824937,64.81467316306066,64.53791312254035,21.860775756835938,28.163000106811523,21.420177459716797,27.595380964733305,21.038612940954785,27.144142786661785,,,0E-15
2021-01-26,,,,,,,28.365999221801758,28.365999221801758,28.365999221801758,28.365999221801758,100,,,,,22.018350601196290,,,0.09363347133990398,0.10364942796503218,0.16217367931123713,,,,,,,,,,,,,21.8906041635531,28.20142698990969,21.558357156195765,27.778012814116483,21.216007743961207,27.36135957469816,,,,,,,0.0033900211242597483,0.22135860105689886,0.2779035875614291,0.1734274597476738,0.2137532383908853,66.29065169699591,66.0189258140881,21.911695861816405,28.22859992980957,21.463091714041575,27.650666645595006,21.048024737645708,27.15507928151933,,,0E-15
2021-01-27,,,,,,,28.450000762939453,28.469999313354492,28.149999618530273,28.180000305175780,31300,,,,,21.873973846435547,,,0.09066334681558143,0.10773218122469932,0.1358147089245698,,,,,,,,,,,,,21.885060724513917,28.194284761665052,21.5870495825812,27.81455713148551,21.23656918466353,27.386942097525584,,,,,,,-0.00657870264507748,0.21768451770343233,0.2736625706052038,0.1822788713388255,0.225735104833749,60.95532745196645,60.727089366795774,21.8955509185791,28.207799911499023,21.4987610408238,27.696619033813477,21.069730304536364,27.18190468682183,,,-0.270000457763673
2021-01-28,,,,,,,28.629999160766600,28.860000610351562,28.629999160766600,28.729999542236328,35700,,,,,22.300897598266600,,,0.1588326163837495,0.12208314470831554,0.13941745885002296,,,,,,,,,,,,,22.02367301576481,28.372856355188812,21.65194485673442,27.897779168826492,21.269829447588627,27.428912642672795,,,,,,,0.01932940743322355,0.24638182271269216,0.3110957577627893,0.19509946161359884,0.24280723541955707,68.92086628976071,68.71320203571301,21.985749435424804,28.32399978637695,21.558197748093377,27.773190452938987,21.100768255808998,27.220761828952366,,,0.100000381469728
2021-01-29,,,,,,,28.610000610351562,28.610000610351562,28.513999938964844,28.513999938964844,900,,,,,22.133232116699220,,,0.17486969745117042,0.12708345048082229,0.1396693427251946,,,,,,,,,,,,,22.06019271607628,28.419904216447488,21.695698244003946,27.95379923883907,21.296810780998335,27.462821620681922,,,,,,,-0.00754673393624276,0.25268267200845074,0.31964776501544634,0.20661610369256922,0.25817534133873493,63.44643945113771,63.271600769188424,22.054057693481447,28.411999893188476,21.605917067754838,27.834666660853795,21.131246052091083,27.2589046841576,,,-0.096000671386718
2021-02-01,,,,,,,28.580999374389650,28.580999374389650,28.580999374389650,28.580999374389650,100,,,,,22.185237884521484,,,0.1715104627587967,0.1262904580729654,0.1390295486917065,,,,,,,,,,,,,22.101874438891347,28.47360260242821,21.74020184768736,28.010817432980033,21.324574127983432,27.49776467548529,,,,,,,0.002346912774356881,0.25888826849654833,0.3280500303325802,0.21707053665336504,0.272150279137504,64.39123401877207,64.21816907927972,22.10233840942383,28.47419967651367,21.657813026791526,27.90152377174014,21.159944352649507,27.294745944795153,,,0E-15
2021-02-02,,,,,,,28.489999771118164,28.610000610351562,28.489999771118164,28.500000000000000,600,,,,,22.122362136840820,,,0.17443542281031907,0.1268617268580129,0.13713844383144175,,,,,,,,,,,,,22.10870367154117,28.48240173495214,21.774943692155855,28.055288575436393,21.349505003260226,27.529084529376373,,,,,,,-0.002838149204929387,0.25578418024920424,0.3244330512954612,0.22481326537253288,0.28260683356909544,62.2948250702418,62.13334274492328,22.123140716552733,28.50099983215332,21.70076406569708,27.956857136317662,21.19108524019756,27.3337459564209,,,0.010000228881836
2021-02-03,,,,,,,28.170000076293945,28.209999084472656,28.120000839233400,28.209999084472656,1400,,,,,21.897256851196290,,,0.18589439501044858,0.1281422757860263,0.13853941794218097,,,,,,,,,,,,,22.03822139809288,28.39160085145898,21.78606307025044,28.069353167166962,21.36662224850823,27.55036310922313,,,,,,,-0.010227587291769468,0.23248016604105004,0.29476801689330756,0.22634664550623632,0.2850390702339379,55.347260384343,55.22109399042401,22.127797317504882,28.506999588012697,21.742162613641646,28.010190418788365,21.22023806496272,27.37019039335705,,,0.039999008178711
2021-02-04,,,,,,,28.120000839233400,28.184999465942383,28.120000839233400,28.184999465942383,300,,,,,21.877853393554688,,,0.08037636872138718,0.11569530587821564,0.12959184205741395,,,,,,,,,,,,,21.984765396580148,28.322733722953448,21.794407645096282,28.079866467055638,21.38259822179093,27.57019549537061,,,,,,,-0.0008865064555574742,0.21002483445878894,0.2661727295798819,0.22308228329674684,0.2812658021031267,54.78013143594158,54.65660434133216,22.0431884765625,28.397999572753907,21.7652645111084,28.03995232355027,21.240837914603098,27.39558722480895,,,0.064998626708983
2021-02-05,,,,,,,28.281999588012695,28.281999588012695,28.281999588012695,28.281999588012695,400,,,,,21.953144073486328,,,0.08600335603420044,0.11362128388821129,0.1296713823602041,,,,,,,,,,,,,21.974224955548873,28.309155677973195,21.808838229495375,28.09824220532446,21.40042777965641,27.592439373265673,,,,,,,0.0034355026504191465,0.19604427467283614,0.24847360846437283,0.2176746815719647,0.2747073633753759,56.63687954264801,56.51408037006952,22.00717086791992,28.351599502563477,21.79727418082101,28.081190381731307,21.261993922884503,27.42169834318615,,,0E-15
2021-02-08,,,,,,,28.319999694824220,28.319999694824220,28.260000228881836,28.260000228881836,300,,,,,21.936071395874023,,,0.07950667976329426,0.11094421146964649,0.12970322154799754,,,,,,,,,,,,,21.961507102323925,28.292770528276076,21.820404880984345,28.112947480193313,21.41716664266321,27.61330065000368,,,,,,,-0.0007779896856598606,0.18149479885239828,0.2300202329763792,0.21043870502805143,0.2657699372955766,56.07462217653908,55.95423949127276,21.95733757019043,28.287399673461913,21.834237234933035,28.128809429350355,21.282227652413503,27.446618973262726,,,-0.059999465942384
2021-02-09,,,,,,,28.299999237060547,28.313999176025390,28.260000228881836,28.313999176025390,4500,,,,,21.977985382080078,,,0.08432446948526956,0.11019648377015628,0.1297170764063757,,,,,,,,,,,,,21.96699986224264,28.299846744192514,21.834730381083958,28.131224907087137,21.434692228269988,27.63519747894186,,,,,,,0.0019089103585055432,0.17137088593997518,0.21724875528098053,0.20262514121043618,0.25606570089265734,57.198040487122505,57.078186790943214,21.92846221923828,28.25019950866699,21.86787360055106,28.172142755417596,21.30285638476175,27.472047533307755,,,0.013999938964843
2021-02-10,,,,,,,28.260000228881836,28.260000228881836,28.257999420166016,28.257999420166016,200,,,,,21.934516906738280,,,0.03565515052243487,0.10907525331236637,0.1283141329451074,,,,,,,,,,,,,21.956172210407853,28.28589763618368,21.843801883416166,28.14274986282158,21.45031174947212,27.654660039605112,,,,,,,-0.0019797773879454876,0.15801853008742128,0.20029962550485791,0.1937038189858332,0.24491248581509747,55.60958243238921,55.496597494078564,21.93591423034668,28.259799575805665,21.892453784034366,28.20380937485468,21.31925628298805,27.492015778072297,,,-0.002000808715820
2021-02-11,,,,,,,28.239999771118164,28.291000366210938,28.190000534057617,28.291000366210938,31400,,,,,21.960132598876953,,,0.03415366451604002,0.10792007781742848,0.12720400087101136,,,,,,,,,,,,,21.957492339897556,28.28759854619277,21.85437740300351,28.15622718131152,21.466243651016022,27.674545674811544,,,,,,,0.0011671443027815717,0.14779991869164277,0.18737033005985282,0.18452303892699512,0.23340405466404854,56.3783813235066,56.265676405191456,21.95237007141113,28.280999755859376,21.91263553074428,28.2298093523298,21.33303996494838,27.508603080870614,,,0.051000595092774
2021-02-12,,,,,,,28.371000289916992,28.371000289916992,28.371000289916992,28.371000289916992,100,,,,,22.022232055664062,,,0.03127964305595276,0.10798821884109004,0.1251624742888448,,,,,,,,,,,,,21.979072245153056,28.315399127434176,21.869636916881742,28.175752009366565,21.483618288661273,27.69630988153359,,,,,,,0.0028238362598381286,0.14306335738518072,0.18148702606029232,0.17623110261863223,0.2230206489432973,58.26544142274684,58.15359684088945,21.96618766784668,28.298799896240233,21.93322381519136,28.256333214896067,21.3513727642241,27.531063412863112,,,0E-15
2021-02-16,,,,,,,28.479999542236328,28.528999328613280,28.479999542236328,28.528999328613280,100,,,,,22.144872665405273,,,0.04332257490076266,0.10910325012374798,0.12414944365578273,,,,,,,,,,,,,22.034339051903796,28.386599194493876,21.894658348565702,28.20786540202536,21.504282487934525,27.72233142675483,,,,,,,0.005553496237321118,0.1475053211570838,0.1874132835513862,0.17048594632632255,0.21589917586491508,61.781742251985506,61.67260394171987,22.00794792175293,28.352599716186525,21.959504354567756,28.290190287998744,21.37434326656281,27.55950785440112,,,0.048999786376952
2021-02-17,,,,,,,28.530000686645508,28.530000686645508,28.420000076293945,28.420000076293945,1100,,,,,22.060262680053710,,,0.05937507345843442,0.1090241685179816,0.12451593527609943,,,,,,,,,,,,,22.0429802612871,28.397732821760567,21.909713287791885,28.227150372413412,21.521656868938248,27.744133572052927,,,,,,,-0.0038280660386556236,0.14255500538158472,0.18122550181607622,0.16489975813737498,0.2089644410551473,58.14214561278279,58.04609482977523,22.024403381347657,28.373799896240236,21.985821951003302,28.324095044817245,21.395282624259828,27.585333264063276,,,-0.110000610351563
2021-02-18,,,,,,,28.378999710083008,28.378999710083008,28.378999710083008,28.378999710083008,100,,,,,22.028442382812500,,,0.05792764093185831,0.10219995149074704,0.12162875704463104,,,,,,,,,,,,,22.038134301795566,28.39148845120138,21.920506841884666,28.240954857656103,21.53749391624682,27.76397313886637,,,,,,,-0.0014434673334540516,0.13451362309513826,0.17104159230501637,0.15882253112892764,0.2013798713051211,56.787233542378885,56.69559447966855,22.0431884765625,28.397999954223632,21.998426346551803,28.340333121163503,21.41977186051626,27.615745968288845,,,0E-15
2021-02-19,,,,,,,28.469999313354492,28.469999313354492,28.360000610351562,28.360000610351562,300,,,,,22.013692855834960,,,0.05876508979190279,0.09783847359389825,0.12156437652883775,,,,,,,,,,,,,22.02998715314203,28.38099250425144,21.92897829769833,28.251777198810235,21.55237513310895,27.78259899735028,,,,,,,-0.0006697916642337343,0.12550387558367504,0.15959795618751826,0.1521588000198771,0.19302348828160054,56.13424362394141,56.04488424042041,22.053900527954102,28.41180000305176,22.00123559860956,28.343952178955078,21.442798220922075,27.644269791860427,,,-0.109998703002930
2021-02-22,,,,,,,28.389999389648438,28.441999435424805,28.370000839233400,28.441999435424805,7900,,,,,22.077342987060547,,,0.05892536201809527,0.09658642670506067,0.12161423349121393,,,,,,,,,,,,,22.04577243111487,28.401328147975896,21.942465996731258,28.26907012941156,21.568780378544936,27.80320526104011,,,,,,,0.0028872161528748527,0.12209221634244827,0.15535458110201716,0.14614548328439134,0.18548970684568386,58.35948803452189,58.27094088013138,22.064922714233397,28.42599983215332,22.0120659782773,28.35790452503023,21.466625970507426,27.673825339665488,,,0.052000045776367
2021-02-23,,,,,,,28.190000534057617,28.350000381469727,28.149999618530273,28.238000869750977,7600,,,,,21.918994903564453,,,0.05956387688474686,0.09968004647700343,0.12010464991259226,,,,,,,,,,,,,22.003513255264732,28.34688572190092,21.94033226098882,28.266245651260597,21.579724582451796,27.816792623812322,,,,,,,-0.0071982703480573465,0.10539614370826556,0.13398618705133813,0.13799561536916619,0.17518900288681472,51.37687502890167,51.30908230156185,22.019747161865233,28.367800140380858,22.01812807718913,28.365714118594216,21.483516693115234,27.69442851959713,,,0.048000335693360
2021-02-24,,,,,,,28.059999465942383,28.268999099731445,28.059999465942383,28.268999099731445,2800,,,,,21.943056106567383,,,0.06055831067745644,0.09675596158988894,0.12010617415696549,,,,,,,,,,,,,21.983360872365616,28.320923514511097,21.940579883314147,28.266495964757947,21.591078692580407,27.830924076184797,,,,,,,0.0010971308847779141,0.09303349167079844,0.11819045294111419,0.12900319062949264,0.1637892928976746,52.310597034624436,52.24278080487854,21.996305847167967,28.33759994506836,22.018091020129976,28.365666434878396,21.50054359436035,27.71520629761711,,,0.208999633789062
2021-02-25,,,,,,,28.170000076293945,28.170000076293945,27.809999465942383,27.809999465942383,26000,,,,,21.586769104003906,,,0.12493084310092042,0.11116818993705752,0.1246643038831957,,,,,,,,,,,,,21.851163616245046,28.150615498321525,21.908415267013215,28.224996283047442,21.590944017937392,27.83027018211472,,,,,,,-0.016370153445096406,0.053865687258365824,0.06785262263293745,0.11397568995526727,0.14460195884472718,40.04712605947296,40.008658481664206,21.90797119140625,28.223799896240234,21.997539520263672,28.339190256027948,21.510440614488388,27.72679359193832,,,-0.360000610351562
2021-02-26,,,,,,,27.979999542236328,28.020000457763672,27.739999771118164,27.989999771118164,77600,,,,,21.726490020751953,,,0.14559371674111724,0.11200521762448316,0.12471524268374339,,,,,,,,,,,,,21.80960575108068,28.09707692258707,21.89187660826219,28.203632963781143,21.595179830525346,27.835261731771077,,,,,,,0.006451668806122714,0.03371063514011041,0.041999901036472664,0.0979226789922359,0.12408154728307627,45.44818668760975,45.40777741550829,21.85053062438965,28.149799728393553,21.990516480945406,28.330142611549014,21.520491130768306,27.738571378919815,,,0.010000228881836
2021-03-01,,,,,,,28.209999084472656,28.459999084472656,28.209999084472656,28.459999084472656,20400,,,,,22.091312408447266,,,0.20077324152423787,0.10632667342189725,0.12758177293495315,,,,,,,,,,,,,21.903507970202877,28.218050976548934,21.910007135551744,28.2269389747531,21.610683973585406,27.854784774043,,,,,,,0.01665217321326453,0.046638113722412555,0.05875911109559695,0.08766576593827123,0.11101706004558042,56.47424119690925,56.43326896305133,21.853324508666994,28.153399658203124,21.98053623381115,28.3172854468936,21.53904802837069,27.76131738935198,,,0.250000000000000
2021-03-02,,,,,,,28.256999969482422,28.256999969482422,28.226999282836914,28.226999282836914,300,,,,,21.910455703735350,,,0.2032387102198285,0.10691728119683125,0.12883308265279456,,,,,,,,,,,,,21.905823881380368,28.221033745311594,21.910047914477527,28.226944457306175,21.62005184015259,27.86641647744281,,,,,,,-0.008220475264415671,0.04180767618198544,0.05263304806447522,0.07849414798701407,0.09934025764935937,50.97382007461138,50.94070472631782,21.851616668701173,28.151199340820312,21.969927833193825,28.303618748982746,21.554992221650622,27.78069832211449,,,-0.030000686645508
2021-03-03,,,,,,,27.940000534057617,28.059999465942383,27.940000534057617,28.049999237060547,600,,,,,21.773061752319336,,,0.2072747692449415,0.10821675963628063,0.12031202374206795,,,,,,,,,,,,,21.861569838360023,28.164022242561245,21.897594627008598,28.210858528192933,21.624833399907804,27.872153438680865,,,,,,,-0.006290446029543462,0.026586503338695167,0.03311395744466239,0.06811261905735029,0.08609499760841997,47.211858804050955,47.18375849265504,21.81761779785156,28.10739936828613,21.950300398327055,28.27833302815755,21.576324826195126,27.807047526041668,,,0.109998703002930
2021-03-04,,,,,,,27.950000762939453,28.110000610351562,27.870000839233400,27.968000411987305,1400,,,,,21.709413528442383,,,0.16424861320539647,0.10823744478601145,0.12055448473916631,,,,,,,,,,,,,21.81085106838748,28.09868163236993,21.88048725441167,28.188780517628786,21.62747652892451,27.875148656596693,,,,,,,-0.0029275366190131985,0.009280751732390513,0.010902638777199769,0.05634624559235834,0.07105652584217594,45.535300340305454,45.50924520584153,21.84214668273926,28.13899955749512,21.93063617887951,28.252999714442662,21.596032733008975,27.831301492358012,,,0.017999649047852
2021-03-05,,,,,,,27.909999847412110,28.260000228881836,27.909999847412110,28.260000228881836,3300,,,,,21.936071395874023,,,0.17434088636650508,0.10939720744386884,0.11832693939524384,,,,,,,,,,,,,21.85259117754966,28.1524544978739,21.885540358180975,28.195255036833608,21.63712011851668,27.887175268230603,,,,,,,0.010386407914928406,0.013697320363224463,0.016669794573175523,0.04781646054653156,0.060179179588375854,52.063628180610486,52.03697626129962,21.88406295776367,28.192999649047852,21.932484490530832,28.25538072131929,21.614177552480545,27.85352370852516,,,0.350000381469726
2021-03-08,,,,,,,28.489999771118164,28.590000152587890,28.190000534057617,28.430000305175780,37100,,,,,22.068031311035156,,,0.127822606230706,0.11121161982780546,0.11683892002639605,,,,,,,,,,,,,21.924404555378157,28.244969766974528,21.902130444804083,28.216595515773808,21.650586093282882,27.90413855063514,,,,,,,0.005997636702548703,0.027528216991534293,0.03455951195730478,0.04375881183553211,0.05505524606216164,55.41434629811628,55.38774766114375,21.87940673828125,28.186999893188478,21.941540581839426,28.26704742794945,21.630620048159646,27.873539576454768,,,-0.059999465942384
2021-03-09,,,,,,,28.600000381469727,28.610000610351562,28.219999313354492,28.219999313354492,18400,,,,,21.905019760131836,,,0.12473040631371021,0.11381560898673337,0.11784985947830372,,,,,,,,,,,,,21.91794295696272,28.236646282434513,21.902393109833877,28.216904951917506,21.658537145371913,27.91400919947012,,,,,,,-0.007414190903907948,0.025046907246597527,0.03142961583710857,0.04001643091774519,0.05033012001715102,50.69979890925915,50.67783145078753,21.878319549560548,28.185599899291994,21.939248947870162,28.264095033918107,21.64335692874969,27.888777657160684,,,-0.380001068115235
2021-03-10,,,,,,,28.479999542236328,28.545999526977540,28.440000534057617,28.545999526977540,500,,,,,22.158067703247070,,,0.1323088165494999,0.12062615787808102,0.11870828806940552,,,,,,,,,,,,,21.9979845390575,28.339764030615523,21.92563625468962,28.246822640559326,21.674147475305514,27.933758897204726,,,,,,,0.01148583722163349,0.04300358701406992,0.05462496080874146,0.04061386213701014,0.05118908817546911,56.83858599377994,56.8168013799439,21.955320739746092,28.28479995727539,21.949820200602215,28.277714048113143,21.657124504210458,27.905333201090496,,,0.065999984741212
2021-03-11,,,,,,,28.837999343872070,28.837999343872070,28.740999221801758,28.740999221801758,100,,,,,22.309434890747070,,,0.11996311663292078,0.12253635259752663,0.11922659188675319,,,,,,,,,,,,,22.101801322954024,28.47350909434427,21.960527039785756,28.291747784308637,21.694000207038062,27.958985157348383,,,,,,,0.006808017689955174,0.06865701675195623,0.08773097641854832,0.046222493059999356,0.05849746582408495,60.04362673830839,60.022137950327114,22.07532501220703,28.43939971923828,21.965603510538738,28.2980473836263,21.673945987035356,27.925825240120055,,,-0.097000122070312
2021-03-12,,,,,,,28.639999389648438,28.743000030517578,28.569999694824220,28.743000030517578,1100,,,,,22.310985565185547,,,0.115508568646958,0.12217407072061226,0.11732426181611223,,,,,,,,,,,,,22.171529403697864,28.563339406402037,21.99238690573119,28.33277071578218,21.71328099948017,27.98348562213492,,,,,,,0.00006950514689260633,0.08809714209437303,0.11282856340164216,0.05459742286687409,0.0693636853395964,60.07633382606083,60.054900572955646,22.150307846069335,28.53599967956543,21.983530589512416,28.3211426507859,21.694048351711697,27.950555407811724,,,0.103000640869140
2021-03-15,,,,,,,28.500000000000000,28.599000930786133,28.500000000000000,28.599000930786133,400,,,,,22.199207305908203,,,0.12586250293105208,0.1238168329937513,0.11735783967054306,,,,,,,,,,,,,22.180755371101313,28.575226581196738,22.011188760292736,28.35697346260072,21.728466196556045,28.00272047553027,,,,,,,-0.005022602107452247,0.09340726927677068,0.11971901176136512,0.06235939214885341,0.07943475062395014,56.48690775408358,56.468147146075076,22.176543045043946,28.5697998046875,21.99491509937105,28.3358093443371,21.71018918355306,27.970174456399583,,,0.099000930786133
2021-03-16,,,,,,,28.760000228881836,28.770000457763672,28.680999755859375,28.680999755859375,42200,,,,,22.262857437133790,,,0.10014450819191026,0.12382613552002826,0.11740834295214604,,,,,,,,,,,,,22.20812272644547,28.61048430608428,22.03406773091465,28.386430398351507,21.7451659228241,28.023916703040555,,,,,,,0.002863122757536221,0.10158065837183727,0.13029440878110776,0.07020364539345018,0.08960668225538167,58.024851591222905,58.00619836458393,22.248110580444337,28.661999893188476,22.006373450869607,28.35057122366769,21.727487806289915,27.99128556629968,,,-0.079000473022461
2021-03-17,,,,,,,28.798000335693360,28.798000335693360,28.798000335693360,28.798000335693360,400,,,,,22.353677749633790,,,0.07139216667526967,0.1231712621180605,0.11694280809906633,,,,,,,,,,,,,22.256641067508244,28.67298964928731,22.063123187161846,28.423845847200766,21.764181917411904,28.048106816560956,,,,,,,0.004071156021422629,0.11407162167000351,0.14642851926731026,0.07897724064876084,0.10097104965776739,60.18713365847192,60.168684649700126,22.28723258972168,28.712400054931642,22.01631655011858,28.363380795433407,21.747977604941717,28.017682393391926,,,0E-15
2021-03-18,,,,,,,28.663999557495117,28.663999557495117,28.663999557495117,28.663999557495117,100,,,,,22.249662399291992,,,0.06655790566002386,0.12357023432610739,0.11343093134769593,,,,,,,,,,,,,22.254314844769493,28.669992952023243,22.080081297355495,28.44567800268207,21.779353182470658,28.067353464715147,,,,,,,-0.004664024647003952,0.1142605066008997,0.14671098227894674,0.08603389383918862,0.11011903618200325,56.591538906832085,56.57533643734128,22.275278091430664,28.697000122070314,22.025335584368026,28.37499981834775,21.761456777179053,28.03504747057718,,,0E-15
2021-03-19,,,,,,,28.690000534057617,28.690000534057617,28.638000488281250,28.638000488281250,200,,,,,22.229480743408203,,,0.06635852277889202,0.1234830128324999,0.11188712718558501,,,,,,,,,,,,,22.246036810982396,28.65932879744258,22.09366306517847,28.46316186500927,21.793419668749955,28.08518618420159,,,,,,,-0.0009074660995153738,0.11149644667169056,0.14318636535899287,0.091126404405689,0.11673250201740118,55.89382885234501,55.87805955584627,22.258977127075195,28.67600021362305,22.034908839634486,28.387333188738143,21.77756030975826,28.05579352000403,,,-0.052000045776367
2021-03-22,,,,,,,28.954999923706055,28.954999923706055,28.954999923706055,28.954999923706055,100,,,,,22.475545883178710,,,0.09321652030537339,0.12868649382895955,0.11240516794991007,,,,,,,,,,,,,22.322539835047834,28.757885839530406,22.128379684996673,28.507874415799886,21.814736112950854,28.112367863561104,,,,,,,0.011008499192420015,0.12768938583509737,0.16408086415520629,0.09843900069157067,0.1262021744449622,62.039062316988804,62.02380955226236,22.3142448425293,28.74720001220703,22.05690184093657,28.41566648937407,21.79435381813655,28.077428454444522,,,0E-15
2021-03-23,,,,,,,28.711999893188477,28.711999893188477,28.711999893188477,28.711999893188477,100,,,,,22.286922454833984,,,0.12067036834011531,0.13249617193500263,0.11387623661128496,,,,,,,,,,,,,22.31066737497655,28.742590524083095,22.142792664072793,28.526431277380667,21.8294919361347,28.13110636448696,,,,,,,-0.008427799082836161,0.12387412866399217,0.15919671275306158,0.10352602628605498,0.13280108210658206,55.639470913160764,55.62732990047742,22.319057846069335,28.75340003967285,22.06688181559245,28.428523654029483,21.808325812930153,28.095428466796875,,,0E-15
2021-03-24,,,,,,,28.690000534057617,28.690000534057617,28.618000030517578,28.618000030517578,200,,,,,22.213958740234375,,,0.11710666877757335,0.13032346861880253,0.11153017387813338,,,,,,,,,,,,,22.278431163395826,28.701060359561257,22.149262307360207,28.53475570948402,21.841506523762817,28.146321791550417,,,,,,,-0.0032792060751561736,0.1136528288192693,0.14605732631035906,0.10555138679269783,0.13545233094733747,53.34705479105605,53.33589387064069,22.291114044189452,28.717399978637694,22.08092771257673,28.446618852161226,21.82498383900476,28.11688877287365,,,-0.072000503540039
2021-03-25,,,,,,,28.735000610351562,28.735000610351562,28.735000610351562,28.735000610351562,100,,,,,22.304775238037110,,,0.11751780955281602,0.1308647880550743,0.11054961079594294,,,,,,,,,,,,,22.287212521609586,28.712373776491358,22.163399846512654,28.55295979138107,21.855983671083887,28.16471800463795,,,,,,,0.0040799284105092004,0.11159411989020995,0.1434318438555664,0.10675993341220026,0.13704823352898327,55.78871964684405,55.777674149159466,22.302136611938476,28.731600189208983,22.09815243312291,28.468809400285995,21.84547363765656,28.143285599965896,,,0E-15
2021-03-26,,,,,,,28.940000534057617,28.940000534057617,28.940000534057617,28.940000534057617,100,,,,,22.463905334472656,,,0.12503182244033736,0.11659492197880195,0.11095816555351683,,,,,,,,,,,,,22.346110125897276,28.78824936234678,22.19071852723629,28.588145313442574,21.874981223064786,28.188945583682315,,,,,,,0.007109021958161539,0.12140358218406888,0.15609356127231422,0.10968866316657398,0.14085729907764946,59.76255310493728,59.751623822085925,22.34902153015137,28.792000198364256,22.13992082504999,28.522618974958146,21.866850686451745,28.1708252921937,,,0E-15
2021-03-29,,,,,,,28.690000534057617,28.750000000000000,28.590000152587890,28.638999938964844,700,,,,,22.230257034301758,,,0.1214682768032635,0.12281648120444802,0.11328844813700129,,,,,,,,,,,,,22.30749242869877,28.7384995545528,22.194312936969514,28.59276846121733,21.886083592165942,28.203009782284894,,,,,,,-0.010455523329226156,0.10906693089429353,0.14022342275926292,0.1095643167121179,0.14073052381397214,52.325739031039426,52.31755525733462,22.299963760375977,28.728800201416014,22.163909730457124,28.553523744855607,21.88439575074211,28.193428463406033,,,-0.051000595092773
2021-03-30,,,,,,,28.575000762939453,28.575000762939453,28.575000762939453,28.575000762939453,100,,,,,22.180582046508790,,,0.10873878991923343,0.10935503068001508,0.11313305212277928,,,,,,,,,,,,,22.265188967968776,28.68399995734835,22.193064674200357,28.591153215919338,21.895286668864156,28.21463450043035,,,,,,,-0.002237066875452924,0.09419585828327115,0.12108621845488798,0.10649062502634854,0.1368016627421553,50.87619234139166,50.86839441083699,22.27869567871094,28.701400375366212,22.16816066560291,28.55900001525879,21.902298215835813,28.216491971697128,,,0E-15
2021-03-31,,,,,,,28.819999694824220,28.965999603271484,28.819999694824220,28.965999603271484,500,,,,,22.484085083007812,,,0.14570641397705422,0.11420736970073105,0.11584851493346006,,,,,,,,,,,,,22.338154339648455,28.777999839322728,22.219521075001037,28.625230160224078,21.913686619306144,28.238114659894137,,,,,,,0.013590505760126935,0.10568234438244062,0.1359035730753213,0.10632896889756696,0.1366220448087885,58.449757337623,58.442101401102754,22.332720947265624,28.77100028991699,22.19547635033017,28.594190506708053,21.923773750426278,28.244158638848198,,,0.145999908447264
2021-04-01,,,,,,,29.214000701904297,29.214000701904297,29.214000701904297,29.214000701904297,100,,,,,22.676588058471680,,,0.1521760661970451,0.1134431339514925,0.11668814342383993,,,,,,,,,,,,,22.4509655792562,28.92333346018325,22.261072618952912,28.67875475492228,21.93752728928007,28.268611098706952,,,,,,,0.008525299912938903,0.12883373359250072,0.16574741635178114,0.11082992183655371,0.14244711911738703,62.408498419394064,62.40110125734152,22.40708351135254,28.86680030822754,22.238501412527903,28.64961914789109,21.948871612548828,28.276491982596262,,,0E-15
2021-04-05,,,,,,,29.395000457763672,29.395000457763672,29.395000457763672,29.395000457763672,100,,,,,22.817083358764650,,,0.15084623758907326,0.1129075136679674,0.11673415225894547,,,,,,,,,,,,,22.57300483909235,29.080555792710058,22.31161904984489,28.743868000635135,21.965013416451463,28.303810766177477,,,,,,,0.006176496315352165,0.1567116979987624,0.2016792123622686,0.12000627706899546,0.15429353776636334,65.02740734933813,65.02023604604551,22.477719116210938,28.95780029296875,22.2912475949242,28.7175715310233,21.974215946500262,28.309142793927872,,,0E-15
2021-04-06,,,,,,,29.459999084472656,29.610000610351562,29.409999847412110,29.485000610351562,5700,,,,,22.886943817138672,,,0.09404105257421329,0.10914236388250712,0.11490789669513979,,,,,,,,,,,,,22.67765116510779,29.215370731923894,22.36392130141705,28.81124369242754,21.993823741472937,28.340722948807915,,,,,,,0.003057083460649628,0.18234043376571663,0.23471206514260246,0.13247310840833967,0.17037724324161116,66.28519043722612,66.27813079440801,22.60905647277832,29.127000427246095,22.33652723403204,28.775904882521857,22.003724779401505,28.347158674209837,,,0.025001525878906
2021-04-07,,,,,,,29.610000610351562,29.610000610351562,29.610000610351562,29.610000610351562,100,,,,,22.983970642089844,,,0.06621273449787474,0.1085008009262086,0.11047592218878884,,,,,,,,,,,,,22.77975765743514,29.346914024733117,22.420289423296396,28.88385795769336,22.024765832117215,28.380387875731156,,,,,,,0.004230435377146152,0.20808200555911327,0.2678892339574759,0.1475948878384944,0.1898796413847841,68.00622081891856,67.99935562860719,22.769734191894532,29.334000396728516,22.380143392653693,28.832095373244513,22.028982828533838,28.379698374914746,,,0E-15
2021-04-08,,,,,,,29.916000366210938,29.916000366210938,29.916000366210938,29.916000366210938,100,,,,,23.221498489379883,,,0.04729168544500572,0.10658465517953863,0.1111927501051958,,,,,,,,,,,,,22.927004601416723,29.53660947189239,22.493126611122168,28.977689085740412,22.062163727656674,28.428375766058647,,,,,,,0.01028146425711423,0.24482668916329686,0.3152401104598219,0.1670412481034549,0.21495173519979166,71.80117267311225,71.79470962713307,22.917216873168947,29.524000549316405,22.442832855951217,28.91285732814244,22.05978532821413,28.419380914597284,,,0E-15
2021-04-09,,,,,,,30.041000366210938,30.041000366210938,30.041000366210938,30.041000366210938,100,,,,,23.318525314331055,,,0.045343295456322576,0.1019675300670718,0.11038403411779246,,,,,,,,,,,,,23.0575115057215,29.70473976999857,22.56816285686843,29.074353747601368,22.101425027240246,28.478770284813407,,,,,,,0.0041696139191276325,0.2785652428189387,0.35871740560599363,0.18934604704655167,0.24370486928103208,73.19961246186554,73.19336122113702,23.04560432434082,29.689400482177735,22.498092742193315,28.98404784429641,22.094050059242853,28.463523773919967,,,0E-15
2021-04-12,,,,,,,30.023000717163086,30.023000717163086,30.023000717163086,30.023000717163086,100,,,,,23.304553985595703,,,0.062155345123070714,0.10118658904366881,0.11020256619950801,,,,,,,,,,,,,23.1398589990129,29.810826752386745,22.635107504934545,29.160594381197885,22.139022807188855,28.527027485824334,,,,,,,-0.0005993310336145137,0.3007095279455356,0.38725699640209754,0.21161874322634844,0.27241529470524517,72.64098150038843,72.63481066816334,23.143098449707033,29.815000534057617,22.545479365757533,29.045095534551713,22.126318825615776,28.50509522453187,,,0E-15
2021-04-13,,,,,,,29.889999389648438,29.889999389648438,29.889999389648438,29.889999389648438,100,,,,,23.201313018798828,,,0.08832868312971466,0.1034939175871676,0.11026192398630104,,,,,,,,,,,,,23.160343672274877,29.837217631473976,22.68658073346766,29.226903927420665,22.172219376301666,28.569620357818838,,,,,,,-0.004439918790681564,0.3063964032381854,0.3945940970086781,0.23057427522871585,0.29685105516593174,68.48195754923677,68.47657186749367,23.205972290039064,29.89600028991699,22.58787591116769,29.099714551653182,22.154620094904825,28.541555525764586,,,0E-15
2021-04-14,,,,,,,29.950000762939453,29.950000762939453,29.836000442504883,29.836000442504883,200,,,,,23.159399032592773,,,0.09217903501959947,0.10137650998376009,0.11009187056224079,,,,,,,,,,,,,23.160028792380842,29.83681190181761,22.72956421520631,29.282276337882866,22.203068740560763,28.609194735465277,,,,,,,-0.0018081688469028336,0.3040166695594273,0.3915381305094101,0.24526275409485812,0.3157884702346274,66.80955852140148,66.8043895853451,23.24105796813965,29.941200256347656,22.6335993267241,29.158619290306454,22.180383318946475,28.574745995657786,,,-0.114000320434570
2021-04-15,,,,,,,30.077999114990234,30.077999114990234,30.077999114990234,30.077999114990234,400,,,,,23.347244262695312,,,0.0794330205792092,0.10351254577602928,0.11093203381786232,,,,,,,,,,,,,23.222433949152332,29.917207639541818,22.785716946796217,29.354614772165355,22.238824225627468,28.65509487232543,,,,,,,0.008078254560126926,0.31367243310066684,0.40398661917109635,0.2589446898960199,0.3334281000219212,70.30911330714952,70.30423238681857,23.266207122802733,29.973600006103517,22.68523679460798,29.225143069312686,22.20827802022298,28.61068250262548,,,0E-15
2021-04-16,,,,,,,30.152000427246094,30.152000427246094,30.152000427246094,30.152000427246094,100,,,,,23.404685974121094,,,0.07609736359155292,0.10330844837719594,0.11093542606552428,,,,,,,,,,,,,23.28318462414192,29.99547190210991,22.841986858371207,29.427104377172693,22.275257405267894,28.701873170916702,,,,,,,0.0024572991976629503,0.32224512017006646,0.41503911104700464,0.2716047759508292,0.34975030222693787,71.30546096146468,71.30067143052626,23.283439254760744,29.995800018310547,22.73528480529785,29.28961926414853,22.237035236661395,28.647730115860227,,,0E-15
2021-04-19,,,,,,,29.997999191284180,29.997999191284180,29.997999191284180,29.997999191284180,100,,,,,23.285144805908203,,,0.08707902264915388,0.10370141944711574,0.11118178543156125,,,,,,,,,,,,,23.283838018064014,29.996314331834668,22.882273944510935,29.479003905728284,22.306816386537903,28.742377109053187,,,,,,,-0.005120662355158688,0.315753256219768,0.40668368145940903,0.28043447200461696,0.36113697807343215,66.3178456142817,66.31378512836675,23.27955741882324,29.990799713134766,22.784593491327193,29.353143056233723,22.26525034223284,28.684079306466238,,,0E-15
2021-04-20,,,,,,,30.209999084472656,30.209999084472656,30.204999923706055,30.204999923706055,400,,,,,23.445823669433594,,,0.08912959912447499,0.10429857656510491,0.10969551583572996,,,,,,,,,,,,,23.337833235187208,30.065876195791795,22.93350573768572,29.545003543726263,22.342410364128394,28.788084072011088,,,,,,,0.006876788646966281,0.3198863974377133,0.41201571178814334,0.28832485709123623,0.37131272481637434,69.41462268314436,69.41075489473273,23.328459548950196,30.05379981994629,22.84251458304269,29.42776207696824,22.291949923076327,28.718476128956627,,,-0.004999160766601
2021-04-21,,,,,,,30.450000762939453,30.569999694824220,30.440000534057617,30.569999694824220,300,,,,,23.729146957397460,,,0.1037804816679142,0.10537764916308061,0.11080263235720876,,,,,,,,,,,,,23.468271142590623,30.233917362135937,23.005836757659516,29.638185012007895,22.385745882668054,28.843768935224,,,,,,,0.012011738035023162,0.34208047238977457,0.44061468353901745,0.2990759801509439,0.385173116560903,73.96079600787866,73.95725230448593,23.442409133911134,30.200599670410156,22.902209872291202,29.504666827973864,22.320115770612443,28.754761832101003,,,0.119998931884767
2021-04-22,,,,,,,30.430000305175780,30.430000305175780,30.298999786376953,30.298999786376953,200,,,,,23.518791198730470,,,0.13572497480449322,0.10601620503057634,0.11201190402062322,,,,,,,,,,,,,23.485111161303905,30.25561150354961,23.052468979575057,29.698259082405084,22.421153548795004,28.889244899322527,,,,,,,-0.008904394848511675,0.3387901233287529,0.4363818090683971,0.30701880878650567,0.3954148550624018,66.10446525325911,66.10161386021677,23.476718521118165,30.2447998046875,22.960870288667223,29.58023825145903,22.346606027512323,28.788888810172914,,,-0.131000518798827
2021-04-23,,,,,,,30.409999847412110,30.483999252319336,30.409999847412110,30.483999252319336,100,,,,,23.662389755249023,,,0.139783927979046,0.1044676575961602,0.11216170790054907,,,,,,,,,,,,,23.54420402595228,30.331740753139517,23.107916322818145,29.769690006942742,22.459942180246692,28.939080972853677,,,,,,,0.006087130377540082,0.3438065139197022,0.4428502345119618,0.314376349813145,0.4049019309523138,68.55965906771385,68.55695232406579,23.52825927734375,30.311199569702147,23.029843194144114,29.669095357259113,22.376299661303324,28.82714277600485,,,0.073999404907226
2021-04-26,,,,,,,30.600000381469727,30.600000381469727,30.600000381469727,30.600000381469727,100,,,,,23.752433776855470,,,0.12382643094124116,0.10443577872270156,0.11169182878854342,,,,,,,,,,,,,23.613613942920008,30.421160629249588,23.16650881863972,29.845172768263378,22.500332542640717,28.99098470437293,,,,,,,0.0037981425700138517,0.35100171039210437,0.45212501421323026,0.32170142192893686,0.4143465476044971,70.02581501764094,70.0231572037574,23.621717071533205,30.431599807739257,23.098779315040225,29.757904870169504,22.405007589431037,28.864126901777965,,,0E-15
2021-04-27,,,,,,,30.708999633789062,30.708999633789062,30.708999633789062,30.708999633789062,100,,,,,23.837039947509766,,,0.12113684374366697,0.1033920388195287,0.1117051766175643,,,,,,,,,,,,,23.688089277783263,30.51710696409608,23.227466193991543,29.923702483311168,22.542104649042873,29.044672670917183,,,,,,,0.003555671167222088,0.3593881632885747,0.46293425474296157,0.32923877020086445,0.42406408903219,71.37648047285508,71.37391644231381,23.69996032714844,30.53239974975586,23.164166677565802,29.84214292253767,22.433875674293155,28.90131738450792,,,0E-15
2021-04-28,,,,,,,31.309999465942383,31.309999465942383,31.209999084472656,31.209999084472656,200,,,,,24.225929260253906,,,0.14186071456106683,0.10143923047534253,0.11445546870523945,,,,,,,,,,,,,23.86736927194014,30.748071004221604,23.318235563651758,30.04063853796221,22.59472416814322,29.112339121340792,,,,,,,0.016182845384871372,0.39288566371653033,0.5060931970388189,0.3419681489039976,0.44046991063351576,76.59667439642523,76.5943952506879,23.799316787719725,30.660399627685546,23.259198688325426,29.964571453276136,22.471208299909318,28.949412603226918,,,-0.100000381469727
2021-04-29,,,,,,,31.127000808715820,31.127000808715820,31.127000808715820,31.127000808715820,100,,,,,24.161504745483400,,,0.10874873659689507,0.10178420016646945,0.10894432799735515,,,,,,,,,,,,,23.965414429787895,30.874380939053008,23.394896398363723,30.139398744394356,22.6436860611851,29.17529729907126,,,,,,,-0.0026628629586565875,0.40951353707620797,0.5275187942525328,0.35547722653843966,0.45787968735731915,74.1830046087269,74.18084318507321,23.927859497070312,30.82599983215332,23.35352834065755,30.08609526497977,22.500741746690537,28.987460242377388,,,0E-15
2021-04-30,,,,,,,30.950000762939453,30.950000762939453,30.879999160766600,30.937999725341797,3900,,,,,24.014795303344727,,,0.1350336144421154,0.10143011610343625,0.10850326202079812,,,,,,,,,,,,,23.981874720973504,30.895587201149272,23.451250844271087,30.211998833571396,22.686533225002588,29.230381749892217,,,,,,,-0.0060905422583989455,0.40617093492727463,0.5232166111251502,0.3656159682162067,0.4709470721108854,68.86148215435708,68.85970263841128,23.998340606689453,30.91679992675781,23.42641930353074,30.180000032697404,22.530607829018244,29.025936429462735,,,-0.012001037597656
2021-05-03,,,,,,,31.500000000000000,31.500000000000000,31.299999237060547,31.329000473022460,500,,,,,24.318296432495117,,,0.1517603423508162,0.10502894974910355,0.11080348701002524,,,,,,,,,,,,,24.09401529148071,31.04005829177367,23.530073170473273,30.31354443715786,22.73752582523673,29.295963584990037,,,,,,,0.012558895258062633,0.4231342747721314,0.5450743152007256,0.37711962952739164,0.4857725207288534,73.1521757717942,73.1505778590216,24.111513137817383,31.06259994506836,23.50459589276995,30.280714307512557,22.5644659012083,29.0695554945204,,,-0.170999526977540
2021-05-04,,,,,,,31.500000000000000,31.500000000000000,31.246999740600586,31.246999740600586,600,,,,,24.254648208618164,,,0.16078324824578086,0.10643484015026482,0.11077007807357117,,,,,,,,,,,,,24.147559597193194,31.109038774715973,23.595943628486445,30.398404010198107,22.7849358997174,29.356933464852865,,,,,,,-0.002620728917152929,0.42652524653763635,0.5494462549504924,0.3870007529294406,0.4985072675731812,70.9443833079623,70.94279551992402,24.195034790039063,31.170199966430665,23.57305136181059,30.36890474955241,22.598311711871435,29.11315866500612,,,-0.253000259399414
2021-05-05,,,,,,,31.629999160766600,33.840000152587890,31.520000457763672,31.809999465942383,70300,,,,,24.691661834716797,,,0.1693341352946638,0.11837229485664313,0.1129451399635009,,,,,,,,,,,,,24.32892700970106,31.34269233845811,23.695554374507385,30.52673086981122,22.84452108518613,29.433591777386916,,,,,,,0.01785733137859667,0.4591827900707557,0.5915217270899653,0.4014371603577036,0.517110159476538,76.2455289468465,76.24412363617084,24.28818130493164,31.29020004272461,23.6589903150286,30.47961898077102,22.64266734653049,29.170301528204057,,,0.180000305175783
2021-05-06,,,,,,,31.979999542236328,32.099998474121094,31.780000686645508,31.780000686645508,6300,,,,,24.668375015258790,,,0.16559328929914033,0.119385506278506,0.1129509307205795,,,,,,,,,,,,,24.44207634488697,31.48846178785391,23.783992614575695,30.64066448952343,22.901516520500902,29.506917055801246,,,,,,,-0.0009435495867414039,0.4776786942488229,0.6153527872315117,0.41668546713592747,0.5367586850275328,75.4555226536791,75.4541833523995,24.389555358886717,31.420800018310548,23.739200047084264,30.582952317737398,22.686961340525794,29.227365039643786,,,-0.199998855590820
2021-05-07,,,,,,,31.829999923706055,32.250000000000000,31.829999923706055,32.169998168945310,4400,,,,,24.971099853515625,,,0.14378750664385614,0.1209573502792986,0.11477780886509169,,,,,,,,,,,,,24.618417514429854,31.715640581551042,23.891911454479324,30.779694824016328,22.96619099965761,29.590138340586996,,,,,,,0.012197090805427802,0.5108751453689493,0.6581221886400392,0.4355234027825318,0.5610313857500341,78.56484257724102,78.56362326957264,24.5808162689209,31.66719970703125,23.822514397757395,30.690285546439036,22.73486540052626,29.289079302833194,,,0.339998245239255
2021-05-10,,,,,,,32.049999237060550,32.049999237060550,31.781999588012695,31.781999588012695,800,,,,,24.669929504394530,,,0.19138961322482992,0.13239516233476822,0.11811160559273658,,,,,,,,,,,,,24.635588177751416,31.737760250371593,23.96264036810798,30.87081343892509,23.01943282793064,29.65863400456905,,,,,,,-0.012134077325277135,0.507036836825268,0.6531795572060553,0.44982608959107906,0.5794610200412383,69.17592672064671,69.17490566544649,24.651142883300782,31.757799530029295,23.886866978236608,30.773190271286737,22.77825997367738,29.34498405456543,,,-0.267999649047855
2021-05-11,,,,,,,31.943000793457030,31.943000793457030,31.943000793457030,31.943000793457030,100,,,,,24.794900894165040,,,0.18516948200568503,0.13207714579497962,0.11828368754036545,,,,,,,,,,,,,24.688692416555956,31.806173764733405,24.03830041593135,30.968285016609812,23.074916205000466,29.7300204667218,,,,,,,0.0050529499308523155,0.5082206451351254,0.6547068844974291,0.4615050006998883,0.5945101929324764,70.73859039366741,70.73761486158084,24.759193420410156,31.896999740600585,23.95783587864467,30.864618846348353,22.822972918313646,29.40258725484212,,,0E-15
2021-05-12,,,,,,,31.670000076293945,31.760000228881836,31.645999908447266,31.645999908447266,3700,,,,,24.564361572265625,,,0.15960486202498886,0.13654912779847186,0.12016999911589654,,,,,,,,,,,,,24.64724880179251,31.75278247930469,24.086124157416283,31.029895461322305,23.121461372727502,29.78989482427572,,,,,,,-0.009341346964960417,0.48496584083737204,0.6247500830355008,0.4661971687273851,0.6005581709530813,64.26603075671906,64.26524644517399,24.73373336791992,31.864199829101562,24.02274295261928,30.948237918672106,22.864716484433128,29.456365040370397,,,-0.024000167846679
2021-05-13,,,,,,,31.766000747680664,31.766000747680664,31.766000747680664,31.766000747680664,600,,,,,24.657508850097656,,,0.16326138103624183,0.13558408118626003,0.12022822570461336,,,,,,,,,,,,,24.65066881789423,31.75718856876335,24.138068220387318,31.09681412371852,23.169462856395317,29.851648134382124,,,,,,,0.003784796807795402,0.46865014064951893,0.6037327119938034,0.4666877631118118,0.6011930791612258,65.6342488814459,65.63347806472883,24.731560134887694,31.861399841308593,24.09408151535761,31.04014269510905,22.90753198048425,29.511523776584202,,,0E-15
2021-05-14,,,,,,,31.809999465942383,32.080001831054690,31.809999465942383,32.050998687744140,1900,,,,,24.878730773925780,,,0.14878562817787902,0.13601962895059222,0.12104939578344537,,,,,,,,,,,,,24.726689469904745,31.85512527509028,24.205401179799903,31.18355817499358,23.222877478818145,29.920377839174687,,,,,,,0.008931779892916663,0.4681737752732502,0.6031208442939011,0.4669849655440995,0.6015786321877609,68.69951270379603,68.69877330113286,24.713086318969726,31.83759994506836,24.167009444463822,31.13409505571638,22.95287322998047,29.569936449565585,,,0.240999221801757
2021-05-17,,,,,,,32.200000762939450,32.200000762939450,32.095001220703125,32.095001220703125,200,,,,,24.912887573242188,,,0.10928308464847358,0.1361286627063087,0.12083016100846945,,,,,,,,,,,,,24.788755504350558,31.935083923627896,24.269718124658294,31.266416633694444,23.275690294268898,29.988334819847452,,,,,,,0.0013719901384282615,0.4651899997783602,0.599278462322971,0.46662597239095166,0.6011185982148028,69.15695150755599,69.15620387820846,24.761677932739257,31.900200271606444,24.23882856823149,31.226618903023855,22.996809974549308,29.62653965420193,,,-0.104999542236325
2021-05-18,,,,,,,32.000000000000000,32.000000000000000,31.936000823974610,31.936000823974610,200,,,,,24.789468765258790,,,0.11444498938046373,0.13601403337105794,0.1210695246084854,,,,,,,,,,,,,24.788993257986636,31.9353895570768,24.3169681828947,31.327287923719915,23.32299587148733,30.049199382476424,,,,,,,-0.004966326377511005,0.447705598400173,0.5767548725802456,0.4628418975927959,0.5962458530878914,65.43572841370687,65.43503494161685,24.760591506958008,31.89880027770996,24.310463042486283,31.318904695056734,23.040130706060502,29.682349189879403,,,-0.063999176025390
2021-05-19,,,,,,,31.899999618530273,32.022998809814450,31.870000839233400,31.899999618530273,43900,,,,,24.761522293090820,,,0.08292013853811449,0.135951818958898,0.12103626717881223,,,,,,,,,,,,,24.77983626968803,31.923592910894623,24.35738219291253,31.379352623248128,23.36794982216244,30.10703688985311,,,,,,,-0.0011279885440926497,0.4266755870232366,0.5496635893266557,0.4556086354788841,0.5869294003356442,64.58824023965413,64.58761051780232,24.80002365112305,31.949600219726562,24.37311535789853,31.39961896623884,23.083512926858567,29.738238077315074,,,0E-15
2021-05-20,,,,,,,32.180000305175780,32.276000976562500,32.130001068115234,32.276000976562500,7600,,,,,25.053382873535156,,,0.11060142875184552,0.13569911395228748,0.12251207196374296,,,,,,,,,,,,,24.871018470970405,32.04106226611725,24.420654982060043,31.46086610991307,23.420619605017837,30.174817017562777,,,,,,,0.011717935388027501,0.42861900803659836,0.5521686627535978,0.4502107099904269,0.579977252819235,69.09062007841621,69.0900329034997,24.879198455810545,32.05160026550293,24.436174211047945,31.48085712251209,23.13176197475857,29.800396813286675,,,0.096000671386720
2021-05-21,,,,,,,32.419998168945310,32.419998168945310,32.085998535156250,32.085998535156250,8900,,,,,24.905900955200195,,,0.11217933616610318,0.13286653618130256,0.1235262950827987,,,,,,,,,,,,,24.882645965713667,32.05604102246358,24.46476825234551,31.517696330389725,23.467034647211037,30.234541439987574,,,,,,,-0.005904101718343791,0.4134921448831754,0.5326819168334289,0.44286699696897663,0.5705181856220738,64.6195972418316,64.61902098033102,24.88463249206543,32.05860023498535,24.502227056594123,31.56595230102539,23.176659720284597,29.858238068837966,,,-0.333999633789060
2021-05-24,,,,,,,31.989999771118164,32.060001373291016,31.870000839233400,31.981000900268555,5200,,,,,24.824394226074220,,,0.11400882986073352,0.13384098885822426,0.12259625824918603,,,,,,,,,,,,,24.863228719167186,32.03102764839857,24.497461522684485,31.559814927651438,23.50945213405051,30.289118298121352,,,,,,,-0.0032779536824066604,0.39042649142947283,0.5029681944054047,0.43237889586107586,0.5570081873787399,62.22309001597363,62.22270367011259,24.866933822631836,32.03580017089844,24.557560602823894,31.637238093784877,23.222777169848246,29.917650767735072,,,-0.008998870849609
2021-05-25,,,,,,,31.840000152587890,31.899999618530273,31.840000152587890,31.889999389648438,4400,,,,,24.753763198852540,,,0.10994992069746928,0.1348696991597,0.1229647358953001,,,,,,,,,,,,,24.826740212395638,31.984018228815195,24.520761675063397,31.58983169692389,23.548336854825575,30.339145832231573,,,,,,,-0.0028492819690976424,0.3622714218349046,0.4666970014062848,0.4183574010558416,0.538945950184249,60.14159128017537,60.14104884555034,24.859792709350586,32.0265998840332,24.605242956252326,31.698666617983864,23.267391568138486,29.97512696281312,,,0.049999237060548
2021-05-26,,,,,,,31.750000000000000,31.750000000000000,31.660999298095703,31.660999298095703,100,,,,,24.576005935668945,,,0.12080817210044313,0.13837910158641178,0.11871940638555332,,,,,,,,,,,,,24.743162120153407,31.8763452519087,24.525783880572995,31.596301478848602,23.58045151360193,30.380453753039827,,,,,,,-0.0072069274067732905,0.321904090795055,0.4146931021360274,0.3990667390036843,0.5140953805746046,55.14211499594591,55.14171808850272,24.82268943786621,31.97879981994629,24.640431812831334,31.7439999353318,23.31483977181571,30.03625394427587,,,-0.089000701904297
2021-05-27,,,,,,,31.450000762939453,31.719999313354492,31.450000762939453,31.719999313354492,22600,,,,,24.621799468994140,,,0.05541179175948483,0.12764916978154134,0.11838350196356483,,,,,,,,,,,,,24.70270790310032,31.824229939057297,24.534512570429463,31.607546736530956,23.612993637207936,30.422314551799662,,,,,,,0.0018616093207273537,0.29026188718812307,0.373930013017457,0.377305768640572,0.4860623070631751,56.1533395382283,56.15302200861797,24.73637275695801,31.867599487304688,24.6592827751523,31.768285660516646,23.36079706464495,30.09546028621613,,,0.269998550415039
2021-05-28,,,,,,,31.670000076293945,31.670000076293945,31.510999679565430,31.510999679565430,300,,,,,24.459571838378906,,,0.05754843898726889,0.12970357577812064,0.11578339720971728,,,,,,,,,,,,,24.621662548193182,31.719819852560008,24.527699776606685,31.59876973135227,23.639449205994527,30.456335962042342,,,,,,,-0.006610582266541345,0.24922192366138418,0.32105947368478027,0.3516889996447345,0.45306174038749614,51.70642602724849,51.70610557827463,24.64710693359375,31.752599716186523,24.67347644624256,31.786571321033296,23.398388484167675,30.14388886709062,,,-0.159000396728515
2021-06-01,,,,,,,31.389999389648438,31.479999542236328,31.372999191284180,31.372999191284180,400,,,,,24.352453231811523,,,0.05767693221972312,0.12873062584052555,0.11470891138908033,,,,,,,,,,,,,24.531926109399294,31.604212965468065,24.511768272534397,31.578245136800625,23.661730581801308,30.48498168795615,,,,,,,-0.004389032348927865,0.20568289617310498,0.26496930307765254,0.3224877789504086,0.4154432529255274,48.9499145566935,48.94962471392984,24.552718734741212,31.63099937438965,24.68955539521717,31.80728558131627,23.437150349692693,30.193825373573908,,,-0.017000198364258
2021-06-02,,,,,,,31.659000396728516,31.659000396728516,31.659000396728516,31.659000396728516,100,,,,,24.574453353881836,,,0.10945079646985219,0.1251917018990371,0.11448708956612705,,,,,,,,,,,,,24.546101857560142,31.622475442554883,24.517466916293255,31.585586524066798,23.690253168428825,30.521669772605286,,,,,,,0.009074828599749908,0.18693656931840508,0.24081933049409443,0.2953775370240079,0.3805184684392408,54.378177720971394,54.37788308036065,24.51685676574707,31.584799575805665,24.70175334385463,31.822999863397506,23.481616883050826,30.25111110626705,,,0E-15
2021-06-03,,,,,,,31.667999267578125,31.667999267578125,31.667999267578125,31.667999267578125,200,,,,,24.581439971923828,,,0.09683857589085834,0.12468299705135918,0.11411381243392102,,,,,,,,,,,,,24.557881229014704,31.637650050895964,24.523282648623308,31.593078591658738,23.718102756038046,30.557492569323188,,,,,,,0.0002842637013116601,0.1706762819761245,0.2198718906118593,0.2704372860144312,0.3483891528737645,54.542000095113785,54.541670252492416,24.517943572998046,31.58619956970215,24.717314856392996,31.843047459920246,23.52720460437593,30.309841246831986,,,0E-15
2021-06-04,,,,,,,31.829999923706055,31.829999923706055,31.804000854492188,31.804000854492188,200,,,,,24.687007904052734,,,0.1011377094316161,0.1089346273542302,0.11293159210209737,,,,,,,,,,,,,24.60092345402738,31.69310031876137,24.538166762753256,31.612253342825415,23.748381041913504,30.596445953234717,,,,,,,0.004285423967740231,0.16441308525982024,0.21180354560767256,0.249232445863509,0.32107203142054613,57.05156060495455,57.05122062443971,24.530985260009764,31.602999877929687,24.71709324064709,31.842761811755953,23.57087026323591,30.366095225016277,,,-0.025999069213867
2021-06-07,,,,,,,31.829999923706055,31.829999923706055,31.829999923706055,31.829999923706055,100,,,,,24.707187652587890,,,0.07954620326418535,0.10891504025278341,0.11263788899852621,,,,,,,,,,,,,24.636344853547552,31.7387335204096,24.553532298192767,31.632048486541837,23.77834374849708,30.634994514811947,,,,,,,0.0008170899204034722,0.15924214942210568,0.20514247688803167,0.23123438657522835,0.29788612051404323,57.534169573506524,57.53386108465764,24.580508422851562,31.66679992675781,24.718941461472284,31.845142727806454,23.612761633736746,30.420063472929456,,,0E-15
2021-06-08,,,,,,,32.069999694824220,32.189998626708984,32.069999694824220,32.102001190185550,4500,,,,,24.918323516845703,,,0.06561610743521483,0.1043988455994384,0.11184680077948808,,,,,,,,,,,,,24.7303377413136,31.85982274366825,24.586695136252125,31.674771459600354,23.81396811625797,30.680838473417374,,,,,,,0.00850921766862345,0.17021886807212994,0.21928399157741296,0.21903128287460866,0.28216569472671715,62.306645372411815,62.3062912377455,24.6936824798584,31.812600326538085,24.71642830258324,31.84190477643694,23.660591852097284,30.48168255033947,,,0.032001495361330
2021-06-09,,,,,,,32.013999938964844,32.013999938964844,32.013999938964844,32.013999938964844,100,,,,,24.850011825561523,,,0.06836554003468051,0.09544552560908413,0.11057908289599094,,,,,,,,,,,,,24.770229102729576,31.91121514210045,24.610633017098433,31.705610412269856,23.84634448217371,30.72249976921573,,,,,,,-0.002745188631055329,0.17142967946959686,0.22084452017881162,0.2095109621936063,0.2699014598171361,59.95877260531677,59.95854842665387,24.748794174194337,31.88360023498535,24.72500365121024,31.85295241219657,23.703321123880052,30.53673017592657,,,0E-15
2021-06-10,,,,,,,31.799999237060547,31.799999237060547,31.597999572753906,31.597999572753906,700,,,,,24.914667129516600,,,0.0661540843051312,0.09429222134175527,0.11012685855709498,,,,,,,,,,,,,24.818375111658582,31.806809952318268,24.638272481863723,31.695827608677497,23.879729564903176,30.7498591380763,,,,,,,0.0025984429797011464,0.1755823943618111,0.18636519548012842,0.20272524862724725,0.25319420694973455,61.439833427213394,50.308126303441476,24.81543960571289,31.869600296020508,24.7307068052746,31.836523782639276,23.744674016558935,30.58207938784645,,,-0.201999664306641
2021-06-11,,,,,,,31.659999847412110,31.659999847412110,31.590000152587890,31.628999710083008,4000,,,,,24.939111709594727,,,0.06529715881078105,0.08763585243820968,0.11008531048053129,,,,,,,,,,,,,24.858620644303965,31.74753987157318,24.66562150256654,31.689752345168905,23.912835256924787,30.77733228095151,,,,,,,0.0009806511203891725,0.17878500194044378,0.15970060508456285,0.19793719928988657,0.2344954865767002,62.01193843877115,50.94179383134838,24.865860366821288,31.834600067138673,24.748552049909318,31.835714249383834,23.78639030456543,30.62788890656971,,,-0.031000137329102
2021-06-14,,,,,,,31.774000167846680,31.774000167846680,31.774000167846680,31.774000167846680,100,,,,,25.053442001342773,,,0.06633202860555609,0.0880252241016223,0.10935009051331576,,,,,,,,,,,,,24.923561096650236,31.756359970331015,24.700877911546197,31.697411238139612,23.948479217687847,30.80847815241698,,,,,,,0.004573900814520265,0.1883770966564171,0.14855658240155734,0.19602517876319267,0.21730770574167163,64.65342045750549,53.90281123122881,24.935111236572265,31.8234001159668,24.76740600949242,31.836095174153645,23.831695617191375,30.678285719856383,,,0E-15
2021-06-15,,,,,,,31.850000381469727,31.850000381469727,31.745000839233400,31.745000839233400,100,,,,,25.030578613281250,,,0.04557057308581708,0.08296863756929766,0.10947842627951493,,,,,,,,,,,,,24.959233602193905,31.752573593298475,24.730850702613022,31.701737565511774,23.982294823800142,30.837744486379997,,,,,,,-0.0009130013672679413,0.19192166302264013,0.13581922123743695,0.19520447561508217,0.2010100088408247,63.699525220489505,53.21108434235983,24.957562255859376,31.752000045776366,24.774636858985538,31.821523848034087,23.875627699352446,30.726920657687717,,,-0.104999542236327
2021-06-16,,,,,,,31.771999359130860,31.771999359130860,31.771999359130860,31.771999359130860,100,,,,,25.051864624023438,,,0.03282278968840653,0.08290252869794103,0.10940351652613019,,,,,,,,,,,,,24.990110609470417,31.759048848575937,24.760033786377605,31.70812500129533,24.01571888005712,30.866939951153462,,,,,,,0.0008500388818108726,0.19420963282150794,0.12644573790993618,0.19500550705636732,0.186097154654647,64.2286797480488,53.805445907331055,24.997932815551756,31.70359992980957,24.781254813784646,31.806142807006836,23.918456062437997,30.774126991393075,,,0E-15
2021-06-17,,,,,,,31.971000671386720,31.971000671386720,31.971000671386720,31.971000671386720,100,,,,,25.208774566650390,,,0.04687692375478019,0.0830845607880297,0.10895459811172174,,,,,,,,,,,,,25.062998595197076,31.829699456179533,24.80082840276604,31.732022789485455,24.05300187026316,30.90144184866075,,,,,,,0.006243870150735006,0.20630601902366408,0.13353561220185028,0.19726560944982668,0.17558484616408765,67.93882196170675,58.03677905586504,25.056754302978515,31.778200149536133,24.801221756708053,31.807809466407413,23.96542609684051,30.826619072565958,,,0E-15
2021-06-18,,,,,,,31.870000839233400,31.930000305175780,31.870000839233400,31.870000839233400,10400,,,,,25.129137039184570,,,0.06145637138998271,0.08397413197834429,0.10929080357153595,,,,,,,,,,,,,25.085044743192906,31.843133250530823,24.83067464244045,31.74456624855345,24.086631094291953,30.931709317116145,,,,,,,-0.003164119899584058,0.20707932774291038,0.12951161699152536,0.19922835310844342,0.1663702003295752,64.29398648415304,55.26969164934431,25.094759368896483,31.826400375366212,24.818727220807755,31.80638095310756,24.01145238724966,30.877920665438214,,,0E-15
2021-06-21,,,,,,,32.069999694824220,32.220001220703125,32.069999694824220,32.220001220703125,3000,,,,,25.405109405517578,,,0.09084280469920586,0.08269448011967832,0.10926188436576001,,,,,,,,,,,,,25.191732963967798,31.968755907254923,24.882895984538372,31.787787609657965,24.127833541517752,30.97196843910324,,,,,,,0.010922300391979901,0.22734020764076135,0.1528032566791211,0.204850724014907,0.16365681159948436,70.25027111282135,62.02638313538086,25.165092849731444,31.9156005859375,24.83547610328311,31.803714298066637,24.057953395540753,30.929746082850865,,,0.150001525878905
2021-06-22,,,,,,,32.283000946044920,32.294998168945310,32.283000946044920,32.294998168945310,400,,,,,25.464244842529297,,,0.08526987846844891,0.07930302690327265,0.10720999356864559,,,,,,,,,,,,,25.28257025682163,32.077503327818384,24.935745880719367,31.83389766050227,24.169596394674365,31.013313118160802,,,,,,,0.0023249936833042574,0.2453407015942446,0.1752930072151706,0.21294871953077452,0.16598405072262162,71.3530278022501,63.305450775037535,25.251826095581055,32.025600051879884,24.862063907441637,31.813666661580402,24.10838708423433,30.98661907135494,,,0.011997222900390
2021-06-23,,,,,,,32.219001770019530,32.219001770019530,32.219001770019530,32.219001770019530,100,,,,,25.404321670532227,,,0.09398611685656977,0.078730454323802,0.10703693806892978,,,,,,,,,,,,,25.32315406139183,32.12466947521877,24.978343679793262,31.86890712500384,24.208181559544922,31.050990888531388,,,,,,,-0.0023560011151424623,0.2518675512093864,0.1848531502312163,0.2207324858664969,0.16975787062434056,68.57894662322242,61.06100259032557,25.32231750488281,32.115000534057614,24.889679500034877,31.82500003633045,24.159027765667627,31.043777829124814,,,0E-15
2021-06-24,,,,,,,32.099998474121094,32.192001342773440,32.099998474121094,32.192001342773440,200,,,,,25.383031845092773,,,0.0910110860284554,0.07776180956660567,0.10712474268256411,,,,,,,,,,,,,25.343113322625477,32.14711343107032,25.015133513002308,31.898279326619257,24.244895630968294,31.086647465226452,,,,,,,-0.0008383908675199712,0.2524125606880787,0.18808282192807368,0.22706850083081326,0.17342286088508718,67.57375969631799,60.24377510855707,25.35716896057129,32.15920066833496,24.919644673665363,31.839381081717356,24.207888981652637,31.098650856623575,,,0.092002868652346
2021-06-25,,,,,,,32.252998352050780,32.252998352050780,32.252998352050780,32.252998352050780,100,,,,,25.431127548217773,,,0.081718418361809,0.07151081730518495,0.10663075050033552,,,,,,,,,,,,,25.37245139782291,32.182408404730474,25.05295115256735,31.930526510749395,24.28196537838234,31.123095930439714,,,,,,,0.0018930045507659144,0.25379976026468043,0.19333565579898604,0.2324147527175867,0.17740541986786695,68.69024882541277,61.49746729461142,25.41756706237793,32.235800170898436,24.960364750453405,31.867571512858074,24.25498774695018,31.151238123575848,,,0E-15
2021-06-28,,,,,,,32.349998474121094,32.349998474121094,32.290000915527344,32.349998474121094,2700,,,,,25.507612228393555,,,0.03638868473215823,0.07166679066435401,0.1036113535637064,,,,,,,,,,,,,25.417505008013123,32.238271761194014,25.09428397764246,31.96866032560137,24.32026684244519,31.161436634929757,,,,,,,0.0030030086331078874,0.2580956345878427,0.2029857700704163,0.23755092909163789,0.18252148990837683,70.43369223614118,63.47025711462613,25.438067626953124,32.26179962158203,25.002546310424805,31.897571472894576,24.30700925796751,31.21014286222912,,,0E-15
2021-06-29,,,,,,,32.279998779296875,32.294998168945310,32.279998779296875,32.294998168945310,1300,,,,,25.464244842529297,,,0.037017468639646674,0.06632743896689346,0.10352401078197848,,,,,,,,,,,,,25.43308495285185,32.25718056377778,25.127916783541263,31.998327402269,24.356016154947817,31.19686043286774,,,,,,,-0.001701621201211379,0.2550605807312003,0.20384568402893066,0.24105285941955037,0.1867863287324876,68.11757318517805,61.544685916817116,25.438067626953124,32.26179962158203,25.050387882051012,31.93490473429362,24.359130889650377,31.26919044010223,,,0.014999389648435
2021-06-30,,,,,,,32.090000152587890,32.090000152587890,31.764999389648438,31.764999389648438,300,,,,,25.046344757080078,,,0.12543307372958928,0.09002946767600142,0.1075067668009799,,,,,,,,,,,,,25.30417155426126,32.093120172401335,25.120501144772064,31.97711576475804,24.377588923764453,31.214614775267137,,,,,,,-0.016547406173051563,0.21643925729507885,0.15991727315191184,0.23613013899465607,0.18141251761637245,50.78658478135269,46.80789587440217,25.366472244262695,32.170999145507814,25.08343033563523,31.953571410406205,24.399801678127712,31.31361900813996,,,-0.325000762939452
2021-07-01,,,,,,,31.694999694824220,31.735000610351562,31.694999694824220,31.729999542236328,600,,,,,25.018751144409180,,,0.1251817185374473,0.08581342985507065,0.10674885376608256,,,,,,,,,,,,,25.2090314176439,31.97207996234633,25.111251144739075,31.9546506536197,24.3976252431596,31.230720549234924,,,,,,,-0.0011023095019829364,0.18151264154322533,0.12088599733616334,0.22520663950436992,0.16930721356033063,49.88408529160592,46.02415211130011,25.293616104125977,32.07859878540039,25.10458737327939,31.956952322097052,24.43697886996799,31.35355549766904,,,0.034999847412108
2021-07-02,,,,,,,31.860000610351562,31.913000106811523,31.860000610351562,31.913000106811523,5400,,,,,25.163040161132812,,,0.13691554066232176,0.08743079789858074,0.10667738026204263,,,,,,,,,,,,,25.19370099880687,31.95238667716806,25.115959237138505,31.950864240273503,24.42154445934626,31.252041785409194,,,,,,,0.0057506681450876,0.16359019872365366,0.10352665536872152,0.21288335134822667,0.1561511019220088,54.44300953851228,50.67461736345493,25.239998626708985,32.01059913635254,25.13228262038458,31.968619028727215,24.47421627952939,31.393523746066624,,,0.052999496459961
2021-07-06,,,,,,,31.709999084472656,31.709999084472656,31.239999771118164,31.280000686645508,1500,,,,,24.663928985595703,,,0.17500021095722926,0.11312692503583067,0.1150247229222,,,,,,,,,,,,,25.017110327736482,31.728258013660543,25.074865577907342,31.889876644489142,24.429118975791557,31.252915501072827,,,,,,,-0.020034446339799016,0.10786898651477372,0.03825056013462458,0.19188047838153607,0.13257099356453195,40.66334797764749,38.3623572528968,25.071261978149415,31.79659957885742,25.131183624267578,31.943666639782133,24.502422393314422,31.4220158107697,,,-0.429998397827148
2021-07-07,,,,,,,31.579999923706055,31.579999923706055,31.579999923706055,31.579999923706055,700,,,,,24.900472640991210,,,0.21005074085131079,0.11790386484239093,0.11608251710406127,,,,,,,,,,,,,24.97823109882139,31.67883865034238,25.05901167455133,31.86170603350886,24.443848777829047,31.26313688928012,,,,,,,0.00954497355033137,0.08185306927139635,0.010603979530007024,0.16987499655950813,0.10817759075762697,47.451553754357874,45.162617618831995,24.958507537841797,31.65359992980957,25.140387671334402,31.93176187787737,24.53284305996365,31.453285641140408,,,0E-15
2021-07-08,,,,,,,31.516000747680664,31.516000747680664,31.516000747680664,31.516000747680664,700,,,,,24.850011825561523,,,0.18073591317881518,0.11433616385703392,0.11480269885599102,,,,,,,,,,,,,24.9354913410681,31.624559349455144,25.04001168827953,31.83027828025175,24.456541373070685,31.271038884855134,,,,,,,-0.0020285564361745938,0.05651206542226106,-0.01628263731643287,0.14720241033205872,0.083285545142815,46.23636623723873,44.046199497974264,24.919240951538086,31.603800201416014,25.137134733654204,31.90385709490095,24.558692477998278,31.478682472592308,,,0E-15
2021-07-09,,,,,,,31.732000350952150,31.732000350952150,31.732000350952150,31.732000350952150,700,,,,,25.020326614379883,,,0.190547565713066,0.11637081525044428,0.1152167179661729,,,,,,,,,,,,,24.96376976550536,31.660373016620813,25.038222136106835,31.821343923042697,24.4741596618616,31.285443930670667,,,,,,,0.006830330665198556,0.049600355355917,-0.019931355811884544,0.1276819993368304,0.06264216495187509,50.814733913625346,48.65910405430118,24.919556045532225,31.60420036315918,25.145244961693173,31.89042854309082,24.585705197046675,31.505523742191375,,,0E-15
2021-07-12,,,,,,,31.607000350952150,31.607000350952150,31.607000350952150,31.607000350952150,700,,,,,24.921764373779297,,,0.18449081148098628,0.11696724147111595,0.11561340486613823,,,,,,,,,,,,,24.94976796826334,31.64258212806459,25.02763506680433,31.801858143761738,24.488147309109028,31.295492568804463,,,,,,,-0.003947066156483962,0.03575743676194065,-0.03253441040733307,0.10929708682185243,0.04360684988003346,48.25381068475591,46.28121611598576,24.871300888061523,31.543000411987304,25.145582925705682,31.89085715157645,24.61137520320832,31.53066659352136,,,0E-15
2021-07-13,,,,,,,31.416000366210938,31.416000366210938,31.416000366210938,31.416000366210938,700,,,,,24.771162033081055,,,0.10953119314865477,0.11876360213397594,0.11597212097905356,,,,,,,,,,,,,24.89023265653591,31.567054874113374,25.00431933646585,31.766780163984393,24.496991519233152,31.299258437473416,,,,,,,-0.00606133760594932,0.012490491178063223,-0.05727430198816563,0.0899357676930946,0.023430619506393642,44.558560139065605,42.836530679603364,24.892747497558595,31.57020034790039,25.137585322062176,31.88071432567778,24.63629344153026,31.554888831244575,,,0E-15
2021-07-14,,,,,,,31.500000000000000,31.500000000000000,31.500000000000000,31.500000000000000,700,,,,,24.837398529052734,,,0.08284148790692847,0.11795521952621396,0.1158710457135506,,,,,,,,,,,,,24.872621280708184,31.544703249408915,24.989144717610113,31.74252742180399,24.507629238290015,31.30553161130237,,,,,,,0.0026703671536281014,-0.0005971159816873239,-0.06930388384196107,0.07182919095813821,0.004883718836722699,46.49910476265939,44.782994781168696,24.8801326751709,31.55420036315918,25.12729753766741,31.867666698637464,24.66292835417248,31.581301522633385,,,0E-15
2021-07-15,,,,,,,31.770000457763672,31.815000534057617,31.770000457763672,31.815000534057617,1500,,,,,25.085771560668945,,,0.1086213304102077,0.1232579795903747,0.11638794815553312,,,,,,,,,,,,,24.94367137402844,31.634802344291817,24.997928976070007,31.74911588655432,24.525696185864355,31.32145251513847,,,,,,,0.00995029283662564,0.008969098776859141,-0.0528107343286095,0.059257172521882395,-0.006655171796343741,53.12470086473004,51.458168315485615,24.92728462219238,31.61400032043457,25.129925773257302,31.871000017438615,24.690524025568887,31.608872973729692,,,0.045000076293945
2021-07-16,,,,,,,31.589000701904297,31.589000701904297,31.589000701904297,31.589000701904297,100,,,,,24.907573699951172,,,0.11369945249875854,0.12572455021731865,0.11752057119566305,,,,,,,,,,,,,24.931638816002682,31.619535130162642,24.989714860059205,31.734559960677046,24.537629858179567,31.329813395974906,,,,,,,-0.007128893434626697,0.0021465704674454855,-0.05731539600041913,0.047835052110995015,-0.01678721663715882,48.48535042956086,47.062302814172526,24.90473403930664,31.585400390625,25.12305477687291,31.862285795665922,24.714379386296347,31.631682501898872,,,0E-15
2021-07-19,,,,,,,31.370000839233400,31.370000839233400,31.204999923706055,31.281999588012695,300,,,,,24.665508270263672,,,0.1298684437937244,0.1274849635822955,0.11886159685434099,,,,,,,,,,,,,24.84292863408968,31.507023282779326,24.960241533714157,31.69341810861665,24.541626058557195,31.328319214476085,,,,,,,-0.009766080461671779,-0.02253324035366333,-0.08468163977452647,0.033761393618063344,-0.03036610126463235,42.99282998670441,41.83426485232671,24.853482818603517,31.52040023803711,25.097184953235445,31.82947622026716,24.736289917476594,31.652063460577104,,,-0.088001251220705
2021-07-20,,,,,,,31.649999618530273,31.649999618530273,31.579000473022460,31.579000473022460,200,,,,,24.899688720703125,,,0.14555125770597374,0.13223333348104738,0.11949582768191748,,,,,,,,,,,,,24.861848662960828,31.531015679527037,24.954736732531334,31.683016505380817,24.552815516749256,31.33615300380566,,,,,,,0.009449460798967921,-0.022931423835391485,-0.08146501783295435,0.022422830127372378,-0.040585884578296746,49.0106992582976,47.86782788930347,24.87918815612793,31.553000259399415,25.086258842831565,31.8156190599714,24.75936714051262,31.673872993105935,,,-0.070999145507813
2021-07-21,,,,,,,31.600000381469727,31.691999435424805,31.600000381469727,31.691999435424805,200,,,,,24.988786697387695,,,0.14632802861293379,0.12660942944870163,0.11749721812182808,,,,,,,,,,,,,24.904161341103116,31.58467693149296,24.957832183881912,31.683833135384816,24.56643961614421,31.34727320479376,,,,,,,0.003571889927155048,-0.015874533279735203,-0.06900233392261157,0.01476335744595086,-0.046269174447159715,51.12469746229195,49.99320993114435,24.909465789794922,31.591400146484375,25.06643395196824,31.79047611781529,24.779361422099765,31.691682512798007,,,0.091999053955078
2021-07-22,,,,,,,31.743999481201172,31.743999481201172,31.743999481201172,31.743999481201172,0,,,,,25.029788970947266,,,0.1254833861689159,0.12641926508309698,0.11583052793335467,,,,,,,,,,,,,24.946037217717834,31.637784448062366,24.964373709978762,31.6893028031863,24.580919283481805,31.35967090093149,,,,,,,0.0016394822201905028,-0.006893887423348843,-0.05430361969819231,0.01043190847209092,-0.047876063497366235,52.108723857436075,50.983555908997694,24.898269271850587,31.577199935913086,25.045745577130997,31.764238085065568,24.803345513722252,31.714619015890456,,,0E-15
2021-07-23,,,,,,,31.829999923706055,31.840000152587890,31.700000762939453,31.700000762939453,1300,,,,,24.995096206665040,,,0.11213121470609096,0.1263153905560771,0.11545723911258994,,,,,,,,,,,,,24.96239021403357,31.65852321968806,24.96716666422297,31.690275344982044,24.59386231233128,31.37030620911924,,,,,,,-0.0013870204687507816,-0.0025467200150899316,-0.04567855764923934,0.00783618277465475,-0.04743656232774086,51.169977711680566,50.07981965885382,24.915773773193358,31.599399948120116,25.02625865028018,31.73952375139509,24.82449958437965,31.73392062717014,,,-0.129999160766602
2021-07-26,,,,,,,32.080001831054690,32.551998138427734,32.080001831054690,32.551998138427734,200,,,,,25.666883468627930,,,0.17629547554762742,0.15777754549536666,0.12624103646608673,,,,,,,,,,,,,25.197221298898356,31.956348192601286,25.03077728280524,31.768613780749835,24.62739422346555,31.40723408191013,,,,,,,0.02652192608502451,0.054478069877479385,0.029565125563664196,0.017164560195219676,-0.03203622474945984,64.50474794139235,63.552686507451504,25.11604881286621,31.853399658203124,25.039775394258044,31.756666455950057,24.854887674725244,31.764904718550426,,,0.471996307373044
2021-07-27,,,,,,,32.569999694824220,32.569999694824220,32.490001678466800,32.560001373291016,1100,,,,,25.673194885253906,,,0.18336040546087934,0.15770135303576888,0.12616678048074775,,,,,,,,,,,,,25.355879161016873,32.15756591949786,25.089178883027845,31.840558107344485,24.660075494146437,31.443258059765782,,,,,,,0.000245867044232623,0.099038253941508,0.08881823940259892,0.03353929894447734,-0.00786533191904809,64.60255053072247,63.65192434307908,25.270750045776367,32.04959983825684,25.051302410307386,31.771285647437686,24.884032991197373,31.79428569854252,,,-0.009998321533204
2021-07-28,,,,,,,32.560001373291016,32.560001373291016,32.560001373291016,32.560001373291016,400,,,,,25.673194885253906,,,0.18817585427019426,0.15743194483439948,0.1224405114901367,,,,,,,,,,,,,25.461651069095883,32.29171107076225,25.142271246866578,31.90596204061235,24.691735475118545,31.478156288313446,,,,,,,0,0.13282143799233737,0.13422944552253213,0.05339572675404935,0.020553623569267952,64.60255053072247,63.65192434307908,25.40763168334961,32.22320022583008,25.059187298729306,31.781285785493395,24.90700546143547,31.81571430630154,,,0E-15
2021-07-29,,,,,,,32.743999481201170,32.743999481201170,32.743999481201170,32.743999481201170,100,,,,,25.818277359008790,,,0.18525526624244168,0.15830094800539057,0.12257797390257882,,,,,,,,,,,,,25.580526499066853,32.44247387424189,25.203726347970417,31.982147262484062,24.726939908990115,31.517713888091187,,,,,,,0.005635218857184804,0.16934964063377933,0.18295625726719678,0.07658650952999535,0.053034150308853716,67.02483183179103,66.1121394170385,25.565329360961915,32.42320022583008,25.076045989990234,31.802666800362722,24.933303439427934,31.841380951896546,,,0E-15
2021-07-30,,,,,,,32.659999847412110,32.659999847412110,32.651000976562500,32.651000976562500,300,,,,,25.744945526123047,,,0.18926250148261492,0.14618936479654732,0.12197955214490493,,,,,,,,,,,,,25.63533284141892,32.511982908348756,25.252928091438836,32.042952145582106,24.75875258452552,31.553129109605916,,,,,,,-0.0028443482863324825,0.1901888595598784,0.21162887855161117,0.09930697953597195,0.08475309595740521,64.61787901750989,63.76300577273084,25.715299224853517,32.613400268554685,25.109312693277996,31.844857352120535,24.960766141376798,31.86857144794767,,,-0.008998870849610
2021-08-02,,,,,,,32.560001373291016,32.580001831054690,32.450000762939450,32.500000000000000,48400,,,,,25.625885009765625,,,0.06193182590174481,0.14743098041184716,0.12025196422731414,,,,,,,,,,,,,25.632183564201153,32.50798860556584,25.286833265832183,32.08450195052919,24.78585047281427,31.58271882493073,,,,,,,-0.004635343765996116,0.19485078351551977,0.21963579591701432,0.11841574033188151,0.11172963594932703,60.800221956820174,60.03303614338457,25.707099533081056,32.60300064086914,25.13822382972354,31.88152404058547,24.981521515619185,31.887158742026678,,,-0.060001373291016
2021-08-03,,,,,,,32.680000305175780,32.680000305175780,32.650001525878906,32.680000305175780,400,,,,,25.767812728881836,,,0.0749351057559804,0.14734345108005498,0.1204047085098736,,,,,,,,,,,,,25.67739328576138,32.565325838769155,25.330558671563967,32.13863816458797,24.816536793316384,31.61700887118839,,,,,,,0.005523170589310469,0.20760463562091047,0.23776504844334312,0.1362535193896873,0.13693671844813024,63.563739097226986,62.824736120306845,25.72602310180664,32.627000427246095,25.167022523425874,31.918047859555198,25.005540000067818,31.90990478273422,,,0E-15
2021-08-04,,,,,,,32.625000000000000,32.625000000000000,32.625000000000000,32.625000000000000,100,,,,,25.724445343017578,,,0.076905270527993,0.12634658408750374,0.11550184019610187,,,,,,,,,,,,,25.69307730484678,32.5852172258461,25.366366550787024,32.18285287689815,24.844908935494548,31.64850859396375,,,,,,,-0.0016844239402941281,0.21177159853344563,0.2448718168366355,0.15135713521843897,0.1585237381258313,62.122590328574816,61.41315597087534,25.736273193359374,32.64000015258789,25.217523302350724,31.98209544590541,25.021933389088463,31.922841299147834,,,0E-15
2021-08-05,,,,,,,32.868000030517580,32.868000030517580,32.868000030517580,32.868000030517580,100,,,,,25.916048049926758,,,0.08516512022740447,0.12495585368071237,0.11624171999741637,,,,,,,,,,,,,25.767400886540106,32.67947816073659,25.416337596163363,32.24513898177264,24.878382032820554,31.68661770135606,,,,,,,0.007420672172486918,0.22790750793592807,0.26703385357538423,0.1666672097619368,0.18022576121574188,65.81076776389578,65.13989880475272,25.755827331542967,32.66480026245117,25.26588403610956,32.04342878432501,25.041737722972083,31.940111130002943,,,0E-15
2021-08-06,,,,,,,32.790000915527344,32.799999237060550,32.790000915527344,32.790000915527344,500,,,,,25.854551315307617,,,0.0839737310764077,0.1250992183730301,0.11405911106233857,,,,,,,,,,,,,25.79645102946261,32.71631907900018,25.456175206994658,32.29467188484125,24.908887322898273,31.72109842679891,,,,,,,-0.0023757408373811027,0.23304664321969426,0.2751320002110731,0.1799430964534883,0.19920700901480812,63.667939198643325,63.035428016465914,25.77774848937988,32.69260025024414,25.313719249906995,32.104095458984375,25.055760762048145,31.949952443440754,,,0E-15
2021-08-09,,,,,,,32.759998321533200,32.759998321533200,32.759998321533200,32.759998321533200,500,,,,,25.830892562866210,,,0.07195939782913312,0.12411643191606304,0.11115753299260653,,,,,,,,,,,,,25.807931540597142,32.73087882651119,25.4902404211648,32.33697428817688,24.93769998664727,31.753564048509357,,,,,,,-0.0009154900226679422,0.23252992117353344,0.2759479252598851,0.1904604613974973,0.21455519226382352,62.820485026299494,62.202972994011525,25.81875,32.74459991455078,25.352317628406343,32.15304774329776,25.074188747103253,31.965476232861715,,,0E-15
2021-08-10,,,,,,,32.872001647949220,32.872001647949220,32.872001647949220,32.872001647949220,100,,,,,25.919202804565430,,,0.06601343609172733,0.12264284416351222,0.11094648660859449,,,,,,,,,,,,,25.845021961919905,32.77791976699053,25.52923700147395,32.38561313906528,24.968371949707215,31.788515223491853,,,,,,,0.0034129532242920123,0.23651985997749492,0.2823772153654005,0.19967234111349683,0.2281195968841389,64.70876423866203,64.10853904864359,25.849028015136717,32.78300018310547,25.399814696539018,32.21328590029762,25.0920348091731,31.980222278171116,,,0E-15
2021-08-11,,,,,,,32.919998168945310,32.919998168945310,32.919998168945310,32.919998168945310,100,,,,,25.957048416137695,,,0.06102943254933393,0.11923544328540624,0.10905859187121375,,,,,,,,,,,,,25.882364113325835,32.82527923430879,25.56812894826156,32.4341935963271,24.999268089283166,31.823874065537275,,,,,,,0.0014590729821768538,0.23996952053363074,0.2880252168054085,0.20773177699752363,0.24010072086839285,65.51703384066263,64.92461822229757,25.895548629760743,32.84199981689453,25.45628547668457,32.28490484328497,25.11414094955202,32.0004444727822,,,0E-15
2021-08-12,,,,,,,32.799999237060550,32.819999694824220,32.799999237060550,32.799999237060550,200,,,,,25.862430572509766,,,0.04541429516434305,0.12093827310540164,0.10926621633972627,,,,,,,,,,,,,25.87571959972048,32.816852568559376,25.594883641375034,32.4674486545756,25.026241916883997,31.854377977147376,,,,,,,-0.003651829413394175,0.2323896884801222,0.2795953861387659,0.21266335929404334,0.24799965392246745,61.71164776761681,61.17922488568646,25.884825134277342,32.828399658203125,25.505096526373002,32.346809568859285,25.13326669117761,32.0168571472168,,,0E-15
2021-08-13,,,,,,,32.619998931884766,32.810001373291016,32.619998931884766,32.799999237060550,600,,,,,25.862430572509766,,,0.04194938536299282,0.11748205723616487,0.1080031969720062,,,,,,,,,,,,,25.871289923983575,32.811234791393105,25.61920608966001,32.49768052571059,25.052372812372305,31.883928641519663,,,,,,,0,0.22380275808515293,0.2698045457459344,0.21489123905226526,0.2523606322871608,61.71164776761681,61.17922488568646,25.886400985717774,32.83039932250976,25.54208028884161,32.39371426900228,25.148880973694816,32.02874604482499,,,0.180000305175784
2021-08-16,,,,,,,32.771999359130860,32.771999359130860,32.771999359130860,32.771999359130860,100,,,,,25.840354919433594,,,0.04186131712656311,0.11365587936399058,0.10803157732553534,,,,,,,,,,,,,25.860978255800248,32.798156313972356,25.639310528730334,32.52261860147607,25.076997253217968,31.911680851445013,,,,,,,-0.0008539444909061737,0.21276362652649183,0.25682535522445704,0.21446571654711058,0.2532535768746201,60.75676724260486,60.23882483433525,25.88829345703125,32.8327995300293,25.586498442150297,32.45004753839402,25.163602677602615,32.03949204702226,,,0E-15
2021-08-17,,,,,,,32.669998168945310,32.741001129150390,32.669998168945310,32.741001129150390,200,,,,,25.815912246704100,,,0.0295929343750491,0.10626107226179875,0.1074905140572241,,,,,,,,,,,,,25.845956252768197,32.77910458569836,25.655365230364314,32.54247155853737,25.10008834676441,31.937597110123306,,,,,,,-0.0009463585309060504,0.19974023472830638,0.24125689581202892,0.21152062018334974,0.2508542406621018,59.656098691836135,59.15473902889664,25.867635345458986,32.80659942626953,25.641279583885556,32.51952380225772,25.179895431276353,32.052269829644096,,,0.071002960205080
2021-08-18,,,,,,,32.880001068115234,32.880001068115234,32.830001831054690,32.830001831054690,300,,,,,25.886087417602540,,,0.03622635457984113,0.10295814490147959,0.10750777544120713,,,,,,,,,,,,,25.85933330771298,32.79607033415047,25.6763399746587,32.568610674220764,25.124650817728103,31.965484757652412,,,,,,,0.002714603475606072,0.1928584999754328,0.23340978963441472,0.20778819614176636,0.2473653504565644,61.795983489198804,61.3077787807214,25.853443145751953,32.78860015869141,25.688250950404576,32.579095295497346,25.197745671347967,32.067031769525435,,,-0.049999237060544
2021-08-19,,,,,,,33.029998779296875,33.169998168945310,33.029998779296875,33.159999847412110,700,,,,,26.146284103393555,,,0.0732603514380483,0.1066556670253439,0.10684585806121641,,,,,,,,,,,,,25.954983572939838,32.917380171904355,25.71906216818005,32.62237332632907,25.156576857905147,32.002813354207404,,,,,,,0.01000142208028561,0.20602544056006877,0.2509264594367622,0.20743564502542683,0.248077572252604,68.47319871361813,68.0356648659236,25.91021385192871,32.860600280761716,25.743369874500093,32.64900007702055,25.215093309917147,32.08106349763416,,,0.130001068115235
2021-08-20,,,,,,,33.169998168945310,33.259998321533200,33.169998168945310,33.189998626708984,1500,,,,,26.169939041137695,,,0.07182994909900821,0.10673092233266819,0.10600555386842407,,,,,,,,,,,,,26.026635395672457,33.008252990172565,25.76005097481256,32.67397562636361,25.188244426131163,32.039912893973074,,,,,,,0.0009043060807663747,0.21588055496282976,0.26418385025787927,0.2091246270129074,0.25129882785365903,69.00359732367598,68.57068099556881,25.9717155456543,32.93860015869141,25.79766273498535,32.71785717918759,25.23515740651933,32.09858730861119,,,0.020000457763674
2021-08-23,,,,,,,33.285999298095700,33.285999298095700,33.285999298095700,33.285999298095700,100,,,,,26.245637893676758,,,0.0659395400682903,0.10598521282867698,0.1057618582053877,,,,,,,,,,,,,26.099636228340557,33.10083509281361,25.804195240163853,32.72961414197562,25.221287971991963,32.07885309410191,,,,,,,0.002888412551954394,0.2271802760796504,0.2792182259661544,0.212735756826256,0.2568827074761581,70.70226596862523,70.28477857443492,26.05277214050293,33.04140014648438,25.85721233912877,32.79338091895694,25.25771682981461,32.11930156889416,,,0E-15
2021-08-24,,,,,,,33.490001678466800,33.490001678466800,33.470001220703125,33.490001678466800,200,,,,,26.406490325927734,,,0.056998589651150615,0.06153114997037006,0.1059942102726534,,,,,,,,,,,,,26.201920927536282,33.23055728803134,25.85894933886966,32.798740281656634,25.258325545552456,32.12295148736331,,,,,,,0.006110025866277043,0.24627591797661097,0.3040890153288345,0.219443789056327,0.26632396904669337,73.96697867503102,73.58198677767912,26.170887756347657,33.191200256347656,25.8924317132859,32.83804775419689,25.283950593736435,32.14469843062143,,,0E-15
2021-08-25,,,,,,,33.599998474121094,33.798999786376950,33.599998474121094,33.798999786376950,300,,,,,26.650131225585938,,,0.06231871726114616,0.06704842170858824,0.10588897882985837,,,,,,,,,,,,,26.3513243602195,33.42003812081321,25.930874964934777,32.889672963903934,25.301819473053502,32.17532799670749,,,,,,,0.00918424902047187,0.2778660690882546,0.3447586963399658,0.2311282450627125,0.2820109145053479,77.97112938409751,77.63076352478785,26.323696517944335,33.38499984741211,25.93895249139695,32.897047678629555,25.31687321738591,32.17863494630844,,,0.199001312255856
2021-08-26,,,,,,,33.790000915527344,33.950000762939450,33.759998321533200,33.950000762939450,700,,,,,26.769191741943360,,,0.05010172288283669,0.06733617896350638,0.10607345301467123,,,,,,,,,,,,,26.490613487460788,33.59669233485529,26.007085581026466,32.98606640017989,25.34767485645631,32.23078652065224,,,,,,,0.004457589759239584,0.30894732759924537,0.38473919444950866,0.2466920615700191,0.30255657049418005,79.62072263761024,79.30030154978387,26.4482780456543,33.543000030517575,25.99114281790597,32.96323812575567,25.350958809020028,32.21403179471455,,,0.159999847412106
2021-08-27,,,,,,,34.110000610351560,34.119998931884766,34.110000610351560,34.110000610351560,200,,,,,26.895355224609375,,,0.037636942153429685,0.06677498352886799,0.1050404882334208,,,,,,,,,,,,,26.62552739984365,33.767795093354046,26.08783736680673,33.08824223746822,25.396039867961093,32.28951196095534,,,,,,,0.004701939072817655,0.33984229710002367,0.42444197487647983,0.26532210867602,0.32693365137064,81.22512156806133,80.92486704133863,26.59336128234863,33.7270004272461,26.042432240077428,33.028285798572355,25.38962203737289,32.2552857777429,,,0E-15
2021-08-30,,,,,,,34.200000762939450,34.200000762939450,34.200000762939450,34.200000762939450,300,,,,,26.966314315795900,,,0.038758269159642846,0.06448018563183605,0.10437530478781776,,,,,,,,,,,,,26.7391230384944,33.91186364988251,26.167698907623926,33.18931119432924,25.445110944455934,32.349214736017345,,,,,,,0.0026348656788730634,0.3658354651271942,0.45789069564676765,0.28542477996625487,0.35312506022586554,82.07965490763097,81.79058715560556,26.73749656677246,33.90980072021485,26.10059265863328,33.10204769316174,25.431111895848833,32.30015881856283,,,0E-15
2021-08-31,,,,,,,33.959999084472656,34.069999694824220,33.909999847412110,34.069999694824220,5100,,,,,26.863811492919922,,,0.07480058119291254,0.06342954840947014,0.10381334326515651,,,,,,,,,,,,,26.78068585663624,33.964575664863084,26.230981869923564,33.269373785283335,25.48944533659543,32.40298926598006,,,,,,,-0.0038083859261356483,0.373854554319319,0.4685083751966701,0.3031107348368677,0.37620172322002643,76.65228470059981,76.39703600282927,26.828960800170897,34.02580032348633,26.159541538783483,33.17680958339146,25.467450913928804,32.33842864869133,,,0.110000610351564
2021-09-01,,,,,,,34.090000152587890,34.110000610351560,34.090000152587890,34.110000610351560,400,,,,,26.895355224609375,,,0.05500374612965972,0.06237935981854989,0.1037892469765861,,,,,,,,,,,,,26.81890897929395,34.01305064669258,26.291379447622273,33.34579440574408,25.533380020595867,32.45633337049167,,,,,,,0.0011735202472625717,0.37839317482604784,0.47467889944226016,0.3181672228347037,0.39589715846447315,77.15294829905257,76.90176466985062,26.878005599975587,34.08800048828125,26.213234038580033,33.24490483601888,25.504179727463494,32.3771905747671,,,0.020000457763670
2021-09-02,,,,,,,34.048000335693360,34.048000335693360,34.048000335693360,34.048000335693360,100,,,,,26.846467971801758,,,0.05417128623567417,0.062482504203285855,0.1038242584772666,,,,,,,,,,,,,26.82809531012989,34.02470054302617,26.3418420407295,33.40963130846674,25.574414019071053,32.50607296315422,22.871835852426194,29.363706323835586,,,,,-0.001819337840982501,0.37373706332015644,0.469158018756616,0.32928119093179425,0.41054933052290177,74.48701402008335,74.2514070330013,26.893460845947267,34.107600402832034,26.266663687569753,33.312666756766184,25.53845687139602,32.41280961415124,22.871835852426194,29.363706323835586,0E-15
2021-09-03,,,,,,,34.209999084472656,34.209999084472656,34.200000762939450,34.209999084472656,300,,,,,26.974199295043945,,,0.05438587733026069,0.060223002864980196,0.10404240390686545,0.1463677162151211,,,,,,,,,,,,26.876796638434573,34.08646672350833,26.399329063848995,33.48239201537637,25.618157308945204,32.55932065444542,22.904265602960724,29.40201693854418,,,,,0.004746561852262263,0.3760193941844925,0.4724089894182697,0.3386288315823339,0.42292126230197535,76.7477429374099,76.52769233790221,26.90922966003418,34.12760009765625,26.317051842099143,33.37657147362118,25.574441183181037,32.45058737860786,22.90166982771858,29.39972616377331,0E-15
2021-09-07,,,,,,,34.029998779296875,34.029998779296875,34.029998779296875,34.029998779296875,100,,,,,26.832269668579100,,,0.0637880564610642,0.06356558372731559,0.10386303800977774,0.1465148482530438,,,,,,,,,,,,26.861954315149415,34.06764407543785,26.43868730064264,33.532174448460054,25.656098320183762,32.60527934584703,22.93531701849921,29.43860177522997,,,,,-0.0052755721896101376,0.36220040236095485,0.45521346927400685,0.3433431457380581,0.4293797036963816,69.39000294242503,69.20673588364363,26.88242073059082,34.09359970092773,26.363609858921595,33.435618990943546,25.604821280827597,32.48119051494296,22.930866862100267,29.434936478024436,0E-15
2021-09-08,,,,,,,33.910999298095700,33.910999298095700,33.910999298095700,33.910999298095700,100,,,,,26.738441467285156,,,0.06297153930470466,0.06554289057038575,0.10399025823159073,0.14659098054294548,,,,,,,,,,,,26.820783365861327,34.01542914965713,26.465937679428325,33.5666130711542,25.689921543530684,32.6460830943548,22.965381243390798,29.473956696359345,,,,,-0.003502970009173278,0.3397610462437264,0.4270607416660184,0.34262672583919174,0.428915911290309,64.95650521618109,64.7936901253375,26.857346725463866,34.06179962158203,26.406826473417738,33.490428561256046,25.634796354505752,32.51130161588154,22.95954104075356,29.469480128515336,0E-15
2021-09-09,,,,,,,34.020000457763670,34.060001373291016,33.950000762939450,34.035999298095700,20800,,,,,26.837003707885742,,,0.07034069393128187,0.06563990376166569,0.10407336013379744,0.1460938136408468,,,,,,,,,,,,26.826190146536135,34.02228586580332,26.499670954742633,33.609284546330706,25.725767861166776,32.68951797572171,22.995986954572576,29.510020274238684,,,,,0.003679385265840077,0.3261709482938784,0.4101084822390604,0.33933557033012907,0.4251544254800593,67.31867495088855,67.16239608512296,26.84567642211914,34.04699935913086,26.450531278337753,33.54585702078683,25.66530963352748,32.5500000242203,22.987552673097642,29.50315869800628,0.015998840332030
2021-09-10,,,,,,,33.930000305175780,34.000000000000000,33.930000305175780,34.000000000000000,300,,,,,26.808616638183594,,,0.06960029870174766,0.0663114009786519,0.10416906501703332,0.14606691788519505,,,,,,,,,,,,26.82033231041862,34.01485724386888,26.52775692596454,33.64480413302791,25.75960688544855,32.7304705389804,23.02612631966041,29.545514185114268,,,,,-0.0010583183554806642,0.30954189222252637,0.38928145768621647,0.3333768347086085,0.41797983192129073,65.94004531120788,65.78956729286261,26.838106155395508,34.03739929199219,26.49108214605422,33.59728567940848,25.694984314933656,32.587634949457076,23.01563903263637,29.536936472332666,0.069999694824220
2021-09-13,,,,,,,34.159999847412110,34.159999847412110,34.130001068115234,34.159999847412110,200,,,,,26.934776306152344,,,0.06936570738899724,0.0643566547369636,0.10418552188293587,0.1461054335769645,,,,,,,,,,,,26.85848030899653,34.06323811171662,26.564758687799795,33.69164010706284,25.796330929845546,32.77514332986889,23.057024738525957,29.58199233264231,,,,,0.004694898955650989,0.30304990565447554,0.381291252970442,0.32731144889778196,0.41064211613112095,68.98045515439351,68.83831412151484,26.830221557617186,34.02739944458008,26.54214622860863,33.66204761323475,25.72484676421635,32.62550796024383,23.044201464880082,29.571317422957648,0E-15
2021-09-14,,,,,,,34.169998168945310,34.169998168945310,34.169998168945310,34.169998168945310,200,,,,,26.942657470703125,,,0.05364859357607302,0.06425374060438116,0.10411640439225679,0.14484788389881906,,,,,,,,,,,,26.886539362898727,34.09882479745952,26.59911312260919,33.73512720359761,25.832153634247344,32.81873254359003,23.087741202811944,29.618261153482653,,,,,0.00029255901977948297,0.29513872810059993,0.37148350850949896,0.3208769047383455,0.4028103946067966,69.1656281747659,69.02408564510863,26.85229911804199,34.055399322509764,26.593585604713077,33.72728565761021,25.755197222270663,32.66399998135037,23.07118854825459,29.60366265735929,0E-15
2021-09-15,,,,,,,34.279998779296875,34.290000915527344,34.279998779296875,34.279998779296875,200,,,,,27.029396057128906,,,0.03863282626518964,0.06355971544722369,0.10419435394252737,0.14481679307910297,,,,,,,,,,,,26.934158260975455,34.159216124738634,26.63822975302007,33.784660983206635,25.869567459962393,32.864397113455865,23.11890052972354,29.655112834319127,,,,,0.003214206443215146,0.2924964251951998,0.36834092540136965,0.3152008088297164,0.39591650076571117,71.20311333755355,71.06767754911468,26.910490036010742,34.12919921875,26.650206611269997,33.799095153808594,25.786586610097732,32.70380949595618,23.09871644822378,29.636698367103698,0E-15
2021-09-16,,,,,,,34.279998779296875,34.290000915527344,34.279998779296875,34.279998779296875,200,,,,,27.029396057128906,,,0.03837344132247394,0.06306287575925697,0.10371451575661729,0.1448073665358312,,,,,,,,,,,,26.965904193026603,34.199477009591384,26.673790326120876,33.82969169194211,25.90581210362385,32.9086346655134,23.149813537845322,29.691673197520533,,,,,0,0.2870929522613892,0.36168117025509616,0.30957923751605093,0.3890694346635882,71.20311333755355,71.06767754911468,26.948968505859376,34.177999114990236,26.707991554623558,33.87238075619652,25.815485363914853,32.7404602595738,23.125989368983678,29.66940471104213,0E-15
2021-09-17,,,,,,,34.208999633789060,34.208999633789060,34.208999633789060,34.208999633789060,100,,,,,26.973411560058594,,,0.04292477300319189,0.0647178945743233,0.10355477073070884,0.14403846392136607,,,,,,,,,,,,26.968406648703933,34.20265121765728,26.701028620115213,33.86417423211002,25.939174586637435,32.949271070772014,23.180039609167167,29.727383287925818,,,,,-0.0020733928325883193,0.27512174774910747,0.34667794113696715,0.30268773956266226,0.380591135958264,67.84716061053463,67.7231514312148,26.981927490234376,34.21979904174805,26.759768894740514,33.93804731823149,25.844759562658886,32.777587224566744,23.15172228737483,29.700126935565283,0E-15
2021-09-20,,,,,,,34.189998626708984,34.314998626708984,34.189998626708984,34.314998626708984,200,,,,,27.056989669799805,,,0.035662901250379554,0.05797485171615102,0.10171134398241762,0.1439238094851783,,,,,,,,,,,,26.997934322402557,34.24010035400784,26.733388715541086,33.90515826798265,25.974106307986258,32.99195005689504,23.210687435733433,29.76364902182924,,,,,0.003093746279913849,0.2692745079795351,0.33942828880000064,0.2960050932460368,0.3723585665266113,70.11193088806941,69.9935902553361,27.00637016296387,34.25079879760742,26.803135826474143,33.99304726010277,25.87097988431416,32.81084115164621,23.178189277648926,29.731789626772443,0.125000000000000
2021-09-21,,,,,,,34.220001220703125,34.220001220703125,34.209999084472656,34.220001220703125,200,,,,,26.982088088989258,,,0.04451823188409903,0.059921171414778034,0.10195202882004811,0.14196235762071896,,,,,,,,,,,,26.992652244598126,34.23340064290627,26.75599774949092,33.9337803545936,26.0056057386426,33.03032665576405,23.240500879632688,29.798877102452753,,,,,-0.0027721283146686384,0.2556496269788333,0.3223020924580382,0.2879339999925961,0.3623472717128967,65.64903943492752,65.54374774002244,27.014256286621094,34.260799407958984,26.84180959065755,34.04209500267392,25.895072634257968,32.841396755642364,23.202310070158944,29.76042851947603,0E-15
2021-09-22,,,,,,,34.490001678466800,34.490001678466800,34.344001770019530,34.344001770019530,600,,,,,27.079860687255860,,,0.04624238710305202,0.06019329042670617,0.10187201273036559,0.141920740171376,,,,,,,,,,,,27.021721725484035,34.27026768527736,26.785439834742277,33.97107321054141,26.039176205786767,33.07137900308453,23.270851550048683,29.834806941722054,,,,,0.003617061799563704,0.249861000108055,0.31510295575429126,0.2803194000156879,0.3528984085211756,68.47037091217928,68.37042528336832,27.024349212646484,34.273600006103514,26.88153448558989,34.092476072765535,25.921668491666278,32.87512691437252,23.226376503232924,29.78898805285257,-0.145999908447270
2021-09-23,,,,,,,34.465999603271484,34.500000000000000,34.439998626708984,34.500000000000000,700,,,,,27.202867507934570,,,0.05441078240702488,0.05890162050984641,0.10204123335099141,0.14186746156617727,,,,,,,,,,,,27.082103652967547,34.346845123518236,26.823387805032485,34.019157464128554,26.075541558978884,33.11602340923814,23.301934680150545,29.87168593823018,,,,,0.004532087288653082,0.25229084224226384,0.31831599285658996,0.2747136884610031,0.34598192538825845,71.62761260906265,71.53424470017768,27.05904350280762,34.31760025024414,26.919457208542596,34.14057123093378,25.95055477202885,32.91176181369357,23.25128125387525,29.818619001479377,0.034000396728516
2021-09-24,,,,,,,34.340000152587890,34.380001068115234,34.340000152587890,34.340000152587890,300,,,,,27.076705932617188,,,0.06620189329735392,0.05529255452188746,0.10267114675776916,0.14139920766616337,,,,,,,,,,,,27.08030441285076,34.34456346654146,26.846416725722005,34.048324981261224,26.10682794565508,33.15427268246782,23.33177476910285,29.907008580240912,,,,,-0.004648592260779088,0.24125528414839437,0.3044422763442398,0.2680220075984813,0.3376739955794547,64.49427578180276,64.41712524407248,27.079702377319336,34.3438003540039,26.9397702898298,34.1663331531343,25.976675063844713,32.944888826400515,23.274530319940474,29.846122968764533,0E-15
2021-09-27,,,,,,,34.380001068115234,34.380001068115234,34.369998931884766,34.369998931884766,300,,,,,27.100358963012695,,,0.06308317738007523,0.053638647664285916,0.10259019251974483,0.14124929755526,,,,,,,,,,,,27.08698926290474,34.35304195498922,26.869502383657522,34.07756806768155,26.137875789947508,33.1922641277621,23.361565948501347,29.94228913638039,,,,,0.0008731750951772245,0.23174669508476597,0.292496192794502,0.2607669450957383,0.3286384350224642,65.19413242412509,65.1178733168438,27.088376235961913,34.354800415039065,26.95554015749977,34.18633306594122,26.001956758045015,32.976952325730096,23.297243504297164,29.872932487063938,-0.010002136230468
2021-09-28,,,,,,,34.200000762939450,34.200000762939450,34.180000305175780,34.180000305175780,500,,,,,26.950544357299805,,,0.07379993670385461,0.055442981392265785,0.10328095491577861,0.14073031315807757,,,,,,,,,,,,27.041507627703094,34.29536140505141,26.87686983580682,34.08688008927193,26.163271682677266,33.223130883306276,23.389937319321888,29.975788829414345,,,,,-0.005543477727908523,0.2097049351622644,0.26464685007310607,0.2505545431090435,0.31584011803259254,57.46758131817099,57.40678514705748,27.082067489624023,34.34680023193359,26.958168211437407,34.189666384742374,26.025548813835023,33.00687299455915,23.32043734807817,29.9003769329616,-0.020000457763670
2021-09-29,,,,,,,34.180000305175780,34.180000305175780,34.180000305175780,34.180000305175780,100,,,,,26.950544357299805,,,0.06596001281802796,0.05466959290971314,0.09703213237436666,0.13586645790580879,,,,,,,,,,,,27.011186537568665,34.256907705092864,26.88356751957891,34.09534556344501,26.187873953759222,33.253033052739696,23.4180844105312,30.009023702740524,,,,,0,0.19004595020688697,0.23981164594583504,0.2384528245286122,0.30063442361524106,57.46758131817099,57.40678514705748,27.05620422363281,34.31399993896484,26.95741726103283,34.188713981991725,26.0557742043147,33.04520634242466,23.346558722238694,29.931603121379066,0E-15
2021-09-30,,,,,,,34.090000152587890,34.209999084472656,34.060001373291016,34.119998931884766,2800,,,,,26.903236389160156,,,0.044656514897370034,0.05332751628711862,0.09710305593803253,0.13583908001179554,,,,,,,,,,,,26.97520315476583,34.211271447356836,26.88535559863175,34.097586778757716,26.210229029865502,33.280125736462985,23.445635019057914,30.041521530638896,,,,,-0.0017569047020567867,0.16870399074402442,0.2128345343477278,0.22450305777169463,0.2830744457617384,55.07703464276515,55.02051184686935,26.99627799987793,34.237999725341794,26.95929463704427,34.19109489804222,26.0856866685171,33.083142840673055,23.372083800179617,29.962063433632018,0.029998779296876
2021-10-01,,,,,,,34.130001068115234,34.180000305175780,33.959999084472656,34.139999389648440,14400,,,,,26.919010162353516,,,0.04207437332277013,0.05321303859342363,0.09665742979147075,0.13583890256759976,,,,,,,,,,,,26.956472157295057,34.18751409478737,26.888415104424638,34.10144247065687,26.23237844025575,33.306996788125026,23.473092530072105,30.07392056509747,,,,,0.0005861432643793058,0.15131883642536081,0.19086863403580168,0.20986621350242787,0.26463328341655107,55.738168905779254,55.68181763567492,26.964738845825195,34.19799957275391,26.960421062651136,34.19252341134207,26.113559208219012,33.11849203563872,23.397539396134633,29.99243248076666,0.009998321533206
2021-10-04,,,,,,,34.161998748779300,34.161998748779300,34.161998748779300,34.161998748779300,100,,,,,26.936355590820312,,,0.04140033219017829,0.05281012737506079,0.0866334721365695,0.13572239835892533,,,,,,,,,,,,26.949766635136807,34.179008979451346,26.892773330460606,34.10694758684982,26.254377726210894,33.333715599395475,23.50047010367486,30.106237388683887,,,,,0.0006441485940713203,0.1373572387437001,0.17323867658207348,0.19536441855068232,0.24635436204965555,56.49636392917782,56.440440746839556,26.93193817138672,34.15639953613281,26.96470142546154,34.19795190720331,26.149629471794007,33.16423803662497,23.423432456122505,30.02336501318311,0E-15
2021-10-05,,,,,,,34.240001678466800,34.330001831054690,34.220001220703125,34.220001220703125,3100,,,,,26.982088088989258,,,0.02015683894847024,0.05047716487238543,0.08504136089577308,0.12989659322677294,,,,,,,,,,,,26.960540453087624,34.1926730598686,26.900892853963214,34.11722518992739,26.277118675047717,33.361412025061334,23.527992775495527,30.138757260873763,,,,,0.001696358648899549,0.12850151689554679,0.1620787797380956,0.1819918382196552,0.22949924558734355,58.51415444295287,58.45944653479743,26.93824691772461,34.16439971923828,26.965077082316082,34.19842819940476,26.182670986841597,33.206142819116984,23.4461770360432,30.05022612829057,-0.020000457763675
2021-10-06,,,,,,,34.349998474121094,34.450000762939450,34.319999694824220,34.319999694824220,4500,,,,,27.060930252075195,,,0.02737445027118819,0.047553964467848514,0.08483566403565534,0.12990053000830787,,,,,,,,,,,,26.994003719416817,34.23511527152048,26.915441708337028,34.135659235827106,26.301612786829825,33.391367889741424,23.55592113499418,30.171810560746888,,,,,0.0029177577951825496,0.12638827185447354,0.15946530544847803,0.17087112494661888,0.21549245755957044,61.80338059612292,61.75103358489673,26.960324096679688,34.19239959716797,26.97596568153018,34.21223776681082,26.21776493011959,33.25065073891292,23.46929591042655,30.077563429635667,-0.029998779296874
2021-10-07,,,,,,,34.369998931884766,34.369998931884766,34.332000732421875,34.332000732421875,200,,,,,27.070398330688477,,,0.017020030070061483,0.04538910053348897,0.08412208658812018,0.12844548220374716,,,,,,,,,,,,27.019468589840702,34.267410425154274,26.929528674005343,34.15350846279026,26.32563733507541,33.42076266607519,23.58370356341864,30.20469743957436,,,,,0.00034981881870341366,0.12404756167629216,0.15655779092225686,0.16150641229255353,0.20370552423210772,62.19106315357087,62.13877114995342,26.99375648498535,34.23479995727539,26.99177315121605,34.232285454159694,26.25030575101338,33.29192058623783,23.490725933559357,30.102718194325764,-0.037998199462891
2021-10-08,,,,,,,34.308998107910156,34.308998107910156,34.308998107910156,34.308998107910156,100,,,,,27.052259445190430,,,0.02173875259917234,0.0441396049671167,0.0835526131456484,0.12843285935754245,,,,,,,,,,,,27.030398874957278,34.281272986072906,26.94068601684035,34.16764388507389,26.348344276016505,33.44852002363253,23.611122977503793,30.237142504146185,,,,,-0.0006702880798016235,0.11935304788811152,0.15066072213384984,0.15307573941166513,0.19309656381245616,60.91546947730381,60.86517905161975,27.020406341552736,34.26859970092774,27.002023424421036,34.24528539748419,26.284123133099268,33.33480943952288,23.511804436880446,30.12742056922307,0E-15
2021-10-11,,,,,,,34.189998626708984,34.189998626708984,34.000000000000000,34.000000000000000,500,,,,,26.808616638183594,,,0.07500382540854002,0.054807056237948674,0.08482584623921997,0.12873947972954586,,,,,,,,,,,,26.956471462699383,34.187515324048604,26.928679709689735,34.152403531885355,26.362727787334226,33.46575377289402,23.636399607232487,30.266888413204317,,,,,-0.00904717808538647,0.09487896788955652,0.11967415852464569,0.1414363851072434,0.17841208275489406,46.97743943746987,46.94560986222226,26.99485855102539,34.236199951171876,27.002023424421036,34.24528539748419,26.316463682386612,33.37582530672588,23.531464531308128,30.150313422793435,-0.189998626708984
2021-10-12,,,,,,,33.869998931884766,34.150001525878906,33.869998931884766,34.019001007080080,800,,,,,26.823600769042970,,,0.0728791979975726,0.05215124930290339,0.08478772601056435,0.12865577261002964,,,,,,,,,,,,26.912181231480577,34.131343885059096,26.91912707872185,34.14027602963033,26.377130068012622,33.48304274896233,23.661594873333755,30.296549382325864,,,,,0.0005587735124010238,0.07581819237075749,0.09554887810189427,0.12831274655994623,0.1618394418242941,47.768965239543554,47.737118617079815,26.963161087036134,34.19599990844726,26.996729351225355,34.23857116699219,26.347990702068994,33.4158094496954,23.5507110262674,30.172670568738663,0.149002075195314
2021-10-13,,,,,,,34.227001190185550,34.227001190185550,34.227001190185550,34.227001190185550,100,,,,,26.987607955932617,,,0.08637403494357039,0.05652833145663011,0.08351567815304595,0.1284206354146259,,,,,,,,,,,,26.937323472964593,34.16322965343458,26.925352613013736,34.14816013513535,26.396207502010125,33.50629145025056,23.687887466872088,30.327620147605387,,,,,0.006095670348712657,0.07310370574898784,0.09215103621666998,0.11727093839775454,0.14790176070276928,55.584442488930264,55.55408169749922,26.948496627807618,34.17740020751953,26.998869850521995,34.241285596575054,26.378178581358895,33.454095174395846,23.571351747664195,30.196813431997146,0E-15
2021-10-14,,,,,,,34.279998779296875,34.479999542236330,34.169998168945310,34.169998168945310,1100,,,,,26.942657470703125,,,0.08624782019514719,0.055639573565335096,0.08201325079050864,0.12837298635018893,,,,,,,,,,,,26.93910147221077,34.16548582527149,26.92692578189459,34.150145410936254,26.41328406353178,33.52703228520977,23.713616874016996,30.35799467741835,,,,,-0.0016669858856834573,0.0665580868589295,0.08389150556702418,0.10712836808998955,0.13509970967562027,53.23336480306251,53.2054253753803,26.92294845581055,34.14499969482422,26.994739441644576,34.2360474722726,26.410481498354958,33.49506338815841,23.59211205679273,30.221115013909717,-0.110000610351565
2021-10-15,,,,,,,34.360000610351560,34.590000152587890,34.340000152587890,34.340000152587890,1000,,,,,27.076705932617188,,,0.09609250603117082,0.05839931229383785,0.07921721535381766,0.12834894713342768,,,,,,,,,,,,26.984969625679575,34.22365726771029,26.940542159233008,34.16740493290459,26.434015996940698,33.55243753106534,23.740202558274706,30.389472981569888,,,,,0.004962988403309708,0.0713645808515011,0.09002574656722118,0.09997561064229185,0.12608491705394045,58.82636767064708,58.7997101174026,26.927837753295897,34.15120010375976,26.996992292858305,34.238904680524556,26.448754477122474,33.5436030796596,23.612915871635316,30.24546025291322,-0.020000457763670
2021-10-18,,,,,,,34.590000152587890,34.590000152587890,34.459999084472656,34.509998321533200,1800,,,,,27.210744857788086,,,0.053203704081310865,0.060161070471391465,0.07787509090091338,0.12841347346010418,,,,,,,,,,,,27.060228036382412,34.31910428565126,26.965106040919835,34.19854978641628,26.458288773842177,33.582361305767456,23.767637675266904,30.42204630441545,,,,,0.0049381282634836645,0.08500964475274841,0.10736694890127296,0.09698241746438316,0.12234132342340695,63.523912675017655,63.498966723676816,27.008263397216798,34.25319976806641,27.00829387846447,34.25323795136951,26.485437907869855,33.590126855032786,23.634147159636967,30.27034516561599,-0.080001831054690
2021-10-19,,,,,,,34.709999084472656,34.750000000000000,34.610000610351560,34.689998626708984,1200,,,,,27.352670669555664,,,0.05002081850116644,0.06176505442773394,0.07812700834459618,0.1210903057158672,,,,,,,,,,,,27.15770891410683,34.4427357326705,27.000339188977637,34.24322695371561,26.486238208083225,33.616974972046876,23.79597785703994,30.455785057951367,,,,,0.00520224514826014,0.1060531681810204,0.13408880471661178,0.0987965676077106,0.12469081968204791,67.72304412121976,67.6999055923011,27.114077377319337,34.38739929199219,27.022373926071893,34.27109509422665,26.522959875682044,33.63771414378333,23.65950197643704,30.300543573167587,-0.020000457763672
2021-10-20,,,,,,,34.779998779296875,34.830001831054690,34.724998474121094,34.724998474121094,700,,,,,27.380271911621094,,,0.04902142662802108,0.06060549103962939,0.07813047681726551,0.12025371758645502,,,,,,,,,,,,27.231896579944916,34.53682331315403,27.03487852739977,34.28702436466157,26.514176761318783,33.6516007064867,23.82431219739236,30.489533780608834,,,,,0.0010085788595863671,0.12353348455675217,0.1562886647105941,0.10374395099751892,0.13101038868775716,68.48293103810174,68.46002212796908,27.19261016845703,34.4869987487793,27.041335060482933,34.29514258248465,26.56026912870861,33.685031588115386,23.6836914789109,30.3292340399727,-0.055000305175781
2021-10-21,,,,,,,34.796001434326170,34.796001434326170,34.796001434326170,34.796001434326170,100,,,,,27.436258316040040,,,0.03109887514309133,0.05989108192101014,0.07792965828912964,0.12005259681717136,,,,,,,,,,,,27.300017158643293,34.62321602021141,27.071367599094337,34.33329500735835,26.542991809903825,33.68736322923168,23.85286513113661,30.523577003167865,,,,,0.0020426839733793368,0.14028725204629566,0.17756470381386436,0.11105261120727426,0.1403212517129786,70.02449497478682,70.0022888756657,27.291330337524414,34.61219940185547,27.058306376139324,34.316666376023065,26.599017733619327,33.73417445591518,23.707424269782173,30.35732928533403,0E-15
2021-10-22,,,,,,,34.776000976562500,34.776000976562500,34.619998931884766,34.619998931884766,1000,,,,,27.297481536865234,,,0.06601018170075566,0.06121674912054615,0.060282639451498525,0.12014286289538587,,,,,,,,,,,,27.29917195138394,34.62214365743586,27.091923411618964,34.359359000497115,26.566569613871366,33.71650809493959,23.880095300351854,30.55595978521306,,,,,-0.005070988276474649,0.14074419573445596,0.17817035016651772,0.11699092811271061,0.14789107140368643,61.93748140852619,61.91964178718775,27.335485458374023,34.668199157714845,27.0628118060884,34.322380610874724,26.624900242638965,33.76699986533513,23.73085211193751,30.385043568081326,-0.156002044677734
2021-10-25,,,,,,,34.799999237060550,34.799999237060550,34.770000457763670,34.799999237060550,600,,,,,27.439409255981445,,,0.06681217422699703,0.06095126663038707,0.06084589216163711,0.12021586794677795,,,,,,,,,,,,27.34591771958311,34.68142885064409,27.123513033833735,34.399417203821066,26.593845852687306,33.75036719313087,23.90823216956632,30.589509504199995,,,,,0.005185827515222424,0.1508201469212409,0.19097342677973472,0.12375677187441667,0.1565075424788961,66.23256272958713,66.21592138671976,27.381218338012694,34.726199340820315,27.08008339291527,34.344285329182945,26.652935391380673,33.80255538698227,23.754717198629226,30.41330943788801,0E-15
2021-10-26,,,,,,,34.812999725341800,34.812999725341800,34.812999725341800,34.812999725341800,200,,,,,27.449655532836914,,,0.059094637348004984,0.06095110967359664,0.0608241318634448,0.11148070075557034,,,,,,,,,,,,27.38049699066771,34.72528580887666,27.153162351924934,34.4370156148684,26.62058990519198,33.78357445976246,23.9362276111732,30.622896778675425,,,,,0.0003733449281347971,0.15781302937319097,0.19986506790049674,0.13056802337417153,0.16517904756321622,66.52623435466919,66.50980830290742,27.400615310668947,34.750799560546874,27.096716562906902,34.36538060506185,26.681133179437545,33.83831726558625,23.782269311329674,30.446337215484135,0E-15
2021-10-27,,,,,,,34.959999084472656,35.060001373291016,34.959999084472656,34.971000671386720,1200,,,,,27.574241638183594,,,0.065191726085786,0.05805663168799868,0.060525445513233536,0.11116066715604404,,,,,,,,,,,,27.44507853983967,34.807190763046684,27.191442287039358,34.485559710915524,26.650391521847972,33.82068152887572,23.964986615339292,30.657269141463654,,,,,0.0045284439909673135,0.17143183708401466,0.21715785287447886,0.13874078611614016,0.17557480862546873,69.94853203440299,69.93308319824304,27.439409255981445,34.8,27.126416433425177,34.403047289167134,26.70900562831334,33.87366649082729,23.8109547675602,30.480817378513397,0.011001586914064
2021-10-28,,,,,,,35.549999237060550,35.560001373291016,35.119998931884766,35.520000457763670,700,,,,,28.007122039794922,,,0.12065465446054242,0.07651505616656629,0.06662095127736027,0.1118124424554602,,,,,,,,,,,,27.63242637315809,35.04479399461901,27.265594991835318,34.57959977881081,26.69278935053381,33.87378524540347,23.99694025505831,30.69570970522887,,,,,0.015576773422714412,0.21467997388531757,0.27202645251806956,0.15392862366997564,0.1948651374039889,78.26384959746686,78.25163778378645,27.553582000732423,34.9447998046875,27.176729656401136,34.46685682024275,26.744913192022416,33.91920616513207,23.841883303627135,30.518154681675018,-0.029998779296880
2021-10-29,,,,,,,35.500000000000000,35.500000000000000,35.409999847412110,35.419998168945310,6200,,,,,27.928268432617188,,,0.11048075454928608,0.07722809212578707,0.06605590927077647,0.11167909053418253,,,,,,,,,,,,27.73104039297779,35.16986205272778,27.325838031906397,34.6559996324594,26.73139807184892,33.92210439926415,24.02801794816154,30.733055859092243,,,,,-0.002819455044394864,0.23982703007860096,0.3039372644981313,0.1711083049517007,0.2166795628228174,74.23430365421486,74.22333693030542,27.67973937988281,35.10479965209961,27.225540706089564,34.528761545817055,26.781458960639107,33.96555534241691,23.871847682529026,30.554253880939786,-0.080001831054690
2021-11-01,,,,,,,35.819999694824220,35.819999694824220,35.810001373291016,35.819999694824220,400,,,,,28.243667602539062,,,0.12048611451979697,0.08368553683370818,0.06845814526536778,0.111476575010864,,,,,,,,,,,,27.90191612949821,35.386574600093255,27.409277083782094,34.76181781994711,26.778656494682984,33.981413627250404,24.061343241872034,30.773268853841113,,,,,0.011229895452222076,0.28195611580694546,0.3573838940170333,0.19327786712274966,0.24482042906166057,78.91131188507106,78.90186218853245,27.840591049194337,35.308799743652344,27.288619631812686,34.60876156034924,26.82075824434795,34.015396602570064,23.90392379912119,30.593051501682826,0E-15
2021-11-02,,,,,,,36.049999237060550,36.069999694824220,35.889999389648440,35.889999389648440,800,,,,,28.298864364624023,,,0.11647874088578919,0.08348431559693548,0.06816577916741898,0.1112983616998455,,,,,,,,,,,,28.034232207873483,35.55438286327832,27.490148654767726,34.86437978082905,26.82616299061864,34.04105693232534,24.094841432565726,30.813717316574767,,,,,0.001952398582028308,0.3161532196543746,0.40076930426405966,0.21785293762907465,0.2760102041021404,79.60890865288616,79.59967439917372,28.01043281555176,35.524199676513675,27.353501001993816,34.69104730515253,26.861622038341704,34.06722198970734,23.936615209730846,30.63263880260407,-0.159999847412110
2021-11-03,,,,,,,35.770000457763670,35.919998168945310,35.770000457763670,35.919998168945310,400,,,,,28.322517395019530,,,0.12240483862217529,0.08362235994646179,0.06711064930174014,0.10861528046097103,,,,,,,,,,,,28.1303272702555,35.676254631833984,27.56581854024516,34.96034508883962,26.87292406575617,34.099773845969715,24.12826179590528,30.854083173115246,,,,,0.00083548055650731,0.3412297881173316,0.4325866160053451,0.24252830772672604,0.30732548648278135,79.9155096637153,79.90639602527726,28.160087966918944,35.71399917602539,27.41733096894764,34.77199954078311,26.899819964454288,34.11566640460302,23.967339235638814,30.669682449764675,0.149997711181640
2021-11-04,,,,,,,35.860000610351560,35.889999389648440,35.860000610351560,35.860000610351560,300,,,,,28.275205612182617,,,0.08810502427226384,0.08470559861072494,0.06696389160245658,0.10865277586346653,,,,,,,,,,,,28.178620050897873,35.73750329133984,27.630308274057658,35.04213195443161,26.916745364081997,34.15478093235665,24.161043960460834,30.89365564297482,,,,,-0.0016718620942075624,0.3532138543720649,0.4477988172139007,0.26466541705579383,0.3354201526290052,77.40831567885047,77.39992595453599,28.213704681396486,35.78199920654297,27.47515360514323,34.84533291771298,26.938243048531668,34.164396558489116,23.997715783497643,30.706281661987305,0E-15
2021-11-05,,,,,,,36.049999237060550,36.139999389648440,36.029998779296875,36.099998474121094,2500,,,,,28.464441299438477,,,0.08155907148311056,0.08589076044160249,0.06760388446364866,0.1087853963864885,,,,,,,,,,,,28.273893800411408,35.858335018933595,27.706138549092277,35.13830163803975,26.965110862061888,34.21556898053679,24.195062911757102,30.93481250330009,,,,,0.006670340730027459,0.37367357530006373,0.47375921678384003,0.2864670487046478,0.3630879654599722,80.0978400680673,80.09025367926351,28.32093925476074,35.917999267578125,27.541536603655135,34.929523286365324,26.980045409429643,34.217412433927024,24.028680445655944,30.743622923654222,0.049999237060544
2021-11-08,,,,,,,36.171001434326170,36.171001434326170,36.171001434326170,36.171001434326170,100,,,,,28.520431518554688,,,0.04804621695052697,0.08518948548414153,0.06750287644056013,0.10878666884135445,,,,,,,,,,,,28.356073039792502,35.96255715739778,27.78016518267977,35.23218343770215,27.013714632577287,34.276676244717706,24.229255548964986,30.976205301173813,,,,,0.0019650912379015127,0.38991133908711006,0.49436364954833323,0.30715590678114024,0.3893431022776444,80.8252034758476,80.81777878214922,28.376292037963868,35.988199615478514,27.61144955952962,35.01819011143276,27.021334754096138,34.26977750990126,24.05979971658616,30.781158644055562,0E-15
2021-11-09,,,,,,,36.195999145507810,36.195999145507810,36.195999145507810,36.195999145507810,100,,,,,28.540140151977540,,,0.04887046488671362,0.07454831702996537,0.06752308937070597,0.10837370663700437,,,,,,,,,,,,28.41742874385418,36.04037115343446,27.849253816252293,35.31980304750267,27.061415430058545,34.3366550853674,24.263333688119236,31.01746849361914,,,,,0.0006907969419022381,0.3997619984059959,0.5068670692780444,0.32567712510611135,0.4128478956777244,81.08722413849895,81.07990713243156,28.42454719543457,36.04939956665039,27.69390306018648,35.12276149931408,27.06233621022058,34.321777525402254,24.090112481798446,30.817650704156783,0E-15
2021-11-10,,,,,,,36.430000305175780,36.444000244140625,36.310001373291016,36.444000244140625,400,,,,,28.735687255859375,,,0.05955765180904399,0.07514344824525518,0.0675225885815272,0.10823411179715436,,,,,,,,,,,,28.52351491452258,36.17491418366985,27.929838674398393,35.42200279265157,27.11373642461482,34.40250962157906,24.29868826177726,31.060365977812985,,,,,0.006828285946138431,0.4185232583141456,0.5306704963728563,0.3442463517477182,0.4364124158167508,83.4968575908106,83.4903217421836,28.50718116760254,36.15419998168945,27.784954797653924,35.23823765345982,27.107943459162637,34.379618811228916,24.12044552394322,30.854150703975133,0.013999938964845
2021-11-11,,,,,,,36.580001831054690,36.639999389648440,36.576000213623050,36.630001068115234,1000,,,,,28.882339477539062,,,0.044264544709102245,0.07474833754840803,0.0677772530472136,0.10763721598059173,,,,,,,,,,,,28.64312310219474,36.32660981181831,28.01642965650209,35.53182081769372,27.169005270018705,34.472118729283316,24.334922658739803,31.104394713704703,,,,,0.005090508879965697,0.4401515080250178,0.5581100506089456,0.3634273830031781,0.4607519427751897,85.03659956170094,85.03066316566239,28.628607940673827,36.30820007324219,27.875180108206614,35.35266621907552,27.15587852114723,34.44041249108693,24.152251372261652,30.892539599585156,0.049999237060544
2021-11-12,,,,,,,36.639999389648440,36.779998779296875,36.639999389648440,36.707000732421875,3600,,,,,28.943061828613280,,,0.040220859264547895,0.07275044018301469,0.06757262668841059,0.10722126473020142,,,,,,,,,,,,28.743102677667586,36.45340678535283,28.100668944875835,35.63865535539628,27.224444537474785,34.54195879188139,24.371350636367264,31.148684089346737,,,,,0.002100197215143581,0.4569246945448704,0.5793904717288285,0.3821268453115166,0.48447964856591746,85.63425921919898,85.62844246272579,28.72433204650879,36.42960052490234,27.970437458583287,35.473475864955354,27.205127837165954,34.50287283034552,24.18497093897017,30.932103096492707,0.067001342773435
2021-11-15,,,,,,,36.229999542236330,36.619998931884766,36.000000000000000,36.020999908447266,2400,,,,,28.402153015136720,,,0.1645678430188264,0.10570697338449175,0.07906001405161445,0.10910351193040088,,,,,,,,,,,,28.6294527901573,36.309271159717646,28.128076587626822,35.67341395112819,27.26124792740172,34.588178826774076,24.403214686792317,31.187200419932513,,,,,-0.018865562113051758,0.4217095399506725,0.5347367134660388,0.39004338423934776,0.49453106154594173,61.911897620816305,61.908679732956124,28.700676345825194,36.399600219726565,28.03355398632231,35.55352347237723,27.246179277934726,34.55493630303277,24.215372009882852,30.968722146654887,-0.208999633789064
2021-11-16,,,,,,,36.200000762939450,36.319999694824220,36.200000762939450,36.200000762939450,1600,,,,,28.543296813964844,,,0.1697589363008127,0.10571303605721552,0.07932504318404197,0.10830228852570903,,,,,,,,,,,,28.60073413142648,36.27284769412491,28.16582388093028,35.721285479474666,27.301311955106815,34.638548262279244,24.435942608746252,31.226827300114387,,,,,0.004957168247327609,0.4005728467711265,0.5079369799892604,0.3921492767457035,0.4972122452346055,64.66273982075145,64.6596053122999,28.701307678222655,36.40040054321289,28.097008841378347,35.633999779110866,27.28835720486111,34.60842834957062,24.247346915895978,31.007361041174995,0E-15
2021-11-17,,,,,,,36.243999481201170,36.243999481201170,36.243999481201170,36.243999481201170,100,,,,,28.577991485595703,,,0.1599758039978321,0.10522391101118654,0.07744481456516199,0.10827426647850519,,,,,,,,,,,,28.59315324948289,36.26323162315033,28.20329366317259,35.768804934177076,27.341208190434596,34.68871861287056,24.46868607812846,31.26648874028108,,,,,0.0012147721779454117,0.38221549290846113,0.48466145145722805,0.390162519978255,0.49470208647913,65.32567343419343,65.32253843585659,28.66976852416992,36.360400390625,28.15535745166597,35.70799981980097,27.326955734737336,34.65738072471013,24.279152310083784,31.045777706872848,0E-15
2021-11-18,,,,,,,36.349998474121094,36.349998474121094,36.349998474121094,36.349998474121094,100,,,,,28.661563873291016,,,0.15535953555360948,0.10518545625150595,0.07749606727212384,0.10828418976488005,,,,,,,,,,,,28.615956790752264,36.29215390680725,28.244954591365175,35.821640710535625,27.38246930552386,34.74063360853464,24.5018313571416,31.30667458797942,,,,,0.0029200942095412357,0.3701439617734259,0.46935819119973843,0.3861588083372892,0.4896333074232517,66.9348099893841,66.93190119557596,28.625613403320312,36.30439987182617,28.216371354602632,35.78538077218192,27.366505335247705,34.70753945244683,24.311237108139764,31.084547542390368,0E-15
2021-11-19,,,,,,,36.375000000000000,36.375000000000000,36.209999084472656,36.209999084472656,500,,,,,28.551176071166992,,,0.15230594951668286,0.10724745250968597,0.07815686700876373,0.10771829832239366,,,,,,,,,,,,28.594363217557174,36.26476896602905,28.272792907710794,35.85694601725717,27.418991391950204,34.7865512796577,24.533841987292,31.34543604644972,,,,,-0.0038588586811709024,0.34766218009621497,0.4408516036049619,0.37845948268907437,0.47987696665959373,62.789877502491564,62.787257073331915,28.547236251831055,36.20499954223633,28.269462676275346,35.85271399361746,27.403101179334854,34.75395214746869,24.341777968028236,31.12133325092376,-0.165000915527344
2021-11-22,,,,,,,36.119998931884766,36.119998931884766,35.870998382568360,35.870998382568360,800,,,,,28.283878326416016,,,0.09203791334394311,0.11175305122068212,0.08043263639149166,0.10824276703915864,,,,,,,,,,,,28.490868253843455,36.133512104875486,28.27380067304763,35.85822350501273,27.446019108652262,34.82044025162366,24.563486543332505,31.381211242782676,,,,,-0.009406156758809004,0.3047633893992199,0.38645064162118814,0.36372026403110347,0.4611917016519126,54.06013482820872,54.05807071538335,28.523581314086915,36.17499923706055,28.31643395196824,35.912285396030974,27.43290098886641,34.79174574594649,24.37119668627542,31.15669435924954,-0.249000549316406
2021-11-23,,,,,,,35.689998626708984,35.909999847412110,35.689998626708984,35.909999847412110,900,,,,,28.314634323120117,,,0.08000945215110562,0.11103739203578118,0.07873307527082009,0.10819408111799714,,,,,,,,,,,,28.43212361026901,36.05900801905436,28.277512823054224,35.86293044523086,27.47316333410438,34.854488988992046,24.593139885465217,31.41701194321453,,,,,0.0010868130023792668,0.2701336085115962,0.34253603735795934,0.345002932927202,0.43746056879312195,54.83817581622297,54.836034404566014,28.47784881591797,36.11699905395508,28.358111336117698,35.965142567952476,27.459321672954257,34.82525368342324,24.400368819161066,31.191734041486466,0.220001220703126
2021-11-24,,,,,,,35.700000762939450,35.759998321533200,35.459999084472656,35.694999694824220,900,,,,,28.145107269287110,,,0.08037570839438557,0.11400817220174368,0.07962062017591236,0.1083160680685774,,,,,,,,,,,,28.336451496608376,35.93767191097765,28.26547595452994,35.84766401337571,27.494161582078842,34.8807549485493,24.621218679013214,31.45083002820749,,,,,-0.006005254665489289,0.22640004245613454,0.28707545446825833,0.3212823548329885,0.40738354592814924,49.82876366993098,49.826964829075315,28.39127197265625,36.007199096679685,28.39122808547247,36.007142566499255,27.481161601959712,34.852952079167444,24.42835215159825,31.225253884754483,-0.005001068115230
2021-11-26,,,,,,,35.000000000000000,35.389999389648440,34.826999664306640,34.826999664306640,4000,,,,,27.460699081420900,,,0.15477711649737336,0.14401678721844807,0.09405828457594684,0.11095498863045675,,,,,,,,,,,,28.044534024879216,35.56744782875398,28.192314420610938,35.754876345278525,27.49311587893328,34.87907509591672,24.643665164407743,31.477519116239893,,,,,-0.02461767202914141,0.13495913050362773,0.17110974800948497,0.28401770996711634,0.36012878634441636,35.664342025851894,35.66324011794931,28.151099014282227,35.702599334716794,28.385821297055198,36.00028537568592,27.490135313972594,34.86433301653181,24.45429846597096,31.256206262679328,-0.173000335693360
2021-11-29,,,,,,,34.599998474121094,34.680000305175780,34.360000610351560,34.554000854492190,17100,,,,,27.245439529418945,,,0.14963562520100554,0.1342312689284723,0.09534959168985037,0.11130026946439145,,,,,,,,,,,,27.778169193059128,35.22963217066672,28.10623488504803,35.64570584611613,27.48537599301096,34.8689165258722,24.664232550692414,31.50183912998102,,,,,-0.007869707803434708,0.04460769242667695,0.056525773812879265,0.23613570645902848,0.29940818383810897,32.53205105480173,32.53112429527512,27.889951705932617,35.3713996887207,28.34955070132301,35.95428539457775,27.49456587291899,34.869952065604075,24.479455085027787,31.286158644963823,-0.045997619628904
2021-11-30,,,,,,,34.049999237060550,34.139999389648440,33.709999084472656,33.750000000000000,24600,,,,,26.611492156982422,,,0.18039183707367812,0.15478482440701383,0.10623812402672968,0.11140324847099904,,,,,,,,,,,,27.389276847700224,34.73642144711114,27.97034918249661,35.47336895101466,27.458067123135066,34.833950384438694,24.679625907263876,31.519611152668915,,,,,-0.023542991921218556,-0.0772601214453772,-0.0980289838084758,0.17345654087814735,0.21992075030879202,25.444486460442462,25.443836711902414,27.555474472045898,34.947200012207034,28.286847069149925,35.874761672247026,27.49056080409459,34.86487270536877,24.503988356817338,31.315364996592205,-0.299999237060550
2021-12-01,,,,,,,34.119998931884766,34.569999694824220,34.119998931884766,34.270000457763670,11100,,,,,27.021512985229492,,,0.2578153094113317,0.1598140062614716,0.11061425877334424,0.11230702916872438,,,,,,,,,,,,27.266688893543314,34.58094778399532,27.884091346381418,35.36397181526457,27.444424806325518,34.8163269492301,24.698138848591668,31.54135336061433,,,,,0.015290167512819494,-0.13915193095567346,-0.17652023621092638,0.11093484651138319,0.14063255300484834,35.267512135304706,35.26674966755735,27.296850204467773,34.61920013427734,28.228649230230424,35.80095218476795,27.492563308231414,34.86741238548642,24.529995093269953,31.34643642486088,0.150001525878904
2021-12-02,,,,,,,34.770000457763670,34.770000457763670,34.759998321533200,34.759998321533200,500,,,,,27.407869338989258,,,0.30911139142314087,0.16909181356562922,0.11408350146042111,0.1121128857159965,,,,,,,,,,,,27.313749042025297,34.64063129650795,27.840798436618492,35.309065134016265,27.44328244797126,34.81456667961457,24.719559642982166,31.566797194297482,,,,,0.0141968483356888,-0.15523643803896903,-0.19691645638266664,0.05770058960131274,0.07312275112734533,42.90158637550949,42.90090688314554,27.149402618408203,34.43219985961914,28.186220895676385,35.74714261009579,27.501474441043914,34.878713940817214,24.556244782039098,31.377785622127472,-0.010002136230470
2021-12-03,,,,,,,34.433998107910156,34.520000457763670,34.433998107910156,34.513999938964844,1100,,,,,27.213903427124023,,,0.2615304032972656,0.1699301997516703,0.11467813219377117,0.11192862398472712,,,,,,,,,,,,27.28046717039154,34.59842084399358,27.783807981209904,35.23678647992068,27.436114353569785,34.80517396896927,24.739277775663126,31.59009523970987,,,,,-0.0071021761967756235,-0.1815422478052824,-0.23027614137870955,0.009852022119993713,0.012442972626134356,40.330093383037635,40.32945285883153,27.100043487548827,34.36959991455078,28.13342975434803,35.68019031343006,27.505279268537247,34.883539351205975,24.58077553340367,31.406932444799516,0.080001831054688
2021-12-06,,,,,,,34.720001220703125,34.928001403808594,34.720001220703125,34.928001403808594,400,,,,,27.540336608886720,,,0.27022225262101296,0.17655873799987043,0.11652083694820578,0.11243497636980432,,,,,,,,,,,,27.3670903165566,34.708281030598584,27.761674220089617,35.20871510936504,27.43937129904844,34.809012326308,24.761420533238017,31.616481849702748,,,,,0.011923717655222262,-0.1740431013812369,-0.22076265930684258,-0.02692700258025241,-0.03419815376046103,46.177088724263676,46.17652356669015,27.159022903442384,34.444400024414065,28.09843599228632,35.63580939883278,27.51651842631991,34.897793361118865,24.60632212199862,31.437361020890492,0.208000183105469
2021-12-07,,,,,,,35.317001342773440,35.317001342773440,35.317001342773440,35.317001342773440,100,,,,,27.847061157226562,,,0.14607150922452639,0.17968193999230667,0.1181656573138992,0.11261003585817259,,,,,,,,,,,,27.52708059677992,34.911187801323535,27.769436668920246,35.218559312402164,27.452111607116503,34.824886983072545,24.785812949237926,31.645734968225046,,,,,0.01107572105702371,-0.14171624945629802,-0.17976192854328588,-0.04988485195546153,-0.06331090871702601,51.03248189418298,51.03191029138944,27.40613670349121,34.75780029296875,28.069036937895277,35.598523821149556,27.534115564255487,34.92011085389152,24.632339386712935,31.468368961697532,0E-15
2021-12-08,,,,,,,35.229999542236330,35.270000457763670,35.180000305175780,35.196998596191406,900,,,,,27.752437591552734,,,0.15593192494094035,0.17951142607376816,0.11827544171098134,0.11265905368286246,,,,,,,,,,,,27.602199595037526,35.00645806627949,27.767891298250472,35.216599247292095,27.461496794130138,34.836515470982505,24.809264527438042,31.67380819848565,,,,,-0.003403759356071962,-0.12232226245254907,-0.1551631485721927,-0.06437233405487904,-0.08168135668805934,49.54752236512222,49.5470147252315,27.55232162475586,34.943199920654294,28.03246579851423,35.55214273361933,27.54864626082163,34.938539414178756,24.658143974485853,31.49911101659139,-0.033000946044924
2021-12-09,,,,,,,35.138999938964844,35.138999938964844,35.091999053955080,35.091999053955080,100,,,,,27.669649124145508,,,0.14148054203892946,0.1794496946000906,0.1184437223267329,0.1122144350673285,,,,,,,,,,,,27.624682771406853,35.03497172883802,27.75896019151366,35.20527195698873,27.468001554443116,34.8444993329504,24.831876263380394,31.70082947007039,,,,,-0.002987564485240728,-0.11233776561939024,-0.14249839101173478,-0.07396542036778128,-0.09384476355279443,48.225319013997265,48.22478982595416,27.604677581787108,35.00960006713867,27.99101384480794,35.499571300688245,27.562313443138486,34.95587273249551,24.684434103587318,31.530487999083505,-0.047000885009764
2021-12-10,,,,,,,35.241001129150390,35.241001129150390,35.241001129150390,35.241001129150390,100,,,,,27.787132263183594,,,0.11676295570939753,0.17815877996317123,0.11838135021505013,0.1121263079020392,,,,,,,,,,,,27.6788326019991,35.10364819560881,27.761521288938198,35.20852006354888,27.47797438909126,34.85689001408165,24.85523797088872,31.728815016782484,,,,,0.004236932322786914,-0.09386307734399679,-0.11906574144295234,-0.07794495176302438,-0.09888895913082602,50.25404982079934,50.2535895718332,27.719323348999023,35.15500030517578,27.945844559442428,35.442285628545854,27.575842902773903,34.97303148299929,24.71064361693367,31.56174990487477,0E-15
2021-12-13,,,,,,,33.310001373291016,33.310001373291016,32.751998901367190,32.751998901367190,1800,,,,,27.409696578979492,,,0.1471394597987537,0.18111733899182625,0.12172749389011236,0.11308328192416792,,,,,,,,,,,,27.589120594325898,34.31976509752827,27.7295372243965,34.985199957896,27.475840707525265,34.79111216680932,24.87543131956928,31.736903426937303,,,,,-0.013676204775622548,-0.10842777128304704,-0.29790283768437575,-0.08404151566702892,-0.13869173484153596,44.25452596337896,29.47576575261031,27.693195343017578,34.7197998046875,27.87571870713007,35.25761885870071,27.583256221952894,34.9505235581171,24.735392237466478,31.583182440863716,-0.558002471923826
2021-12-14,,,,,,,32.900001525878906,32.909999847412110,32.890998840332030,32.890998840332030,200,,,,,27.526025772094727,,,0.1168007750465013,0.18194847489737628,0.12184482897420852,0.11295432613882093,,,,,,,,,,,,27.568088986915505,33.84350967846286,27.711036183278154,34.794818038117455,27.47740899079306,34.73173362535691,24.89638463539952,31.746026710837658,,,,,0.0042351083051756664,-0.10932339048783035,-0.42353415342410017,-0.0890978906311892,-0.1956602185580488,46.37928065147827,31.1868770030516,27.62898826599121,34.23459930419922,27.808240799676803,35.075904482886905,27.591139233301558,34.92847594003829,24.76103987769475,31.60602370519487,-0.009002685546876
2021-12-15,,,,,,,32.889999389648440,32.939998626708984,32.889999389648440,32.919998168945310,500,,,,,27.550292968750000,,,0.11824635806633399,0.17200617471838425,0.12184908006321896,0.11196722916914617,,,,,,,,,,,,27.562156980860337,33.535672508623676,27.696423163775595,34.62437986819272,27.479686615104214,34.67511689234404,24.917364147916125,31.755307117621115,,,,,0.000881220778020815,-0.10684339109471708,-0.5148233101578725,-0.09264699072389478,-0.25949283687801356,46.83452489164795,31.559962291967878,27.588559341430663,33.77919921875,27.767676035563152,34.92823773338681,27.599407438247923,34.906888628762864,24.785443919045584,31.62725385786995,0.029998779296870
2021-12-16,,,,,,,32.909999847412110,32.909999847412110,32.540000915527344,32.650001525878906,6200,,,,,27.324337005615234,,,0.12798001035525888,0.17188525693866374,0.12295574476534413,0.11192719257768592,,,,,,,,,,,,27.482883655778636,33.240448847708755,27.66259714939738,34.44489092798237,27.474831939807682,34.61183203714201,24.936391601336673,31.762379800690347,,,,,-0.008235399138018271,-0.12170776024083452,-0.6020174151920941,-0.09845914462728272,-0.32799775254082963,43.16014855466773,29.932770030495846,27.51949691772461,33.29079971313477,27.709630330403645,34.759190150669646,27.604977683415488,34.88214262705001,24.809687485770574,31.64836100926475,-0.259998321533204
2021-12-17,,,,,,,32.549999237060550,32.549999237060550,32.365001678466800,32.520000457763670,1400,,,,,27.215541839599610,,,0.1131129095286709,0.17157412048007986,0.12309542370051396,0.1117115402624122,,,,,,,,,,,,27.393769717052294,33.00029938439373,27.621955757597583,34.26990088523522,27.466729124176183,34.546462300286436,24.954408599267605,31.768368896793696,,,,,-0.003989569196844384,-0.14064546714299198,-0.6738417432002848,-0.10689640913042457,-0.39716655067272066,41.47299955362503,29.153363043226694,27.405178833007813,32.74659957885742,27.644751775832404,34.581856863839285,27.607494384523424,34.8536505926223,24.83269537062872,31.667916570390975,-0.029998779296880
2021-12-20,,,,,,,32.590000152587890,32.610000610351560,32.439998626708984,32.603000640869140,7400,,,,,27.285001754760742,,,0.08125137044384047,0.17143589598599843,0.12305209649105493,0.11171329641581702,,,,,,,,,,,,27.357513729621775,32.86786646988553,27.591323575521507,34.11836449938375,27.46105014388195,34.48572912342964,24.97283226057585,31.7749667761935,,,,,0.0025489636685502135,-0.14833894265584036,-0.7158141594467082,-0.11518491583550773,-0.4608960724275182,43.004854721184465,30.399445829520374,27.38023986816406,32.716799926757815,27.579201198759534,34.403428395589195,27.612302537948366,34.827983916751926,24.856022017342703,31.687857052636524,0.013000488281250
2021-12-21,,,,,,,32.799999237060550,32.889999389648440,32.799999237060550,32.889999389648440,400,,,,,27.525186538696290,,,0.10282494288506629,0.17555753863116497,0.12406339120130036,0.11129442036654284,,,,,,,,,,,,27.413404665979947,32.8752441098065,27.585311117628304,34.00669494395327,27.463054406219896,34.43586256924898,24.993008974236883,31.783781263256387,,,,,0.008764294699651579,-0.13351608238579615,-0.7176466177491605,-0.11885114914556541,-0.5122461814918466,48.06664072196527,34.677775619167576,27.380072021484374,32.716600036621095,27.530344554356166,34.245333172026136,27.619371202256943,34.804904513888886,24.881262824648903,31.710174507564968,0.090000152587890
2021-12-22,,,,,,,33.273998260498050,33.273998260498050,33.273998260498050,33.273998260498050,100,,,,,27.846549987792970,,,0.132555680467155,0.1790565069916667,0.12584815949252864,0.1114893596538903,,,,,,,,,,,,27.55778643991762,33.00816216003702,27.609060105825094,33.940086154548254,27.475038643144057,34.39955430960052,25.01556661070768,31.79556163477608,,,,,0.011607620693876065,-0.09474534882878416,-0.6802716068613748,-0.11402998908220917,-0.5458512665657522,53.95848420270885,39.99273580468758,27.43932342529297,32.78740005493164,27.509519395374117,34.1216664995466,27.629588384476918,34.78544416881743,24.908376443953742,31.73478560977512,0E-15
2021-12-23,,,,,,,33.261001586914060,33.261001586914060,33.261001586914060,33.261001586914060,100,,,,,27.835674285888672,,,0.10206853839213996,0.17893947455099396,0.1254453228144022,0.11143463059880328,,,,,,,,,,,,27.650415721907972,33.092441968996035,27.629661394921783,33.878351193854236,27.486308506979825,34.36397453701657,25.03785995201346,31.80714614032658,,,,,-0.0003906346121929439,-0.06415727626418288,-0.644273579621391,-0.1040554465186039,-0.56553572917688,53.736297520358114,39.87448039013551,27.541590881347656,32.90960006713867,27.486711774553573,33.99552372523716,27.641635501195513,34.76831720745753,24.935037249610538,31.758817362406898,0E-15
2021-12-27,,,,,,,33.291999816894530,33.291999816894530,33.291999816894530,33.291999816894530,100,,,,,27.861618041992188,,,0.08285816112828054,0.17801409510831787,0.12544619947762256,0.11143235653806839,,,,,,,,,,,,27.72081649526938,33.15896125162887,27.650748362837273,33.82504652322153,27.49803692994896,34.33047532701275,25.060182150353214,31.81888411405439,,,,,0.0009315985354231689,-0.03739153771369885,-0.6062550546956516,-0.0907226647576229,-0.5736795942806343,54.22056902406347,40.32769313685145,27.67080612182617,33.06399993896484,27.47321228753953,33.88109515962147,27.653718978639635,34.75120611039419,24.961770186348566,31.78293244043986,0E-15
2021-12-28,,,,,,,33.169998168945310,33.169998168945310,33.119998931884766,33.119998931884766,100,,,,,27.717672348022460,,,0.10937734295891399,0.15620674600554985,0.12537779530379045,0.11151773323668777,,,,,,,,,,,,27.71976844618707,33.145973811714164,27.656832361490473,33.76095128764546,27.50490053676376,34.292647939665,25.081189978002772,31.82916960668546,,,,,-0.005179843600283773,-0.027477962724852034,-0.583280439900534,-0.07807372435106873,-0.5755997634046143,51.028918023265724,38.589527333516045,27.757340240478516,33.16739959716797,27.48544910975865,33.79980941045852,27.66589561341301,34.734380691770525,24.988218383183554,31.806734024532258,-0.049999237060544
2021-12-29,,,,,,,33.139999389648440,33.200000762939450,33.139999389648440,33.200000762939450,300,,,,,27.784626007080078,,,0.09747222045506128,0.15334659834350026,0.12543579063235513,0.11149452571221631,,,,,,,,,,,,27.741387633151408,33.16398279545593,27.66844996563498,33.709955785399465,27.513641957711144,34.258502715392325,25.102561013805754,31.84000621661632,,,,,0.002412645728887312,-0.014056744985690983,-0.5522514025848935,-0.06527032847799318,-0.5709300912406701,52.43150894119308,39.88732738684547,27.809228134155273,33.229399871826175,27.511124656313942,33.735333215622674,27.679135004679363,34.718825143481055,25.014621159387012,31.83045228322347,0.060001373291010
2021-12-30,,,,,,,33.169998168945310,33.250000000000000,33.150001525878906,33.240001678466800,1500,,,,,27.818099975585938,,,0.046898928129882854,0.12490080484510876,0.12536057382181467,0.11145970411622505,,,,,,,,,,,,27.766958413962918,33.18932242312622,27.68205451199416,33.66723268476922,27.523156270769732,34.2266745579884,25.124027724966073,31.85107337441751,,,,,0.0012040406997407371,-0.0007110669903198641,-0.5184564837617884,-0.05235847618045851,-0.5604353697448937,53.15391633566541,40.56367811404479,27.803538131713868,33.22260055541992,27.568582171485538,33.71104758126395,27.69365664890834,34.70485693310935,25.041298449985565,31.854511813511923,0.070003509521490
2021-12-31,,,,,,,33.150001525878906,33.150001525878906,33.150001525878906,33.150001525878906,100,,,,,27.742778778076172,,,0.050253196347844364,0.11623494626872262,0.12552801521830606,0.11141957043630751,,,,,,,,,,,,27.758898535334,33.17621545737711,27.687574899819797,33.62021167032464,27.53001947412306,34.19302852573498,25.14472931431872,31.86134158114843,,,,,-0.0027113049808055287,0.0037445232843715814,-0.4932501466138106,-0.04113787628749249,-0.5469983251186772,51.26723983561426,39.48716366907464,27.784959030151366,33.20040054321289,27.602928161621094,33.657714298793245,27.7067323412214,34.68914268130348,25.067180943867516,31.877575314234175,0E-15
2022-01-03,,,,,,,33.216999053955080,33.216999053955080,33.216999053955080,33.216999053955080,100,,,,,27.798849105834960,,,0.052955022873752304,0.10638778249783395,0.12556550378851664,0.11095390437915989,,,,,,,,,,,,27.772215392167656,33.18980998956977,27.697690736730266,33.58355597792741,27.538420400114052,34.16252760474186,25.165710498441378,31.872058241012514,,,,,0.0020190386541648177,0.011665544394482197,-0.462535975422135,-0.030577192151097558,-0.5301058551793687,52.61557647156241,40.7477926438487,27.772405242919923,33.185400390625,27.621546245756605,33.58423814319429,27.7204227144756,34.67414268614754,25.094049839746383,31.90188880193801,0E-15
2022-01-04,,,,,,,33.119998931884766,33.250000000000000,33.119998931884766,33.250000000000000,900,,,,,27.826467514038086,,,0.032353521324902906,0.10255882934350702,0.12554615063648963,0.10977119298783956,,,,,,,,,,,,27.79029943279113,33.20987332637985,27.709397716485523,33.55323270720674,27.54742187242418,34.13401111709368,25.186744150738587,31.882951061241666,,,,,0.0009930158478506257,0.019941709800146867,-0.43056854673649525,-0.020473411760848673,-0.510198393490794,53.300962873711995,41.395417702098854,27.79416427612305,33.21140060424805,27.65071596418108,33.524047669910246,27.73382556249225,34.658745841374476,25.119580609457834,31.924468169136652,0.130001068115234
2022-01-05,,,,,,,33.220001220703125,33.325000762939450,33.209999084472656,33.290000915527344,2300,,,,,27.859941482543945,,,0.02953176183903586,0.09467067659193261,0.12545811766853096,0.10958994233229458,,,,,,,,,,,,27.813513449375403,33.23658252276235,27.723083513399924,33.5293025443268,27.55718811024042,34.10763579829473,25.207876145456414,31.89407398499096,,,,,0.0012022313214608707,0.02886891710932815,-0.39742512021152976,-0.010604945986813307,-0.48764373883494117,54.16628573518192,42.21979572984986,27.80922737121582,33.229400634765625,27.665935243879044,33.44604764665876,27.7465082804362,34.64239665440151,25.14568775419205,31.947777695126003,0.069999694824219
2022-01-06,,,,,,,33.481998443603516,33.481998443603516,33.481998443603516,33.481998443603516,100,,,,,28.020618438720703,,,0.04789189631973593,0.08882727876047833,0.12590273625687248,0.10947761968822477,,,,,,,,,,,,27.882548445823836,33.3183878297094,27.75013214297454,33.52500217153377,27.57167030800543,34.08808463096063,25.230111262399216,31.906626747509637,,,,,0.0057507440589706854,0.0483517123074364,-0.35161294482308847,0.0011863856720366341,-0.4604375800325706,58.17274466675417,46.13632354379737,27.849731063842775,33.27779998779297,27.674199876331148,33.3586665562221,27.761591139293852,34.628904554578995,25.172913036649188,31.97246816423204,0E-15
2022-01-07,,,,,,,33.549999237060550,33.560001373291016,33.549999237060550,33.549999237060550,500,,,,,28.077533721923828,,,0.030663294797047123,0.08796573059690109,0.1259123552263858,0.1094021137770405,,,,,,,,,,,,27.947543537857168,33.395591632159785,27.77989592287902,33.5272746320362,27.58747853969038,34.071269462401254,25.252620530853957,31.919617834383555,,,,,0.0020291328872519853,0.06760524438703186,-0.30628866497148977,0.014470157415035679,-0.42960779702035445,59.52248273708224,47.49381051508267,27.916682052612305,33.3577995300293,27.689680644444056,33.280238015311106,27.777865334162637,34.616856953454395,25.199920624021498,31.996857052757626,0E-15
2022-01-10,,,,,,,33.630001068115234,33.900001525878906,33.630001068115234,33.900001525878906,800,,,,,28.370447158813477,,,0.06373381581882516,0.09321295635703913,0.12586275088079255,0.10964363678770142,,,,,,,,,,,,28.08851141150927,33.56372826339949,27.833582398873062,33.56115889511281,27.61194630903798,34.06591733938493,25.277267381667865,31.93527304143095,,,,,0.010378265490374397,0.10528580443617841,-0.23936730968377162,0.03263328681926422,-0.3915596995530379,65.66351095338281,53.92961843675739,28.03100166320801,33.49440002441406,27.723051979428245,33.223476228259855,27.802656294807555,34.615269676087394,25.22750837840731,32.02188483495561,0.270000457763672
2022-01-11,,,,,,,34.040000915527344,34.481998443603516,34.040000915527344,34.481998443603516,200,,,,,28.857507705688477,,,0.10390189285849072,0.10784969256132605,0.12992344052049576,0.11070675852359416,,,,,,,,,,,,28.344843509569007,33.8698183234675,27.926666517674466,33.64487158133924,27.650870102683307,34.07891987389176,25.30556967671941,31.955405258048916,,,,,0.01702218115754872,0.17246160531444232,-0.13778111128164028,0.060598950518299846,-0.3408039818987584,72.99908424731187,62.22179240339025,28.237209701538085,33.74079971313476,27.774022238595144,33.187333243233816,27.834940531897168,34.622618841746494,25.25656072677128,32.048618952433266,0.441997528076172
2022-01-12,,,,,,,34.639999389648440,34.846000671386720,34.639999389648440,34.790000915527344,1100,,,,,29.115274429321290,,,0.0888282344350823,0.09456227582479512,0.13047458180507857,0.11096882685516145,,,,,,,,,,,,28.6016538161531,34.176545854154114,28.03472178236963,33.74897424808361,27.69663273789074,34.10114115644287,25.335685919822982,31.977813128859022,,,,,0.008892739414522892,0.24368943175884183,-0.0320506320235765,0.09721704676640824,-0.279053311923722,75.92987674867426,65.73655373089437,28.488276290893555,34.04079971313477,27.855240231468564,33.28438095819382,27.86871301560175,34.63155534532335,25.286423410688126,32.07630149901859,0.150001525878904
2022-01-13,,,,,,,34.900001525878906,35.180000305175780,34.900001525878906,34.979999542236330,2200,,,,,29.274278640747070,,,0.08951335577997743,0.09487442448768978,0.13061382171587213,0.11104545739609603,,,,,,,,,,,,28.825862091017758,34.44436375018152,28.147408769494852,33.860885638461134,27.745934172355003,34.12860548099892,25.366821040146494,32.001545827779,,,,,0.005446337438977437,0.3094017179841835,0.06630847302460552,0.1396539810099633,-0.2099809549340565,77.54875248864734,67.73099394496748,28.739008331298827,34.34039993286133,27.938490368071058,33.383857182094026,27.905722875443715,34.644412509978764,25.316904749189103,32.10472212897407,0.079998016357424
2022-01-14,,,,,,,35.000000000000000,35.025001525878906,34.909999847412110,35.025001525878906,700,,,,,29.311944961547850,,,0.09311431387841704,0.09477451009321916,0.1304035447946687,0.11092409472544366,,,,,,,,,,,,28.98788971452779,34.63790967541398,28.253275696045126,33.966714355499114,27.79487200951728,34.156617857401415,25.398007790513304,32.0254466633371,,,,,0.0012858424276067024,0.3603644781621185,0.14620469962900273,0.18379608044039433,-0.13874382402144464,77.92747101749487,68.20310114494693,28.985890579223632,34.635400390625,28.022378558204288,33.484095437186106,27.941202860029918,34.65528554765005,25.347874399215456,32.133757848588246,0.025001525878906
2022-01-18,,,,,,,35.049999237060550,35.069999694824220,34.990001678466800,34.990001678466800,800,,,,,29.282646179199220,,,0.11248643112520455,0.08700971841381927,0.13026334132550382,0.11043296028088598,,,,,,,,,,,,29.086141869418267,34.755273676431585,28.346854830877316,34.059740475768905,27.84136495231984,34.182661101809714,25.428716394376433,32.04888188084801,,,,,-0.0010000508313154114,0.39384862411802146,0.20434329732175627,0.22580658917591975,-0.07012639975280446,76.84166092683324,67.37746465842044,29.16833038330078,34.85340042114258,28.115631375994003,33.59552401588077,27.974090182591997,34.662904648553756,25.3777112885127,32.161345156412274,-0.059997558593750
2022-01-19,,,,,,,35.169998168945310,35.200000762939450,34.910999298095700,34.910999298095700,700,,,,,29.216531753540040,,,0.07357704422838306,0.08537618634740406,0.13017823923805324,0.11022465591544738,,,,,,,,,,,,29.129605164125522,34.80718221698629,28.4259163693012,34.13712764143497,27.88433891485797,34.20542167044365,25.4586595987967,32.07150731497645,,,,,-0.002260354970612996,0.41032025295831787,0.24126259796513239,0.2627093219323994,-0.007848600209217092,74.32497284972165,65.45143643651076,29.240135192871094,34.93920059204102,28.210916609991166,33.709381103515625,28.00367527916318,34.666412595718626,25.40652808688936,32.18764277110024,-0.258998870849610
2022-01-20,,,,,,,35.139999389648440,35.240001678466800,34.759998321533200,34.860000610351560,1900,,,,,29.173856735229492,,,0.04941144786425853,0.08698247231749873,0.13027487094301077,0.11009553285666446,,,,,,,,,,,,29.144355687826845,34.82478834810805,28.493910948021952,34.20284336588194,27.92463634674458,34.22587726231577,25.48802874612028,32.09355074023633,,,,,-0.001461714059911398,0.41514508602541866,0.2633702732592553,0.29319647475100324,0.046395174484477386,72.67052487493879,64.1760998761509,29.251851654052736,34.95320053100586,28.30086208525158,33.8168572925386,28.032144879537917,34.668555486769904,25.435591387370277,32.21427372523716,-0.279998779296880
2022-01-21,,,,,,,34.810001373291016,34.939998626708984,34.580001831054690,34.659999847412110,5400,,,,,29.006475448608400,,,0.04056142979406381,0.08974930720540099,0.1309544103957827,0.11024604465554463,,,,,,,,,,,,29.098395608087365,34.769858847876066,28.540507720802538,34.24440304602104,27.958443818677825,34.23944359310003,25.515842554045086,32.113838875470925,,,,,-0.005753894559666293,0.4008418744127695,0.26173525403002174,0.3147255546833565,0.08946319039358626,66.42501517505919,59.29641891964924,29.198291015625,34.889200592041014,28.371399652390252,33.901143028622585,28.057068961007253,34.66639673142206,25.46422148507739,32.24040864762806,-0.150001525878906
2022-01-24,,,,,,,34.509998321533200,34.799999237060550,34.509998321533200,34.520000457763670,1700,,,,,28.889312744140625,,,0.031298036386384454,0.0860309649553432,0.13078112351417986,0.1102117649181709,,,,,,,,,,,,29.028701320105117,34.6865727178386,28.57221726837873,34.269457356179466,27.98753347259854,34.24821099512077,25.54251030258339,32.13285991564715,,,,,-0.004047370907762233,0.37572134331241,0.24630347564166044,0.3269247124091672,0.12083124744320109,62.38348004819641,56.08187190629491,29.113764572143555,34.78820037841797,28.42105502174014,33.960476466587615,28.0823361230275,34.66480945405506,25.491782907455686,32.26521023492965,0.010002136230470
2022-01-25,,,,,,,34.549999237060550,34.729999542236330,34.540000915527344,34.729999542236330,800,,,,,29.065057754516600,,,0.0720467638347111,0.08690848707902617,0.13090998856626104,0.11030020759202305,,,,,,,,,,,,29.04082013157561,34.70104832597118,28.617020948936716,34.31132482763918,28.021206106408478,34.26326688721813,25.570356527499857,32.153390663683425,,,,,0.006064962748355088,0.36577783580437284,0.24815823748174637,0.3346953370882083,0.14629664545091015,65.7498050487251,59.618202849852985,29.07024688720703,34.736199951171876,28.479597091674805,34.03042875017439,28.10814006744869,34.66369834778801,25.519746031079972,32.290464204455176,0.180000305175780
2022-01-26,,,,,,,34.659999847412110,34.659999847412110,34.421001434326170,34.421001434326170,800,,,,,28.806459426879883,,,0.08991182382721856,0.09487830575886802,0.1323821991448359,0.110490128299613,,,,,,,,,,,,28.962699896677037,34.60769936208951,28.634242628749732,34.32129542824709,28.04574527267321,34.268196091815255,25.595938368601676,32.171316440526454,,,,,-0.008937040583407779,0.3331900036626152,0.2221339626515686,0.3343942704030897,0.16146410889104185,57.58387416851463,52.87202031406898,28.988232421875,34.63820037841797,28.52458953857422,34.084190731956845,28.129676637195406,34.657476152692524,25.547255894494434,32.31523008195181,-0.238998413085940
2022-01-27,,,,,,,34.619998931884766,34.990001678466800,34.546001434326170,34.546001434326170,5400,,,,,28.911073684692383,,,0.10130797291664416,0.09181785250876952,0.13229013314055668,0.10899364386144478,,,,,,,,,,,,28.94549115934882,34.5871333861684,28.659409088380883,34.34172324698155,28.072786785548807,34.27687750876872,25.62214497189093,32.19008865391618,,,,,0.0036250465580797355,0.3122064861843157,0.20918464234131307,0.3299567135593349,0.17100821558109608,59.76111760408894,55.0861272290427,28.935675811767577,34.57540054321289,28.581418173653738,34.15209561302548,28.150896193489196,34.65073013305664,25.57348675198025,32.33830945453946,-0.073997497558596
2022-01-28,,,,,,,34.700000762939450,34.810001373291016,34.610000610351560,34.729999542236330,5900,,,,,29.065057754516600,,,0.10457306799307031,0.09252569665864091,0.12917073373721275,0.10873595021216387,,,,,,,,,,,,28.985346691071413,34.63475543819104,28.696286239847765,34.37702109200471,28.10379525332905,34.291037572314586,25.649361673729867,32.210167000859414,,,,,0.005311994025327974,0.3044921292151095,0.21133320463987815,0.3248637966904898,0.1790732133928525,62.78885769989908,58.19922077401927,28.94739227294922,34.58940048217774,28.642391114007857,34.224952697753906,28.167688823881605,34.638190435984775,25.600993996574765,32.36297611963181,0.029998779296880
2022-01-31,,,,,,,34.909999847412110,35.051998138427734,34.909999847412110,35.051998138427734,200,,,,,29.334535598754883,,,0.11123599351700063,0.09562112706905349,0.13012279137285454,0.10903374859033767,,,,,,,,,,,,29.10174299363257,34.77383633826994,28.75430890883932,34.43838264167953,28.14225588912361,34.314817590005624,25.67849348341386,32.23263206914059,,,,,0.009228823058777539,0.3164749296574989,0.23629469326353814,0.3231860232838916,0.19051750936698963,67.41036955828012,63.028713676399754,29.03643684387207,34.69580001831055,28.714602334158762,34.311238243466335,28.19001052493141,34.6323491656591,25.629364225599502,32.388654686155775,0.141998291015624
2022-02-01,,,,,,,35.029998779296875,35.029998779296875,35.029998779296875,35.029998779296875,100,,,,,29.316122055053710,,,0.10998159405378631,0.09444806934657987,0.1284019408026667,0.10897581361827104,,,,,,,,,,,,29.17320268077295,34.85922381861225,28.80538283122245,34.49216592691747,28.178939206808924,34.33716700217097,25.707249440501922,32.254745639971866,,,,,-0.000627905808485352,0.3207877250403932,0.25140366347091003,0.32270636363519195,0.2026947401877737,66.79986954217176,62.497437793269285,29.086649703979493,34.75579986572266,28.789523442586262,34.40076192220052,28.20703361147926,34.61980946858724,25.657910891941615,32.41456737972441,0E-15
2022-02-02,,,,,,,35.012001037597656,35.012001037597656,35.012001037597656,35.012001037597656,100,,,,,29.301059722900390,,,0.06603883096570055,0.09505903377731657,0.12839044429823218,0.10839190527086338,,,,,,,,,,,,29.21582169481543,34.91014955827405,28.850444366829535,34.539423664252034,28.214005472936783,34.35825556577806,25.735659007951714,32.27654212532859,,,,,-0.0005139220968314264,0.31930944164962227,0.2589404594411917,0.322026979238078,0.2139438840384573,66.27115284704772,62.03673245823245,29.185569763183594,34.873999786376956,28.86105728149414,34.486238207135884,28.222941474309042,34.605872986808656,25.687291062067427,32.44155945096697,0E-15
2022-02-03,,,,,,,34.889999389648440,35.080001831054690,34.889999389648440,35.069999694824220,1600,,,,,29.349603652954100,,,0.06709697029142352,0.0949538233441533,0.12840826134459662,0.10837362360055056,,,,,,,,,,,,29.26041568086165,34.96343293712411,28.89582248374995,34.5876578488495,28.249492916062323,34.38049756981075,25.764227740323275,32.29862479386215,,,,,0.0016553586385776933,0.31838483863664635,0.26652114165316476,0.32129855111779165,0.2244593355613988,67.17294555994957,62.98370754582867,29.273275756835936,34.978799438476564,28.933587573823473,34.572904859270366,28.239244430784193,34.592380947536896,25.71694086468409,32.46888088044666,0.180000305175780
2022-02-04,,,,,,,34.889999389648440,35.099998474121094,34.889999389648440,35.099998474121094,400,,,,,29.374706268310547,,,0.06489169264178728,0.09502296477054692,0.12832874013983087,0.10835008618179927,,,,,,,,,,,,29.298512543344618,35.00895478278977,28.939357373255458,34.63423426932874,28.28465583332008,34.402981973070446,25.792769072560326,32.32077004034641,,,,,0.000854931013036281,0.3160346051519305,0.27181620963605724,0.32024576192461945,0.23393071037633048,67.65454635183733,63.49098482842277,29.335205459594725,35.052799224853516,29.005719230288552,34.6590952192034,28.256696822151305,34.58031742156498,25.746391508314346,32.49593643158201,0.209999084472654
2022-02-07,,,,,,,35.150001525878906,35.340000152587890,35.150001525878906,35.150001525878906,2500,,,,,29.416559219360350,,,0.01701857224373748,0.09434978367540332,0.12774862206454146,0.10833300599224714,,,,,,,,,,,,29.33786143534986,35.05597036381948,28.982739359264993,34.68112220174239,28.32002781413384,34.42632633409571,25.821415634985623,32.34313550663521,,,,,0.0014237815013109897,0.3139304171191384,0.27685599398354555,0.3189826929635232,0.2425157670977735,68.48471869753297,64.36753341504023,29.35161018371582,35.07239990234375,29.0721926007952,34.738523937406995,28.27180980500721,34.565238104926216,25.77607598380437,32.5232777065701,0E-15
2022-02-08,,,,,,,35.259998321533200,35.360000610351560,35.259998321533200,35.360000610351560,1300,,,,,29.592296600341797,,,0.03860519608387527,0.09517696438454756,0.12818050842404005,0.10843649080498952,,,,,,,,,,,,29.42267315701384,35.157313779330174,29.03815365390834,34.74283842070686,28.359786213702836,34.45550365522871,25.85122497068014,32.36698424263297,,,,,0.005956322931679213,0.3227232185151081,0.29440155262987133,0.3197307980738402,0.25289292420419307,71.76198632191912,67.8577887589918,29.406845092773438,35.13840026855469,29.144324166434153,34.82471447899228,28.288823536464147,34.55236507597424,25.80629150451176,32.551238029722185,0.100002288818360
2022-02-09,,,,,,,35.310001373291016,35.373001098632810,35.310001373291016,35.373001098632810,400,,,,,29.603179931640625,,,0.03555458561653771,0.09096319762506447,0.12818105951754463,0.10839320527289427,,,,,,,,,,,,29.482842081889434,35.22920955243105,29.08951967915673,34.80012593688195,28.398642267388393,34.48417545033509,25.880884693691684,32.39074722173178,,,,,0.0003677082121493914,0.3268025939743673,0.3058301454762926,0.3211451572539456,0.26348036845861295,71.95648006165729,68.06632768131179,29.467269134521484,35.21060028076172,29.203025727044967,34.894857315790084,28.305697183760387,34.53930161491273,25.83672270699153,32.579472163366894,0.062999725341794
2022-02-10,,,,,,,35.060001373291016,35.450000762939450,35.060001373291016,35.229999542236330,1200,,,,,29.483503341674805,,,0.05648116867571333,0.07509522535829392,0.12787209057351182,0.1085198221335234,,,,,,,,,,,,29.48306250181789,35.229472882366146,29.12533637574928,34.839205355550526,28.432544175959844,34.507482453207,25.90936389248997,32.41319190410731,,,,,-0.004050887509350683,0.3167275892916166,0.29989139582318813,0.3202616436614798,0.27076257393152803,66.52996725639986,63.208390555503456,29.494049072265625,35.24260025024414,29.232835043044318,34.93047641572498,28.31756728036063,34.52003176250155,25.86657735279628,32.607007874382866,0.169998168945314
2022-02-11,,,,,,,35.200000762939450,35.299999237060550,35.189998626708984,35.299999237060550,13000,,,,,29.542083740234375,,,0.05697879428238332,0.06958291858065291,0.12756031158149386,0.10851022101678627,,,,,,,,,,,,29.50273624795672,35.25298166726428,29.16322249979338,34.881095708415074,28.467217287343423,34.532248602702424,25.938081045436565,32.436012515435,,,,,0.001984916057222591,0.30989771611425354,0.2974049847610303,0.31818885815203457,0.27609105609742846,67.8096559690002,64.54242980254965,29.527524566650392,35.28260040283203,29.25315929594494,34.95476205008371,28.328039411514524,34.49892062232608,25.89641803408426,32.6345039019509,0.099998474121100
2022-02-14,,,,,,,35.310001373291016,35.400001525878906,35.240001678466800,35.250000000000000,1900,,,,,29.500240325927734,,,0.05958638988853381,0.0677122282392544,0.1275590995102913,0.1084511152607187,,,,,,,,,,,,29.50190427394706,35.251987778176186,29.19386048398741,34.91463246219552,28.499499257299185,34.55467833386797,25.966240407337683,32.45825747578729,,,,,-0.0014174042764698446,0.2976771417871369,0.2880791681831596,0.31408651487905503,0.2784886785145747,65.8722953187542,62.79109259502889,29.544260787963868,35.30260009765625,29.263919376191637,34.967619214739116,28.336883514646498,34.47579362657335,25.925606000991095,32.661174539535764,-0.060001373291016
2022-02-15,,,,,,,35.349998474121094,35.441001892089844,35.349998474121094,35.441001892089844,200,,,,,29.660083770751953,,,0.05648698119797898,0.06988468814162442,0.12184292632069346,0.10841961404037961,,,,,,,,,,,,29.55463077288202,35.31499248281407,29.236244419147827,34.962484228549556,28.53576752334458,34.5823759450624,25.995440750131472,32.48183648303079,,,,,0.005403751119490199,0.2974613296730979,0.2927262814220981,0.3107614778378636,0.2813361990960794,69.4616538901882,66.52763439667635,29.5578182220459,35.318800354003905,29.28049741472517,34.98742875598726,28.356850669497536,34.46658730885339,25.955764021192277,32.689035657852415,0.091003417968750
2022-02-16,,,,,,,35.599998474121094,35.888000488281250,35.599998474121094,35.888000488281250,1000,,,,,30.034175872802734,,,0.10253200411127882,0.08092600141328496,0.12384774792803502,0.10898024940154462,,,,,,,,,,,,29.71447913952226,35.50599515130313,29.308783642207363,35.046622070343346,28.58259278426515,34.623176712037996,26.027367509994484,32.508762680700755,,,,,0.012533767957440612,0.323744478412042,0.32868927774225654,0.31335807795269927,0.2908068148253148,75.86055546908189,73.28815308645763,29.64401741027832,35.421800231933595,29.316284542992,35.03019060407366,28.380515416463215,34.461634923541354,25.987532804882715,32.718833279988125,0.288002014160156
2022-02-17,,,,,,,35.979999542236330,36.279998779296875,35.979999542236330,36.099998474121094,900,,,,,30.211589813232422,,,0.08245304042573715,0.08144953781230509,0.12426236991005506,0.10906281126904588,,,,,,,,,,,,29.880182697425646,35.70399625890912,29.390856930482368,35.142383561595864,28.633498941420378,34.66932739210309,26.060444366146562,32.53715189645902,,,,,0.005889690379411204,0.354799972205754,0.37003118794338263,0.3216464568033102,0.30665168944892834,78.19415691837891,75.7860239319154,29.789634704589844,35.59580001831055,29.36366826012021,35.08680961245582,28.406445548647927,34.45934919327024,26.020064142015244,32.749547557225306,0.119998931884764
2022-02-18,,,,,,,36.040000915527344,36.049999237060550,36.040000915527344,36.040000915527344,500,,,,,30.161382675170900,,,0.09380599884273606,0.08154775505020329,0.12429498066344112,0.1090894150897847,,,,,,,,,,,,29.97391602334073,35.815997811115196,29.460904725454053,35.223985139226,28.68124530810008,34.7121609397101,26.09286285080288,32.56484240253861,,,,,-0.0016632326541598595,0.3710827671878718,0.3934185637636318,0.33153371888022254,0.32400506431186904,75.95633350269925,73.68593734306208,29.913494491577147,35.74380035400391,29.410693304879324,35.14300010317848,28.430252196296813,34.45442859710209,26.052143664587113,32.77969835674952,0E-15
2022-02-22,,,,,,,36.380001068115234,36.580001831054690,36.299999237060550,36.299999237060550,1600,,,,,30.378967285156250,,,0.0805975684463309,0.07916071326305751,0.12457186976504898,0.10892090105921012,,,,,,,,,,,,30.108933110612572,35.977331619763646,29.54436495815425,35.3218046026655,28.734299119883087,34.7617808865023,26.126745099295793,32.594369334036806,,,,,0.0071881165864561974,0.39696825616485754,0.4279992107677515,0.3446206263371495,0.34480389360304553,78.78937173904701,76.69922193787966,30.089239883422852,35.953800201416016,29.476050059000652,35.22109531220936,28.459264755249023,34.45585717095269,26.085714983561683,32.811690413762655,-0.080001831054684
2022-02-23,,,,,,,36.490001678466800,36.490001678466800,36.419998168945310,36.419998168945310,500,,,,,30.479394912719727,,,0.0827201664206338,0.0758764184448081,0.1228440372600026,0.1089391600528348,,,,,,,,,,,,30.232420377981622,36.12488713615753,29.629367681296568,35.421640381418214,28.788833363409232,34.813600176578646,26.16115339821614,32.62461145921395,,,,,0.003300375333655312,0.42073637586796053,0.45978739075588493,0.35984377624331176,0.3678005930336134,79.96290706144028,77.9540181849987,30.253102111816407,36.14959945678711,29.551768257504417,35.311571393694194,28.49411422487289,34.464571453276136,26.119589343903556,32.844035648164294,-0.070003509521490
2022-02-24,,,,,,,36.349998474121094,36.520000457763670,36.340000152587890,36.479999542236330,11000,,,,,30.529609680175780,,,0.05566783223981989,0.07483509208896783,0.12284728305634929,0.10748463076169454,,,,,,,,,,,,30.331483478713007,36.2432579381838,29.71120786301286,35.5178548505835,28.843232623308186,34.86567515675545,26.195686649456928,32.655088835364324,,,,,0.0016461431924813792,0.4385691419752291,0.48423935196916545,0.3755888493896952,0.39108834482072385,80.54259010549207,78.57529636979407,30.352188873291016,36.267999267578126,29.62150882539295,35.39490472702753,28.529272563873775,34.473619067479696,26.155076806507413,32.87844041037181,0.130001068115236
2022-02-25,,,,,,,36.450000762939450,36.830001831054690,36.450000762939450,36.700000762939450,20200,,,,,30.713729858398438,,,0.05603801608881584,0.06350928305368904,0.1223344041938934,0.10746471397052818,,,,,,,,,,,,30.45889893860815,36.395505546435686,29.80234622622973,35.62532266079768,28.901685661904757,34.9229978319487,26.23140240604935,32.6870644237246,,,,,0.006012759406062436,0.4622303929775988,0.5154284291927027,0.39291715810727595,0.4159563616951196,82.53747375463004,80.72064440371959,30.452616882324218,36.3879997253418,29.712331226893834,35.50342850458054,28.570044351002526,34.489571465386284,26.190740456656805,32.9130039063711,0.250000000000000
2022-02-28,,,,,,,37.000000000000000,37.009998321533200,36.659999847412110,36.950000762939450,10600,,,,,30.922945022583008,,,0.03818899027323233,0.06480083969163022,0.11078017199678328,0.1065051861421463,,,,,,,,,,,,30.61358096659977,36.580337285270275,29.904218844080027,35.74574794281057,28.96485001692595,34.98634167354216,26.268489699460684,32.72076352522037,,,,,0.00678868443448334,0.49219035608560446,0.5539335075964189,0.41277179770294165,0.44355179087537944,84.48411352710787,82.82525966286067,30.60492935180664,36.56999969482422,29.808134623936244,35.61790466308594,28.62500063578288,34.52326989552331,26.22578661782401,32.94669438922216,-0.049999237060550
2022-03-01,,,,,,,36.810001373291016,37.349998474121094,36.639999389648440,37.174999237060550,57100,,,,,31.111246109008790,,,0.034806429580844456,0.06516428114205429,0.10928948651688737,0.10617626967506634,,,,,,,,,,,,30.779469347402777,36.778557935867035,30.01394859543719,35.875679878651475,29.03192489480354,35.05473722240211,26.306772358824702,32.75597487472108,,,,,0.006070899332226133,0.5250754240351192,0.5957372677275501,0.43523252296937714,0.4739888862458136,85.9971182742439,84.46855735707,30.751385116577147,36.744999694824216,29.90557216462635,35.73433321998233,28.686362644982715,34.56487304445297,26.26229769086081,32.98220232554844,0.364997863769534
2022-03-02,,,,,,,37.279998779296875,37.599998474121094,37.279998779296875,37.560001373291016,2100,,,,,31.433450698852540,,,0.048906854211179684,0.06650112715607877,0.09731110450929009,0.10626758125837195,,,,,,,,,,,,30.997463131219366,37.03903908167503,30.14299424120222,36.028800014527796,29.10697257618007,35.13302672711739,26.347299460326898,32.793951368780924,,,,,0.010303269714279258,0.570559243139396,0.6524128938802676,0.46229786700338094,0.5096736877727044,88.13004672437553,86.79655062689226,30.94219627380371,36.97300033569336,30.005520502726238,35.85376194545201,28.762901669456845,34.62534925672743,26.300632567632768,33.01994042926364,0.280002593994141
2022-03-03,,,,,,,37.569999694824220,37.759998321533200,37.490001678466800,37.574001312255860,900,,,,,31.445165634155273,,,0.056556441959344055,0.06584533991204196,0.09394658985623641,0.10618208099239684,,,,,,,,,,,,31.146697298864666,37.21735982520197,30.261373458743407,36.1692728597758,29.180041109241795,35.20930718290296,26.387598797669416,32.83173832485583,,,,,0.0003726206498004721,0.6006271390641693,0.6904987739585877,0.4899637214155386,0.5458387050098811,88.20042169207109,86.8735989654636,31.125307464599608,37.19180068969727,30.106903530302503,35.97490492321196,28.833118378169953,34.677793714735245,26.339266504560197,33.058059480455185,0.004001617431640
2022-03-04,,,,,,,37.373001098632810,37.381999969482420,37.200000762939450,37.381999969482420,2700,,,,,31.284477233886720,,,0.0964575118013584,0.07097905451065782,0.09201800224536177,0.10600711251093278,,,,0.4785570880298732,,,,,,,,31.192623943872018,37.272239873295455,30.354382892847344,36.27952077884004,29.24580473813695,35.27720383248357,26.42630929914149,32.86770877263944,,,,,-0.005123215895767067,0.6045214057751025,0.697152860363282,0.5128752582874514,0.5761015360805612,81.09796684317787,79.98037898066636,31.239456939697266,37.32820053100586,30.201351983206614,36.08776201520647,28.89465183681912,34.719412788512216,26.37636335312374,33.09425789212424,0.008998870849610
2022-03-07,,,,,,,37.700000762939450,37.700000762939450,37.330001831054690,37.368000030517580,31200,,,,,31.272764205932617,,,0.09532346351948363,0.07184939189801094,0.09025022644911661,0.10592165092835773,,,,0.22800825770203584,,,,,,,,31.219337364558886,37.30415992570283,30.437872103127823,36.378473438083454,29.309147221505565,35.342541213672135,26.46462119563786,32.9032841976029,,,,,-0.00037447393207853746,0.5997489640078406,0.693304609733147,0.5302499994315292,0.5995421508110784,80.58854161045527,79.48512639271203,31.309420776367187,37.411800384521484,30.292931057157972,36.197190602620445,28.95907819838751,34.76471437726702,26.412890070960636,33.12972614500258,-0.332000732421870
2022-03-08,,,,,,,37.669998168945310,37.880001068115234,37.669998168945310,37.849998474121094,1600,,,,,31.676141738891600,,,0.1209433261336483,0.07890437028786365,0.09065752790648948,0.10616632842218708,,,,0.23089750657926317,,,,,,,,31.371605489336456,37.48610610850892,30.55044207001544,36.5122484413596,29.38311580017388,35.420899253061165,26.505818986493622,32.94238865828684,,,,,0.012816205406319985,0.6213533901640282,0.7208387096154212,0.548470677578029,0.6238014625719469,84.25632590283132,83.31564011163007,31.42239990234375,37.546800231933595,30.402523222423735,36.328142983572825,29.024725898863778,34.811095283144994,26.451664364527144,33.16794042738657,0.180000305175784
2022-03-09,,,,,,,38.020000457763670,38.250000000000000,37.970001220703125,38.131000518798830,5800,,,,,31.911308288574220,,,0.1122395814644018,0.07954663231949048,0.08948801314296286,0.10585707093246105,,,,0.2466370251567436,,,,,,,,31.55150642241571,37.701070911938885,30.67415718079351,36.659407721126804,29.46212181543639,35.50558991761547,26.54855012722153,32.98340535283634,,,,,0.007396667793948751,0.6499587093190407,0.7566124414676736,0.5687682839262314,0.6503636583510923,85.92593120656119,85.06630846251534,31.517971420288085,37.66100006103515,30.521320797148206,36.47009531656901,29.089237758091517,34.8557619367327,26.490367700183203,33.20597614560808,0.111000061035160
2022-03-10,,,,,,,38.090000152587890,38.090000152587890,37.619998931884766,37.619998931884766,3400,,,,,31.483657836914062,,,0.16403126873490062,0.09923223465543103,0.09418939924667649,0.10676749927514091,,,,0.21554085261306563,,,,,,,,31.528890227248496,37.674046918587514,30.74774814953174,36.74673419483207,29.525294816107568,35.57166519931138,26.58756283638906,33.020058266504705,,,,,-0.013491826397471604,0.6308487813528529,0.7352542706981708,0.5811843834115556,0.667341780820508,71.14927202502068,70.56572184145817,31.525669860839844,37.67019958496094,30.611385617937362,36.57771428426107,29.148463476271857,34.894222259521484,26.526773346794975,33.241210271441744,-0.470001220703124
2022-03-11,,,,,,,37.889999389648440,37.889999389648440,37.520000457763670,37.520000457763670,2000,,,,,31.399969100952150,,,0.15983359987872617,0.10076862654503507,0.09412146326433635,0.106835731625506,,,,0.19933739709842038,,,,,,,,31.485916518483048,37.6226980983129,30.807040963297233,36.81703112782586,29.58387838750896,35.63255067613802,26.625605573658333,33.05563093204826,,,,,-0.0026617035131733225,0.6020114311447422,0.7021646088184141,0.585349792958193,0.6743063464200892,68.66085052680134,68.11863310672325,31.54876823425293,37.69779968261719,30.696947006952193,36.67995234898159,29.207674904475137,34.93276196434384,26.562840741778178,33.27603963821653,-0.369998931884770
2022-03-14,,,,,,,37.380001068115234,37.380001068115234,37.291999816894530,37.291999816894530,3800,,,,,31.209161758422850,,,0.16732411043856543,0.10275072264329557,0.09538663204457126,0.10690538893616404,,,,0.17512564449492737,,,,,,,,31.393664931796316,37.51246533784011,30.843597399217746,36.86021009955937,29.634668492850018,35.68440846178666,26.661839219387698,33.089120014141905,,,,,-0.006095211054459014,0.5573364379178791,0.6500496988567477,0.5797471219501302,0.6694550169074209,63.2309030796581,62.773487223962825,31.536047744750977,37.68259963989258,30.77912121727353,36.77814283825102,29.261992832970996,34.96531749906994,26.598594529288157,33.31053566554236,-0.088001251220704
2022-03-15,,,,,,,37.169998168945310,37.528999328613280,37.169998168945310,37.528999328613280,6100,,,,,31.407503128051758,,,0.1389818329873207,0.10346722801416838,0.09042009985934475,0.10701099631066831,,,,0.1406517919632193,,,,,,,,31.398277663881462,37.51797666809783,30.894861556384473,36.92100912038245,29.690069575200074,35.74205192637499,26.699354349100457,33.12421787433535,,,,,0.006335119678970446,0.5318053537598999,0.6207168991223853,0.5701587683120841,0.6597073933504138,66.22132182612577,65.77940604770673,31.482320022583007,37.61839981079102,30.867950711931503,36.88428569975353,29.325450079781668,35.041142902677024,26.634882805839418,33.34564677495805,0.359001159667970
2022-03-16,,,,,,,37.439998626708984,37.779998779296875,37.384998321533200,37.680000305175780,66000,,,,,31.533870697021484,,,0.12655115124551833,0.10230548610534251,0.09040068316824229,0.10700959579475926,,,,0.2507285236136006,,,,,,,,31.4434753415948,37.57198454712382,30.952953296442384,36.990008319000026,29.74768836025699,35.80261281321251,26.73757186963738,33.16023196469773,,,,,0.004015410884159168,0.5158225115167916,0.6027073259608855,0.5592915169530256,0.6483073798725081,68.00664107578498,67.57583749248325,31.40683250427246,37.52819976806641,30.964790253412154,37,29.389066665891615,35.11715879894438,26.671312142932226,33.38089280658298,0.240001678466796
2022-03-17,,,,,,,37.450000762939450,37.849998474121094,37.360000610351560,37.650001525878906,11800,,,,,31.508769989013672,,,0.07976861127456128,0.10285618496085971,0.09055907383202207,0.10686059652314539,,,,0.24682072067714725,,,,,,,,31.46524022406776,37.59799020670884,31.003482086676136,37.05000770144356,29.80272216115564,35.86034371048334,26.775288850818225,33.195724214193234,,,,,-0.0007963089445823864,0.4954196867671037,0.5793357369478684,0.5465171509158413,0.6345130512875802,67.2463550459391,66.82529975964371,31.411854934692382,37.534200286865236,31.05282293047224,37.10519045875186,29.45189963446723,35.19223821730841,26.70805463336763,33.41655154455276,0.200000762939456
2022-03-18,,,,,,,37.669998168945310,37.830001831054690,37.569999694824220,37.830001831054690,1700,,,,,31.659400939941406,,,0.0806511057830986,0.09702464372086395,0.08821305490554453,0.10688933429401444,,,,0.2490038490230106,,,,,,,,31.52996046269231,37.675327414824125,31.063111073336618,37.120916258680936,29.860743372992694,35.92189552675119,26.813898432550424,33.23235881986012,,,,,0.004769213172577264,0.4858049034985683,0.5687815449779237,0.5343747014323866,0.6213667500256489,69.45335409241471,69.04677434924932,31.463741302490234,37.59620056152344,31.130214600335982,37.197666713169646,29.52071017310733,35.27446044437469,26.74547495160784,33.45302774035741,0.160003662109380
2022-03-21,,,,,,,37.630001068115234,37.669998168945310,37.426998138427734,37.611000061035156,4700,,,,,31.476127624511720,,,0.07890802908698717,0.10029429622565646,0.08881523483922493,0.10669466248321163,,,,0.25573666151050667,,,,,,,,31.51201618329878,37.65388496356114,31.10065803253435,37.16546933162223,29.911224130852663,35.97468004344757,26.850753999285295,33.26697258461249,,,,,-0.005805727278695784,0.45811562188924526,0.5365605235186806,0.5191228855237584,0.6044055047242552,63.81878460084521,63.47732773964682,31.51713447570801,37.66000061035156,31.19043068658738,37.26961916968936,29.588338518899583,35.35526996188693,26.78119154581948,33.487376947251576,-0.019001007080078
2022-03-22,,,,,,,37.790000915527344,38.014999389648440,37.790000915527344,38.014999389648440,1000,,,,,31.814229965209960,,,0.09857924815157657,0.10374678498121993,0.0903812757594192,0.10665037602312259,,,,0.26131897098668544,,,,,,,,31.612754110602506,37.77425643892357,31.165528208232136,37.24269933689734,29.970693063176327,36.03844002301634,26.889990963442802,33.30450639334796,,,,,0.01068426755251003,0.458172176332063,0.5374293503158611,0.5069327436854193,0.5910102738425764,68.8408935990845,68.52160483370311,31.59847984313965,37.75720062255859,31.269137700398762,37.36366671607608,29.660231030176558,35.441174703931054,26.818998321654306,33.52429361192007,0.224998474121096
2022-03-23,,,,,,,38.080001831054690,38.349998474121094,37.937999725341800,37.937999725341800,2600,,,,,31.749792098999023,,,0.10227576804140993,0.1034562818676245,0.08988668388750139,0.10660242839071563,,,,0.25620827823552383,,,,,,,,31.658433440068013,37.828837534396314,31.21864310739276,37.305908463119565,30.026289908045786,36.09780126371402,26.92840836372388,33.341134799134466,,,,,-0.0020274956238540303,0.44785480742192263,0.525843080707233,0.49511715643272,0.5779768352155077,66.93399591070879,66.63267210816552,31.641664123535158,37.808800506591794,31.334415072486514,37.441666739327566,29.727288261292472,35.521301693386505,26.85683893022083,33.56127773769318,-0.142002105712890
2022-03-24,,,,,,,38.310001373291016,38.513999938964844,38.310001373291016,38.513999938964844,1700,,,,,32.231838226318360,,,0.13720686379823052,0.11278545607634027,0.09159876370352484,0.10744104176074781,,,,0.26383952850212616,,,,,,,,31.84956836881813,38.057225002585824,31.310751754567814,37.41573496092368,30.095213292991804,36.17330747231561,26.970332710463754,33.38202701367858,,,,,0.015068551582696906,0.4731214623648441,0.5567217402976752,0.4907180176191448,0.5737258162319412,72.96670073429064,72.69625912650471,31.786277770996094,37.98160018920898,31.417864754086448,37.5413811093285,29.796896011110338,35.604476323203436,26.896232037317183,33.6000832905845,0.203998565673828
2022-03-25,,,,,,,38.639999389648440,38.639999389648440,38.470001220703125,38.500000000000000,3900,,,,,32.220123291015625,,,0.14143488246172764,0.11322753822023303,0.09159551728463555,0.10730642488351239,,,,0.23577262337568458,,,,,,,,31.973086676217292,38.20481666839055,31.393421894244888,37.51430450993062,30.16161673043005,36.24601661380574,27.011833031258632,33.42248529815543,,,,,-0.0003635245586309353,0.4865910523117556,0.5734532107682213,0.48989262455766697,0.5736712951391972,72.61994610883706,72.35210929337022,31.898422241210938,38.11559982299805,31.49836540222168,37.63757160731724,29.866490439763144,35.687635028173055,26.934947187938388,33.638019796401736,-0.139999389648440
2022-03-28,,,,,,,38.799999237060550,38.810001373291016,38.500000000000000,38.650001525878906,11200,,,,,32.345653533935550,,,0.11558520620646526,0.11265049745518557,0.09160401497055658,0.10666795183643021,,,,0.21585823299048346,,,,,,,,32.097275628790044,38.35321162088667,31.47998840694404,37.61754969319865,30.229867880539597,36.32114114230803,27.0539976202126,33.46380953710977,,,,,0.0038884501127829972,0.5016127612231926,0.5919927670671967,0.4922366518907721,0.5773355895247971,74.04338481215879,73.78414467987827,32.0723274230957,38.3234001159668,31.57607605343773,37.73042878650484,29.937665606301927,35.77268267434741,26.97508765023852,33.6777459931752,-0.149997711181644
2022-03-29,,,,,,,38.869998931884766,39.200000762939450,38.840000152587890,39.200000762939450,3700,,,,,32.805946350097656,,,0.12740086082131344,0.11889809049078312,0.09326246408548951,0.10734759976607193,,,,0.20796301292874342,,,,,,,,32.333499202559246,38.6354746682376,31.600530038139823,37.7614088813569,30.310370332713287,36.41110550545276,27.099467570646475,33.50915492229419,,,,,0.014130135729267374,0.5443840368878341,0.6436462871573525,0.5026661288901845,0.5905977290513083,78.46448405195278,78.2354938007307,32.27067070007324,38.560400390625,31.66574278331938,37.83757164364769,30.01843186030312,35.86919063991971,27.017251794300382,33.719908691587904,0.330001831054684
2022-03-30,,,,,,,39.159999847412110,39.189998626708984,39.000000000000000,39.119998931884766,2300,,,,,32.738986968994140,,,0.1274641550017364,0.1194195459626531,0.0937380139714555,0.10672414455189214,,,,0.10837095834768694,,,,,,,,32.46866179137088,38.79698275611999,31.704026122762944,37.88491706776853,30.386264602597063,36.49575842502876,27.14404875166108,33.553509420393716,,,,,-0.002043160348369054,0.5663489998203914,0.6703986564070092,0.5154027030762258,0.6065579145224484,76.42518635546938,76.20849480626497,32.468509674072266,38.796800231933595,31.743254252842494,37.93019067673456,30.097072510492232,35.9631588648236,27.057945849403502,33.76020233971732,-0.040000915527344
2022-03-31,,,,,,,39.270000457763670,39.340000152587890,39.209999084472656,39.209999084472656,11600,,,,,32.814308166503906,,,0.10046672695113947,0.11593717689610297,0.09369710840946864,0.10649349849951749,,,,0.029324983638365578,,,,,,,,32.583877249748554,38.93465486557088,31.804960854012123,38.00537906928708,30.46214096396915,36.580578445636384,27.188872936758653,33.598224753706596,,,,,0.002298015088360822,0.583112425283197,0.6908981184881782,0.52894464751762,0.6234259553155944,77.14477367263933,76.93255908783387,32.58500366210937,38.93600006103516,31.809009370349703,38.00876199631464,30.176377402411568,36.05792072841099,27.098174897451248,33.799868999965604,-0.060001373291014
2022-04-01,,,,,,,39.250000000000000,39.450000762939450,39.189998626708984,39.266998291015625,7000,,,,,32.862007141113280,,,0.09673136636086804,0.11580090922147006,0.09310199261965196,0.10638845364896807,,,,0.014832059975768011,,,,,,,,32.6765872135368,39.045436007385796,31.901055971021318,38.12007172580786,30.537136782004907,36.66452906580448,27.233719847465014,33.643037192736706,,,,,0.0014525474753754395,0.5934060537453085,0.703632413022568,0.5418369287631578,0.6394672468569891,77.6108419082947,77.40163430159744,32.71338043212891,39.08939971923828,31.87647801353818,38.0893809000651,30.257634995475648,36.1550159151592,27.138035706111364,33.839043594542005,0.016998291015625
2022-04-04,,,,,,,39.229999542236330,39.279998779296875,39.049999237060550,39.049999237060550,5100,,,,,32.680408477783200,,,0.11792403071580448,0.11613810504726749,0.09453959424762931,0.10660511084715472,,,,-0.02680235524177632,,,,,,,,32.6778609682856,39.046957083944044,31.971906198908762,38.20461059046719,30.604114022497978,36.739075008656236,27.276776674582152,33.68577997569579,,,,,-0.005541423101864709,0.5802218971608504,0.6882803555699368,0.5495139224426963,0.6492298685995787,71.62256166356192,71.44515591354835,32.780331420898435,39.16939926147461,31.9429509299142,38.16880943661644,30.335120064871653,36.24760321965293,27.17689866111392,33.87699993829879,-0.180000305175780
2022-04-05,,,,,,,39.060001373291016,39.240001678466800,39.049999237060550,39.049999237060550,2300,,,,,32.680408477783200,,,0.04977911213165293,0.116045645234132,0.0946276519587902,0.1065768164393334,,,,0.10952563247551118,,,,,,,,32.678710138118134,39.04797113498288,32.03631549698826,38.281464103793866,30.66899822422564,36.81129139079387,27.319493131524453,33.728184871042544,,,,,0,0.5632802143991249,0.6684087395535485,0.5522671808339821,0.6530656427903726,71.62256166356192,71.44515591354835,32.75522384643555,39.13939895629883,32.009981609526136,38.24890463692801,30.41216674683586,36.339666699606276,27.21537658903334,33.91446025030954,-0.010002136230466
2022-04-06,,,,,,,39.479999542236330,39.479999542236330,39.189998626708984,39.330001831054690,1700,,,,,32.914737701416016,,,0.07249136851501473,0.11099783657176567,0.0950285950756512,0.10636022261739159,,,,0.10191983075946633,,,,,,,,32.75738599255076,39.141981367006814,32.11617206102714,38.37678571536303,30.73917758288784,36.89000109205202,27.363724313895137,33.77246800906636,,,,,0.007144742686161128,0.5622805980021042,0.6675590052775178,0.5542698642676065,0.6559643152878016,74.56006817530528,74.39401796807535,32.790373992919925,39.181399536132815,32.06896236964634,38.319380987258185,30.492401607452877,36.43553973001147,27.253841824001736,33.95181739897955,-0.149997711181640
2022-04-07,,,,,,,39.860000610351560,39.869998931884766,39.575000762939450,39.860000610351560,9500,,,,,33.358287811279300,,,0.1147413315889432,0.11658310846364114,0.09724335803959346,0.10699989809723597,,,,0.14857178009828054,,,,,,,,32.95768659879361,39.3813211147884,32.22909167468643,38.511623433089255,30.82102477752507,36.98281357699888,27.4111121676294,33.8205907964283,,,,,0.01338573965143512,0.5904725814066154,0.7015648539193791,0.5615104076954083,0.6650844230141172,78.9928276673045,78.84694230503008,32.899169921875,39.31139984130859,32.137866156441824,38.40171432495117,30.57712651812841,36.53677785964239,27.29368215137058,33.99078168566265,0E-15
2022-04-08,,,,,,,39.790000915527344,39.790000915527344,39.569999694824220,39.750000000000000,3600,,,,,33.266227722167970,,,0.12262411425592999,0.10370302574084511,0.09786176378905057,0.10706279085015703,,,,0.18323909201493893,,,,,,,,33.0605336399184,39.5042140765256,32.323376769912024,38.62420312099024,30.897437369545163,37.06928815271767,27.45739766608425,33.86746359645653,,,,,-0.0027635517336063605,0.5984874606530468,0.711437594292569,0.568905818286936,0.6743550572698075,76.03163977157054,75.89687004115252,32.98001403808594,39.40800018310547,32.22275043669201,38.503142947242374,30.659486740354506,36.63519057016524,27.333212602706183,34.02938088916597,-0.040000915527344
2022-04-11,,,,,,,39.580001831054690,39.639999389648440,39.580001831054690,39.634998321533200,12100,,,,,33.169982910156250,,,0.11281976161269991,0.10385742712056724,0.097223289651497,0.10698922397095077,,,,0.2422477749345249,,,,,,,,33.09701672999768,39.54780882486146,32.40034096447968,38.71609359376687,30.96845441768926,37.14946659549315,27.502556442717232,33.91305675633856,,,,,-0.002897362098909287,0.5902689057066866,0.7018911732908251,0.5731784357708861,0.679862280474011,72.95263808059042,72.82893930290687,33.077928924560545,39.525,32.30703680855887,38.6038571312314,30.73566984751868,36.72622226533436,27.372770816560777,34.068051519848055,0.054996490478510
2022-04-12,,,,,,,39.919998168945310,39.919998168945310,39.680000305175780,39.680000305175780,800,,,,,33.207649230957030,,,0.11121128151376344,0.09913290636181252,0.09264994044115146,0.10694058167042385,,,,0.26411833435238624,,,,,,,,33.133894230317466,39.591872651632904,32.47373262506853,38.80372147662222,31.038429255603877,37.228545773920736,27.54765599045035,33.95864524289063,,,,,0.0011349101686430826,0.5801078765025451,0.6900029256365485,0.5745643239172179,0.6818904095065185,73.40652864788994,73.28403704317519,33.18337707519531,39.65100021362305,32.402202878679546,38.717571440197176,30.80471971299913,36.80873023139106,27.412644825284442,34.10711501136659,-0.239997863769530
2022-04-13,,,,,,,39.619998931884766,39.900001525878906,39.599998474121094,39.900001525878906,2600,,,,,33.391765594482420,,,0.10815105049274132,0.0988255287542829,0.09190784732894988,0.10681178097099919,,,,0.24868642404821223,,,,,,,,33.219851351705785,39.694582276381574,32.55719016774252,38.90338329928192,31.11197101619383,37.312028766169426,27.593854485343886,34.00561248623441,,,,,0.005529082591963926,0.5802233854528609,0.6903754452155155,0.5756961362243465,0.6835874166483179,75.56507384633744,75.44897672555459,33.27878265380859,39.76500015258789,32.4966915675572,38.83047630673363,30.872600525144545,36.88984135219029,27.45250403691852,34.1460912114098,0.280002593994140
2022-04-14,,,,,,,39.880001068115234,39.880001068115234,39.700000762939450,39.700000762939450,1700,,,,,33.224388122558594,,,0.06636387170932685,0.1024552685601479,0.09277511960522257,0.10700073833505185,,,,0.07039899660490759,,,,,,,,33.221363608656716,39.69638843856753,32.61784452727125,38.97580306870533,31.17798405076773,37.386652891068486,27.638364632673646,34.05062741332299,,,,,-0.005025142245629825,0.5603496025630008,0.6668453020276104,0.5726268294920773,0.6802389937241764,70.00234366869446,69.9031894721013,33.25200271606445,39.73300018310547,32.57719239734468,38.92666680472238,30.93530067564949,36.96476200648716,27.49147110893613,34.1839801016308,-0.180000305175784
2022-04-18,,,,,,,39.700000762939450,39.819999694824220,39.619998931884766,39.819999694824220,5500,,,,,33.324806213378906,,,0.06827605780173687,0.10176491424397749,0.09278490621031993,0.10681288594149636,,,,0.10961043743347575,,,,,,,,33.25584447689745,39.737592190653096,32.68211377146286,39.052548216534326,31.24507224334933,37.46269497868585,27.683316740031,34.09623509934276,,,,,0.0030178627415534055,0.5464037844376577,0.6503831923637691,0.5673822204811935,0.674267833452095,71.36433336238285,71.26780127753432,33.26371841430664,39.74700012207031,32.66367031279064,39.03000005086263,30.998996885996018,37.040873088533914,27.53131103515625,34.22295629410517,0.119998931884770
2022-04-19,,,,,,,40.080001831054690,40.155998229980470,39.970001220703125,40.110000610351560,6500,,,,,33.567508697509766,,,0.07550436747973281,0.10277169350897121,0.0931552938417357,0.10683302801584024,,,,0.12008453054326809,,,,,,,,33.359732550434885,39.86172833055258,32.76260421928531,39.14868025233589,31.317648382541844,37.54542327967541,27.72983209147352,34.143774747651136,,,,,0.0072565450743032845,0.5486116318263896,0.653207729992701,0.5636281027502327,0.6700558127602162,74.39075987523393,74.30044208428343,33.343223571777344,39.842000579833986,32.754532586960565,39.138571421305336,31.06701057676285,37.12214291284955,27.57147645193433,34.26226185238551,0.029998779296870
2022-04-20,,,,,,,40.154998779296875,40.200000762939450,40.154998779296875,40.180000305175780,900,,,,,33.626094818115234,,,0.07499245415292861,0.09803696959066353,0.09272491485437369,0.10630349567261445,,,,0.10095369002636495,,,,,,,,33.448519972995,39.967818988760314,32.84110336463348,39.242436620775884,31.389787333653512,37.62775381172229,27.776442864016143,34.191491945734334,,,,,0.0017438009687268173,0.5487629790672699,0.6535607453290595,0.5606550780136401,0.6667567992739848,75.07554406561408,74.98672645208666,33.42691268920898,39.94200057983399,32.856911977132164,39.26090476626442,31.137003641279918,37.20577784946987,27.610750054556227,34.30039677544246,0.025001525878905
2022-04-21,,,,,,,40.209999084472656,40.209999084472656,39.659999847412110,39.830001831054690,3700,,,,,33.333179473876950,,,0.10226070358381237,0.10223324874491505,0.09502159303788561,0.10628852070647912,,,,0.07410096628708002,,,,,,,,33.41007313995565,39.92187993619177,32.88583755638289,39.295851639892135,31.450518338035494,37.696574062326434,27.820369635635593,34.236065146408805,,,,,-0.008749115512861658,0.5192613805951893,0.6184692323968406,0.5523763385299499,0.6570992858985559,65.62687150256023,65.55978779866338,33.41519546508789,39.92800064086914,32.9292429061163,39.34733345395043,31.203024637131463,37.284666757734996,27.649696039775062,34.338218212127686,-0.379997253417966
2022-04-22,,,,,,,39.759998321533200,39.759998321533200,39.479999542236330,39.630001068115234,10400,,,,,33.165802001953125,,,0.10228621584427107,0.10431674359852756,0.09478989149702645,0.10637623246697421,,,,0.09975060948309383,,,,,,,,33.32864942728814,39.82458698016626,32.91128886961655,39.32622886063969,31.504120952532922,37.756993656257336,27.862626017978027,34.27870495606656,,,,,-0.00503399666190674,0.47687803496536674,0.5679733225727617,0.5372766778170333,0.6392740932333971,60.909531948435266,60.852055858291656,33.4034782409668,39.9140007019043,32.996671949114116,39.42790494646345,31.269045693533762,37.363555666000124,27.687407993134997,34.374511870126874,-0.129997253417966
2022-04-25,,,,,,,40.180000305175780,40.500000000000000,40.091999053955080,40.349998474121094,2400,,,,,33.768356323242190,,,0.16777431296509449,0.10930098284517863,0.09911353734765922,0.10764693260520264,,,,0.08929397198460795,,,,,,,,33.47521839260616,39.99972414481787,32.989204092673425,39.419298825501635,31.574878307867586,37.838025056815574,27.9093116330394,34.32669937122905,,,,,0.018004875658702683,0.48630421390562617,0.5793740601119453,0.5270821850347519,0.6272940866091068,69.42894611473214,69.37722022043236,33.49218826293945,40.02000045776367,33.06983947753906,39.515333448137554,31.346490829709975,37.45609531705342,27.72715371752542,34.413202338748505,0.169998168945314
2022-04-26,,,,,,,40.294998168945310,40.299999237060550,40.080001831054690,40.080001831054690,2500,,,,,33.542404174804690,,,0.17281840786506933,0.11332982350385169,0.1005184731983674,0.10792957292261922,,,,0.09068129370148614,,,,,,,,33.497613653339,40.02648337356348,33.03949500923081,39.47936273509737,31.63636349120937,37.90808683101055,27.953842008863635,34.37218002308538,,,,,-0.006713725873280423,0.47012279566258997,0.560165514747176,0.5156903071603195,0.6138683722367206,63.812642903381644,63.76911317955733,33.48716735839844,40.014000701904294,33.13280523390997,39.59057163056873,31.4175598205082,37.5410159883045,27.765667067633736,34.45038885540433,-0.214996337890620
2022-04-27,,,,,,,39.900001525878906,40.250000000000000,39.900001525878906,40.062000274658200,600,,,,,33.527336120605470,,,0.172004059113946,0.11337435681448724,0.0980744036519101,0.10691226662132461,,,,0.1039235371958148,,,,,,,,33.50752114242783,40.03832234059505,33.08384420117396,39.53232978414835,31.695456385877996,37.975396626124535,27.997901250853687,34.41715883930334,,,,,-0.0004493249679023944,0.4508855115684014,0.5372964104354949,0.5027293480419359,0.5985539798764755,63.4440674795507,63.401125952415775,33.46741561889648,39.99040069580078,33.189075833275204,39.657809666224885,31.492494371202255,37.630555652436755,27.80257741231767,34.485515844254266,0.161998748779294
2022-04-28,,,,,,,40.439998626708984,40.439998626708984,40.200000762939450,40.290000915527344,2500,,,,,33.718151092529300,,,0.15886974846114246,0.10519028894784911,0.0982632623862613,0.10692794005753954,,,,0.05984933061687251,,,,,,,,33.57773112579498,40.12221519890581,33.14150846402445,39.601208977910076,31.75866559546085,38.04772801016838,28.043120617191043,34.4635844683644,,,,,0.00567519076671452,0.44589697607464984,0.5314440703126451,0.4913628736484787,0.5851319979637094,66.1133140697486,66.07164606314196,33.544409942626956,40.082400512695315,33.23251415434338,39.70971443539574,31.568797187199667,37.721730247376456,27.840500612107533,34.52187695578923,-0.149997711181640
2022-04-29,,,,,,,40.250000000000000,40.284999847412110,40.009998321533200,40.014999389648440,9200,,,,,33.487998962402344,,,0.1645668497115931,0.10838723802883833,0.09981716686819578,0.10698341990587601,,,,-0.03685911961580734,,,,,,,,33.5478204046641,40.086476595820024,33.17300760024062,39.63882628806811,31.812707263177774,38.10920524077713,28.08616313375398,34.507469171299455,,,,,-0.006849165728484996,0.4185474182152831,0.4988651172082541,0.4767997825618396,0.5678786218126184,60.38595992040643,60.351586651642386,33.608849334716794,40.159400177001956,33.268181392124724,39.75233350481306,31.639002603197856,37.805619133843315,27.87809269011967,34.55789679572696,-0.235000610351560
2022-05-02,,,,,,,40.000000000000000,40.000000000000000,39.709999084472656,39.965000152587890,16400,,,,,33.446163177490234,,,0.08232393333462797,0.10858039159660739,0.09903576005140488,0.106416607736461,,,,0.18948043963608566,,,,,,,,33.51393466227282,40.04598444807598,33.19783992544513,39.66847845756991,31.863752760500038,38.167198831771216,28.1285346756017,34.55061170870094,,,,,-0.0012500579382033786,0.3890126032246144,0.463666680711853,0.4592423466943945,0.5470362335924652,59.37899222211155,59.34561212411691,33.544410705566406,40.082400512695315,33.298269725981214,39.78828593662807,31.70426653301905,37.88360329279824,27.91431438355219,34.592166635725235,-0.034999847412110
2022-05-03,,,,,,,40.259998321533200,40.259998321533200,39.849998474121094,39.849998474121094,2500,,,,,33.349914550781250,,,0.07212166148260717,0.1093420816625236,0.09938841506259041,0.10642650023062872,,,,0.20125175937754994,,,,,,,,33.459261291775626,39.98065579009102,33.21166489138478,39.68498027725638,31.910195316446327,38.21978632059465,28.16981040584027,34.59250409419833,,,,,-0.0028818666183913987,0.35376164572266333,0.42163168425479114,0.43814620650004826,0.5219553237249305,57.02306731759754,56.99250591596983,33.50591278076172,40.036399841308594,33.32150341215588,39.816047850109285,31.768294985332187,37.96011122446212,27.950406710306805,34.626305519588406,-0.409999847412106
2022-05-04,,,,,,,39.849998474121094,40.130001068115234,39.849998474121094,40.110000610351560,2000,,,,,33.567508697509766,,,0.09084390670045879,0.10863524441939132,0.09964427602522549,0.10524829662356258,,,,0.27608236577437006,,,,,,,,33.49534376035367,40.023770730177866,33.244014328305234,39.72361848935594,31.96198635960456,38.27885551714955,28.212479957553075,34.63612066744856,,,,,0.006503385906886894,0.33946984006018965,0.4046342741457849,0.41841093321207656,0.4984911138091013,60.808836471278966,60.77893413628673,33.513947296142575,40.045999908447264,33.363746279761905,39.86652410598028,31.836016397627574,38.041031852601066,27.985628324841695,34.659242032066224,0.260002136230466
2022-05-05,,,,,,,40.590000152587890,40.599998474121094,40.040000915527344,40.319000244140625,9400,,,,,33.742412567138670,,,0.08908769746515946,0.10935580486000365,0.09982330313704608,0.10530076215212994,,,,0.2789580659573464,,,,,,,,33.577700029282006,40.122180568165454,33.28932325910827,39.77774410342728,32.017624678589996,38.34261003986802,28.256194839842287,34.68104461667142,,,,,0.0051969831490543345,0.33835639969606035,0.40337833360316466,0.4024000265088733,0.47946855776791397,63.58553980271205,63.55646788468234,33.51879959106445,40.05179977416992,33.41431790306454,39.92695272536505,31.90574352324955,38.12434932163784,28.02163641036503,34.69312695094517,-0.270999908447265
2022-05-06,,,,,,,40.349998474121094,40.869998931884766,40.259998321533200,40.549999237060550,37200,,,,,33.935737609863280,,,0.06943623308109424,0.10853783911130711,0.10002714374155328,0.10482210646565843,,,,0.1967478197499145,,,,,,,,33.69704588947576,40.26478679113048,33.348088200085996,39.84794911557576,32.07756570769229,38.411590952280285,28.3010924111468,34.727439514856314,,,,,0.0057130866624604685,0.3490500734777342,0.41622470060635663,0.3917300359026455,0.4668197863356025,66.41774406092782,66.38957624406348,33.60834732055664,40.158799743652345,33.46293694632394,39.985047839936755,31.97814084613134,38.21085727025592,28.057210369715616,34.726380923437695,0.200000762939456
2022-05-09,,,,,,,40.360000610351560,41.009998321533200,40.360000610351560,40.479000091552734,29900,,,,,33.876316070556640,,,0.07128419647960456,0.09989471490891186,0.10034031138545024,0.1040054375797606,,,,0.0008013849429590296,,,,,,,,33.756802616502725,40.33619122460457,33.396108915583326,39.905317386119115,32.1337766565318,38.47619748788255,28.345165325450438,34.77290639688554,,,,,-0.0017525366447547243,0.34871034953318514,0.41588246712839094,0.3831260986287534,0.4566323224941602,64.75074284481029,64.72410740320895,33.69437789916992,40.261599731445315,33.48760495867048,40.01452400570824,32.04893063742017,38.295444549076144,28.093743649740066,34.760892830197776,0.118999481201174
2022-05-10,,,,,,,40.430000305175780,40.430000305175780,39.869998931884766,40.150001525878906,3400,,,,,33.600986480712890,,,0.100512036862978,0.10394312897127311,0.10217109569580256,0.10436021234818088,,,,-0.013321321311148285,,,,,,,,33.704863904572775,40.27412799169601,33.41473414877692,39.92756139882455,32.17962696353746,38.52850386406994,28.38671331877267,34.815413077747145,,,,,-0.008160703153330432,0.32250666292774355,0.3846300343254896,0.37100221148855145,0.4422318648604261,57.54390427117281,57.52293485475642,33.74459228515625,40.321600341796874,33.503545851934526,40.03357169741676,32.1125606355213,38.371476309640066,28.12868843381367,34.79346029342167,-0.279998779296874
2022-05-11,,,,,,,39.450000762939450,39.450000762939450,39.180000305175780,39.209999084472656,6300,,,,,32.814308166503906,,,0.19239721545497585,0.13326893414290492,0.11435313763838416,0.10677482704384726,,,,-0.1096137986183499,,,,,,,,33.40801199188316,39.919418355954896,33.36014996857029,39.8623284611562,32.19946075113016,38.54980058970752,28.421714068557105,34.85015288807699,,,,,-0.023690781222855162,0.23554645419253717,0.2807753120534713,0.34391106002934857,0.40994055429903514,42.86403812098083,42.85275204663179,33.59395217895508,40.14160003662109,33.48660895937965,40.01333363850912,32.163530924963574,38.43238103957403,28.16142631712414,34.823476163167804,-0.240001678466794
2022-05-12,,,,,,,38.680000305175780,38.680000305175780,37.849998474121094,38.061000823974610,6300,,,,,31.852731704711914,,,0.2359672590884872,0.16708782200822245,0.13001552353309714,0.11111903697876815,,,,-0.12007681882505297,,,,,,,,32.88958522949274,39.2999458452948,33.22311194458316,39.6985714032306,32.18862546842959,38.53452559702837,28.44883673761762,34.87553508519871,,,,,-0.029741498711171453,0.08802399222920343,0.1045499526034277,0.29273364646931954,0.3488624339599136,32.088415521552626,32.08227907668838,33.21601600646973,39.69000015258789,33.4220890771775,39.93623842511858,32.20113772437686,38.47731756785559,28.189978788769434,34.84845632220071,-0.618999481201170
2022-05-13,,,,,,,37.840000152587890,38.356998443603516,37.840000152587890,38.129001617431640,27500,,,,,31.909639358520508,,,0.2189193070605594,0.16546214786067176,0.1300114004867257,0.11083736703672542,,,,-0.1006183011372937,,,,,,,,32.56293660583533,38.90963110267375,33.103705345850194,39.555883240885244,32.179907152494934,38.521852972665975,28.476194861103018,34.901254188220314,,,,,0.001784992244472099,-0.024019764757092332,-0.029285236691087846,0.22938296422403717,0.2732328998297133,33.1593465880605,33.153099448854704,32.81079635620117,39.20580062866211,33.35151163736979,39.851905096144904,32.23871797228616,38.522222367544025,28.217879219660684,34.87257538144551,0.289001464843750
2022-05-16,,,,,,,37.220001220703125,37.220001220703125,36.863998413085940,37.040000915527344,8600,,,,,30.998268127441406,,,0.22149067555027174,0.18971049124919193,0.1432924737583823,0.11481529248610366,,,,-0.08875619010980593,,,,,,,,32.04138044637069,38.286421040291614,32.912301962358484,39.3271666658527,32.14298093296201,38.47554509588039,28.496132199176838,34.91816127697373,,,,,-0.02897680232584112,-0.1842315840802229,-0.22067998245333342,0.14666005456318518,0.17445032337310398,26.06920691486438,26.0655092619779,32.23518676757813,38.518000793457034,33.24550592331659,39.72523843674433,32.26249619135781,38.5506350804889,28.24202755519322,34.89219839610751,-0.180000305175781
2022-05-17,,,,,,,37.470001220703125,37.609001159667970,37.290000915527344,37.609001159667970,6100,,,,,31.474458694458008,,,0.323989592331755,0.1993278343821739,0.1459093534477286,0.11556081712062104,,,,-0.08539410202917863,,,,,,,,31.85240652906646,38.06061441341706,32.7815889380039,39.170969801654095,32.12208961300876,38.44846559787375,28.519676282143486,34.939432738497004,,,,,0.015245045762629274,-0.269667447616051,-0.322727926381738,0.06339455412733794,0.0750146734221356,34.0089103738156,34.00437707429683,31.80988121032715,38.00980072021484,33.15739413670131,39.61995279221308,32.291295793321396,38.58504776727585,28.268555293007502,34.91471030220153,0.138999938964845
2022-05-18,,,,,,,37.860000610351560,38.090000152587890,37.860000610351560,38.000000000000000,900,,,,,31.801677703857422,,,0.3432594685524187,0.20154844124365862,0.1452662513480758,0.11592271289326138,,,,-0.10430039936118427,,,,,,,,31.83549692066345,38.04040960894471,32.692506098536036,39.06451800150372,32.112076740847776,38.43445104794019,28.545620957413952,34.96362694609782,,,,,0.010342664546979834,-0.3074283035097949,-0.3678114173945133,-0.010770017400088634,-0.013550544741194185,38.86732668050158,38.862483016146506,31.60735511779785,37.767800903320314,33.07330694652739,39.519476572672524,32.31935137794132,38.618571569049166,28.2964924176534,34.93891665292165,0.139999389648440
2022-05-19,,,,,,,38.000000000000000,38.150001525878906,38.000000000000000,38.110000610351560,800,,,,,31.893733978271484,,,0.2738349749316148,0.20189677148887444,0.14497172267251324,0.1154378480906911,,,,-0.10290654509478771,,,,,,,,31.85490927319946,38.06360660941366,32.61989045123926,38.97774369321716,32.10525352951727,38.424311971765555,28.572088254021523,34.98849946518283,,,,,0.0028905171056379094,-0.3261660427495343,-0.3901666802694237,-0.07384922246997777,-0.08887377184684009,40.20116052987461,40.1962638564345,31.615555572509766,37.777600860595705,32.9908135732015,39.420905158633275,32.34605207897368,38.65047636486235,28.32363666806902,34.962067445119224,0.110000610351560
2022-05-20,,,,,,,38.123001098632810,38.180000305175780,37.849998474121094,38.050998687744140,5100,,,,,31.844354629516600,,,0.2736861604363296,0.20063383484563999,0.1449638512713759,0.11525995854199315,,,,-0.08885672416050673,,,,,,,,31.851391058638505,38.059403968857154,32.54938719471902,38.893494147265066,32.09710043889225,38.41264593163988,28.597955972404883,35.01270894520307,,,,,-0.0015494458560822834,-0.341068709088745,-0.4079418495074023,-0.1272931197937312,-0.15268738737895254,39.700775869634526,39.696022693517236,31.602498626708986,37.762000274658206,32.91991715204148,39.336190723237536,32.37276591951885,38.68239696442135,28.351170214395676,34.98573808064536,-0.072002410888670
2022-05-23,,,,,,,37.069999694824220,37.930000305175780,37.069999694824220,37.259998321533200,4000,,,,,31.182380676269530,,,0.22230182408478857,0.21086960041986902,0.15081243364234545,0.11726288058104226,,,,-0.10816105028738585,,,,,,,,31.62838759784885,37.79293541974917,32.425113874859974,38.74499452674399,32.068515446310286,38.376625693824046,28.61838620721804,35.0304740786128,,,,,-0.02100690424145021,-0.4016648033846124,-0.48031909849976273,-0.18216745651190744,-0.21821372960311458,33.653310187514116,33.64994999975617,31.63932113647461,37.805999755859375,32.82546851748512,39.223333449590776,32.385518513028586,38.697635045127264,28.376400319356765,35.0066864831107,0.189998626708980
2022-05-24,,,,,,,36.409999847412110,36.819999694824220,36.375000000000000,36.479999542236330,5500,,,,,30.529609680175780,,,0.22739959216279895,0.20543343425531188,0.15672624221594594,0.1192632694652088,,,,-0.125324868818343,,,,,,,,31.262128291957826,37.35529012724489,32.25279531170686,38.539085891788744,32.02042464111859,38.31735612658693,28.633494693170277,35.04193277792998,,,,,-0.021156191516537193,-0.49663589913517825,-0.5937733232838482,-0.24506114503656162,-0.2933256483392613,28.96745009869441,28.96502912186955,31.450351333618165,37.58019943237305,32.67124248686291,39.03904778616769,32.386315572829474,38.69858744787791,28.399320345076305,35.024900769430495,0.069999694824220
2022-05-25,,,,,,,36.626998901367190,36.818000793457030,36.626998901367190,36.818000793457030,3400,,,,,30.812477111816406,,,0.22238263014537313,0.21090874395296608,0.1577735962693836,0.11928305433932367,,,,-0.09327373671846824,,,,,,,,31.11224456524402,37.176193682648936,32.121857293535,38.38262361012223,31.982676280827892,38.27050127242662,28.65071985062993,35.05597284129383,,,,,0.0092226871122751,-0.5428188610979348,-0.6489322506009643,-0.30461268824883625,-0.3644469687916019,33.301410692981975,33.29874945842326,31.25251121520996,37.34379959106445,32.54124596005394,38.883714403424946,32.39080553206186,38.70395254710364,28.424068246568954,35.045365061078755,0.191001892089840
2022-05-26,,,,,,,37.129001617431640,37.150001525878906,37.090000152587890,37.150001525878906,1000,,,,,31.090326309204100,,,0.2416289506667321,0.21541189333018787,0.15833197312293668,0.11955271592171349,,,,-0.08751904101798887,,,,,,,,31.104938479897378,37.16746296372559,32.02808174950492,38.270567057009195,31.95479034421465,38.235485655347006,28.670005277179925,35.07252642773324,,,,,0.008977010666492808,-0.550651515139279,-0.6582683061621921,-0.3538204536269248,-0.42321123626571994,37.34523729952949,37.34234955302064,31.091829681396483,37.15179977416992,32.42519787379673,38.74504779634022,32.39678325350322,38.71109541635665,28.449737003871373,35.06691268890623,0.020999908447266
2022-05-27,,,,,,,37.299999237060550,37.349998474121094,37.299999237060550,37.330001831054690,900,,,,,31.240962982177734,,,0.2515859168451294,0.2149748235108167,0.15804897622440411,0.11937604684008052,,,,-0.08395112507948516,,,,,,,,31.150279980657498,37.22164258616863,31.95652549792972,38.18506112737697,31.932483239150997,38.20718928583787,28.690329053504016,35.09037208309547,,,,,0.0048334301424255415,-0.5384963782661991,-0.6437222477854618,-0.3907556385547797,-0.4673134385696683,39.48728323577529,39.48435595441383,30.97115135192871,37.00760040283203,32.30723653520857,38.604095458984375,32.401831157623775,38.717127179342604,28.476647286188033,35.090003967285156,0.030002593994140
2022-05-31,,,,,,,37.669998168945310,38.400001525878906,37.669998168945310,38.310001373291016,7500,,,,,32.061111450195310,,,0.2695916869030232,0.2375714354568263,0.16585377466496593,0.12183082093439798,,,,-0.006131101673290558,,,,,,,,31.453890470503435,37.58442884854276,31.966033311772048,38.19641933155098,31.936502870746132,38.210402163570784,28.716975554663634,35.11582369803772,,,,,0.025913664606762518,-0.45741146300223434,-0.5468132955707645,-0.4040868034442706,-0.48321340996988754,49.59193136439166,49.588772593331335,31.146897506713866,37.2176010131836,32.239289510817756,38.52290507725307,32.41690838526166,38.735143086266895,28.50723719975305,35.11753175372169,0.640003204345706
2022-06-01,,,,,,,38.000000000000000,38.027000427246094,38.000000000000000,38.027000427246094,600,,,,,31.824272155761720,,,0.18958485425113955,0.2382609511277187,0.16537214699233585,0.12186186050884042,,,,-0.07681363851304583,,,,,,,,31.577351032256196,37.73195270811053,31.95314593395293,38.181017612977804,31.93299566090287,38.20467085931064,28.74153916415848,35.138836952814074,,,,,-0.007414540418870264,-0.40756389233140666,-0.4872315618041867,-0.4047822212216978,-0.48401704033674736,47.143744401405115,47.140903518896486,31.405830001831056,37.527001190185544,32.16205660502116,38.430619376046316,32.42311190045069,38.74255576966301,28.536006321982732,35.14280159511264,0.027000427246094
2022-06-02,,,,,,,37.950000762939450,38.130001068115234,37.729999542236330,38.130001068115234,1200,,,,,31.910474777221680,,,0.19321220792535848,0.23889403720402064,0.1654480401840336,0.12187111363897297,,,,-0.05533307604327829,,,,,,,,31.688392280578025,37.86463549477877,31.94926673788645,38.17637974526303,31.93229188328783,38.20233742833578,28.766590038570044,35.16248251894294,,,,,0.002705044835733533,-0.356988362688444,-0.42678164448976474,-0.39522344951504707,-0.47256996116735084,48.147107090798976,48.14422175540933,31.625429534912108,37.78940124511719,32.09351185389927,38.348714737665084,32.430497759864444,38.75138116261316,28.56508979343233,35.16844445940048,0.180000305175784
2022-06-03,,,,,,,37.819999694824220,37.937000274658200,37.819999694824220,37.937000274658200,900,,,,,31.748952865600586,,,0.2092538291973474,0.2369989394566137,0.16544166802629487,0.12197990289374445,,,,-0.06058922142118292,,,,,,,,31.708579142252212,37.88875708807191,31.931056385860465,38.15461797520804,31.926562538985102,38.194045642283356,28.79016602929756,35.18441546562843,,,,,-0.005074574629979701,-0.3261803553460503,-0.38995306436832067,-0.3814148306812477,-0.4560465818075448,46.37086401582333,46.36822057001974,31.757154846191405,37.946800994873044,32.00691395714169,38.2452385312035,32.43787038893927,38.76019069126674,28.59311338454958,35.192781758686856,0.117000579833980
2022-06-06,,,,,,,37.330001831054690,37.770000457763670,37.229999542236330,37.229999542236330,6400,,,,,31.157268524169922,,,0.2646834519258895,0.2415299235842902,0.16977022956625473,0.12357811021900421,,,,-0.10063946319946154,,,,,,,,31.524808936224783,37.66917123946005,31.860712034797686,38.070561754028795,31.90252210102213,38.16391920165689,28.808878301984297,35.200586090739954,,,,,-0.018812186710069997,-0.3455257630939599,-0.41305377296359325,-0.37423701716379015,-0.4474480200387545,40.47956163300076,40.477620864109625,31.740415954589842,37.92680053710937,31.883811859857467,38.09814325968424,32.43603712414939,38.75800020732577,28.618708943563796,35.21421032860165,-0.100002288818360
2022-06-07,,,,,,,37.020000457763670,37.430000305175780,37.020000457763670,37.240001678466800,13100,,,,,31.165647506713867,,,0.1331772590985394,0.23955759233575677,0.1677452225196708,0.1233445831027091,,,,-0.09803802357495646,,,,,,,,31.405088459721142,37.52611471912897,31.797524350426432,37.995056292614066,31.879494769949996,38.1350467790572,28.82750888858295,35.216707953093525,,,,,0.00026888929877026007,-0.3560763971881755,-0.4256475620159961,-0.37060489316866724,-0.4430879284342028,40.59466220686772,40.59260480181316,31.561323165893555,37.71280059814453,31.751902807326545,37.94052432832264,32.42793404109894,38.74831771850586,28.643499911777557,35.23459921942817,0.220001220703130
2022-06-08,,,,,,,37.040000915527344,37.040000915527344,37.040000915527344,37.040000915527344,300,,,,,30.998268127441406,,,0.1322743677892875,0.23944817771133986,0.16732190364123975,0.12345085313374818,,,,,,,,,,,,31.269481682294565,37.36407678459509,31.724864693791428,37.90823307651527,31.8519564373716,38.100826595821886,28.844669040668787,35.23112133619577,,,,,-0.005385110704716919,-0.37363691401662535,-0.44661828310902507,-0.37121129733825886,-0.44379399936916725,38.97332203065214,38.97144088450241,31.39612236022949,37.51540069580078,31.614852905273438,37.77676246279762,32.41344134012858,38.73100026448568,28.667897754245335,35.25454366774786,0E-15
2022-06-09,,,,,,,35.919998168945310,36.549999237060550,35.792999267578125,35.792999267578125,3600,,,,,30.572895050048828,,,0.12113767612292432,0.24141262643253886,0.16742622997505383,0.12430954122453249,,,,,,,,,,,,31.037286138212654,36.84038427892277,31.62014018072392,37.71593909388462,31.811985769017767,38.02870699181427,28.858330906355587,35.2355630589735,,,,,-0.013817502324909626,-0.4170700782295853,-0.5574345831395746,-0.38038305351652413,-0.46652211612324873,35.13295588521176,30.730606318666005,31.128606414794923,37.04800033569336,31.470658075241815,37.56928616478329,32.39898478795612,38.70200026981414,28.690351039644273,35.27119049193367,-0.126998901367185
2022-06-10,,,,,,,35.680000305175780,35.680000305175780,35.419998168945310,35.520000457763670,12800,,,,,30.339710235595703,,,0.11779268070990509,0.23153790177446776,0.16798953299734856,0.12459750497968305,,,,,,,,,,,,30.804760837340336,36.4002563385364,31.503737458439534,37.51630830878272,31.765977158598325,37.95030991262519,28.87004141488713,35.23781157595998,,,,,-0.007656410441759621,-0.4649476128459149,-0.659681622600111,-0.3972959653824023,-0.5051540174186212,33.20152913727062,29.271304192487033,30.846757888793945,36.56460037231445,31.352820078531902,37.39357194446382,32.38215528215681,38.67025423806811,28.71178198617602,35.286630971091135,-0.159999847412110
2022-06-13,,,,,,,35.229999542236330,35.229999542236330,34.849998474121094,34.944000244140625,12400,,,,,29.847711563110350,,,0.10564468819915573,0.21675974532486753,0.1705980232814905,0.12570932056955747,,,,,,,,,,,,30.485744412597008,35.91483764040448,31.353189649773245,37.28246212108798,31.706031358739327,37.85636273548505,28.877770032659644,35.23548895673611,,,,,-0.016349250953820157,-0.536407710845058,-0.7782206976505108,-0.4251183144749334,-0.5597673534649991,29.5147206554232,26.420533749073982,30.58484649658203,36.107400512695314,31.257342928931827,37.245143345424104,32.36054496159629,38.632984403579954,28.730806865389386,35.29921033647325,-0.285999298095705
2022-06-14,,,,,,,34.939998626708984,34.939998626708984,34.886001586914060,34.886001586914060,900,,,,,29.798173904418945,,,0.09588948965512353,0.2161097566021471,0.17000479505009702,0.12572115157031366,,,,,,,,,,,,30.25655424320432,35.571892289241006,31.211824582013765,37.06460207252672,31.646410813291816,37.7635389495922,28.885045952594503,35.232726210729616,,,,,-0.0016610590887578443,-0.5902337807873437,-0.8668512539200321,-0.45814140773741546,-0.6211841335560057,29.163573256720312,26.14442557964364,30.311351776123047,35.636600494384766,31.15679695492699,37.09071477254232,32.33500005328466,38.591032058473616,28.74972589432247,35.311674625154524,-0.053997039794924
2022-06-15,,,,,,,35.060001373291016,35.109001159667970,35.060001373291016,35.109001159667970,200,,,,,29.988649368286133,,,0.1465526502115949,0.19695082393877497,0.17034304180810594,0.12584932293808543,,,,,,,,,,,,30.16725261823159,35.41759524604999,31.100626835311253,36.88682017135774,31.594605768135388,37.68058464365707,28.893770090267953,35.23174814708486,,,,,0.006371842419052214,-0.610484268316398,-0.9086233619580142,-0.488609979853212,-0.6786719792364074,32.48948299627717,29.207757895130232,30.109428024291994,35.25040054321289,31.108719871157692,36.99876240321568,32.31047273060632,38.55022254822746,28.769316309974307,35.32491669579158,0.048999786376954
2022-06-16,,,,,,,34.990001678466800,34.990001678466800,34.990001678466800,34.990001678466800,200,,,,,29.887004852294922,,,0.13230180901245644,0.18723606810865537,0.17042224973064232,0.12579319909577427,,,,,,,,,,,,30.0738366962527,35.2750640568556,30.99029756412795,36.714382126549474,31.541243239515374,37.596503925994874,28.901621748465793,35.22983710780725,,,,,-0.003395190080343427,-0.6275013436582135,-0.9404889509501615,-0.5163882526142123,-0.7310353735791583,31.635865841900966,28.52776511350021,29.97224998474121,35.08980102539063,31.033126831054688,36.8740481422061,32.28473042684888,38.50800032842727,28.787880715869722,35.33689685851809,0E-15
2022-06-17,,,,,,,34.819999694824220,34.928001403808594,34.819999694824220,34.928001403808594,300,,,,,29.834049224853516,,,0.13014052371834897,0.18140731651405226,0.17004912717496914,0.12575826382486144,,,,,,,,,,,,29.99390753911964,35.15937650583993,30.885184078739364,36.551983879027574,31.48789342655719,37.51311322217656,28.90899271665858,35.22745105481121,,,,,-0.0017734329086713013,-0.6379071781674064,-0.9596829363047803,-0.5406920377248511,-0.7767648861242826,31.176289557774407,28.159915203652236,29.871117782592773,34.97140121459961,30.939430236816406,36.72776249476841,32.255756590101456,38.46193682958209,28.806551002320788,35.349031781393386,0.108001708984374
2022-06-21,,,,,,,34.229999542236330,34.619998931884766,34.090000152587890,34.090000152587890,900,,,,,29.118261337280273,,,0.1819249829879326,0.19418634519481714,0.17610546679287012,0.1277915435684436,,,,,,,,,,,,29.70202547183985,34.80291772142258,30.72455473860672,36.328167176623964,31.413842423767285,37.40614093875191,28.910647014054803,35.21845934807427,,,,,-0.024284817966801396,-0.6958901885076081,-1.030633504001301,-0.5717316678814025,-0.8275386096996863,25.73440912263452,23.70984074329783,29.725227737426756,34.800601196289065,30.80726487295968,36.536333901541575,32.21833014109778,38.40604794214642,28.821285732208736,35.35645241207547,-0.139999389648440
2022-06-22,,,,,,,34.229999542236330,34.278999328613280,34.229999542236330,34.278999328613280,200,,,,,29.279699325561523,,,0.19667332098764131,0.19699371027370727,0.17498540903629903,0.12787657562678148,,,,,,,,,,,,29.561250089747073,34.628278257152814,30.593204246511704,36.14187919044118,31.347150451948355,37.308417763435074,28.91356442363193,35.2110327866556,,,,,0.005528905382849103,-0.7205098563641528,-1.0593995871119262,-0.6014873055779526,-0.8739108051821343,28.75495415437952,26.529826580470797,29.621532821655272,34.67920074462891,30.6851384299142,36.3567148844401,32.178099496024,38.34674635387602,28.836426424601722,35.36432543255034,0.048999786376950
2022-06-23,,,,,,,34.430000305175780,34.490001678466800,34.360000610351560,34.490001678466800,2000,,,,,29.459928512573242,,,0.19593422761387858,0.18977258672409061,0.17561150024995328,0.12796451789702262,,,,,,,,,,,,29.527476230689132,34.58218606425748,30.490179179790022,35.99170850753442,31.288174766342884,37.220342260779816,28.917883507338974,35.20533293599798,,,,,0.006136564333997968,-0.7172105743093553,-1.0530320905622759,-0.6246319593242331,-0.9097350622581626,32.07636546717903,29.656030767009472,29.515788650512697,34.55540084838867,30.603116898309615,36.22481028238932,32.14175245496962,38.29201622614785,28.85252010254633,35.37333733694894,0.060001373291020
2022-06-24,,,,,,,34.842998504638670,34.842998504638670,34.842998504638670,34.842998504638670,100,,,,,29.761442184448242,,,0.21899712885332764,0.1822858921927286,0.1740379593438287,0.12831532104013105,,,,,,,,,,,,29.60546488194217,34.66912354438454,30.42393036203168,35.887280325452984,31.240464373158677,37.14605026840041,28.924551955379364,35.20246863219277,,,,,0.010182684851009257,-0.6823999541532118,-1.007883654533181,-0.6361855582900289,-0.9293647807131663,37.3393205038313,34.664700051081795,29.49067611694336,34.52600021362305,30.566537493751163,36.14685785202753,32.102539819384376,38.23374636211093,28.86989474675012,35.38385716695634,0E-15
2022-06-27,,,,,,,34.900001525878906,34.900001525878906,34.759998321533200,34.889999389648440,1900,,,,,29.801586151123047,,,0.21928171712539665,0.17860933194450976,0.17410766762890756,0.1283110985768548,,,,,,,,,,,,29.670838638335795,34.74274882613918,30.36735361558544,35.79661842219802,31.195499428720062,37.07554867843941,28.93148503202556,35.19999851960349,,,,,0.001347949352977565,-0.64414767088698,-0.9572757362813036,-0.637777980809419,-0.9349469718267938,38.02781976036386,35.32501592134467,29.484183502197265,34.51839981079102,30.51839982895624,36.055048261369976,32.064150340973384,38.17644476512122,28.88723783644419,35.39432145678808,-0.010002136230466
2022-06-28,,,,,,,34.889999389648440,34.900001525878906,34.729999542236330,34.810001373291016,1400,,,,,29.733261108398438,,,0.07597817693046242,0.17442710893172067,0.17380653229223827,0.12832208209338303,,,,,,,,,,,,29.691646128356677,34.76516634185646,30.309708842204802,35.70692596320648,31.149804481210012,37.00475032515352,28.93782318282693,35.196915538209716,,,,,-0.0022952968174644235,-0.6122876498457508,-0.9130981408215177,-0.6326799146166854,-0.9305772056257385,37.27707126349314,34.682517120398394,29.6071834564209,34.66240005493164,30.453777676536923,35.94361968267532,32.022683794536285,38.115492381746805,28.904006284380717,35.404083373054625,-0.079998016357424
2022-06-29,,,,,,,35.180000305175780,35.189998626708984,35.180000305175780,35.189998626708984,800,,,,,30.057834625244140,,,0.09004971754999162,0.17865192885118653,0.17274268031172188,0.12870907678382001,,,,,,,,,,,,29.813708960652498,34.906777103473964,30.286811186117472,35.659932568979436,31.115680423211078,36.94803933457713,28.94667702822153,35.196860859067414,,,,,0.010857024816659807,-0.5544565533859185,-0.8377672165752799,-0.6170352423705321,-0.9120152078156468,43.030819675506564,40.24243960757889,29.762810516357423,34.844599914550784,30.397438230968657,35.84171476818266,31.979062973506867,38.05184155418759,28.922234815264506,35.41557147010924,0.009998321533204
2022-06-30,,,,,,,35.459999084472656,35.540000915527344,35.459999084472656,35.540000915527344,600,,,,,30.356790542602540,,,0.09614395783871438,0.15425169040340872,0.17420323582337388,0.12787386499401512,,,,,,,,,,,,29.994736154635845,35.11785170749176,30.29317294579793,35.64902969139288,31.09196511444206,36.90403813398182,28.957824170627703,35.1995734286837,,,,,0.009896886944541293,-0.4789803612889578,-0.7412796464301792,-0.5894242661542172,-0.8778680955385533,47.782220767961334,44.89513232466179,29.94218292236328,35.05459976196289,30.316280092511857,35.709809984479634,31.94125033181811,37.99501618884859,28.9433080128261,35.43055163489448,0.080001831054688
2022-07-01,,,,,,,35.310001373291016,35.409999847412110,35.310001373291016,35.409999847412110,900,,,,,30.245750427246094,,,0.10773183848898366,0.1533214467902603,0.17412486547789824,0.12793704507220563,,,,,,,,,,,,30.07840757883926,35.215234420798545,30.288861807747764,35.62729970557645,31.06552090546719,36.85734943752652,28.968005405857888,35.20123687863412,,,,,-0.0036645407219310488,-0.4232460278364236,-0.6676067960928691,-0.5561886184906585,-0.8358158356494164,46.2396204498223,43.53915560452016,30.03904457092285,35.168000030517575,30.241112391153973,35.58519090924944,31.900479574052113,37.934698740641274,28.96405007347228,35.445154810708665,0.099998474121094
2022-07-05,,,,,,,35.240001678466800,35.470001220703125,35.110000610351560,35.250000000000000,34200,,,,,30.109085083007812,,,0.12140486678046815,0.1523176976453132,0.1741523445549129,0.127946848686451,,,,,,,,,,,,30.08863341356211,35.226822947199025,30.272518469135044,35.59299973234222,31.035632286015332,36.807119767603815,28.977025798562632,35.201622357854404,,,,,-0.004528736650856514,-0.3856582894543159,-0.6150413678888924,-0.52208255268339,-0.7916609420973116,44.34218355850203,41.86327338745162,30.100544357299803,35.24000015258789,30.15533192952474,35.448048001243954,31.85678239852663,37.87093686300611,28.98367723586067,35.45839687377688,0.009998321533200
2022-07-06,,,,,,,35.130001068115234,35.130001068115234,34.979999542236330,34.979999542236330,1000,,,,,29.878463745117188,,,0.13842170987808594,0.1530840783273892,0.17441325791069578,0.12652475880929057,,,,,,,,,,,,30.018576857413805,35.14454847887813,30.236695312406145,35.5372724423326,30.999470769112264,36.75002226056108,28.984151790235,35.19987039883766,,,,,-0.007689011423419557,-0.37021138417807364,-0.5883871074607896,-0.4917083189823267,-0.7510061751700072,41.26495188664819,39.12635117372826,30.129584884643556,35.273999786376955,30.06626101902553,35.3072384425572,31.81230708530971,37.80633369324699,29.004369834112744,35.47307940891811,-0.150001525878904
2022-07-07,,,,,,,35.099998474121094,35.169998168945310,34.959999084472656,35.092998504638670,41000,,,,,29.974981307983400,,,0.11221751387218419,0.1429022847512892,0.17463932228627227,0.12624178083221196,,,,,,,,,,,,30.00404500760367,35.127365154131645,30.212903130185897,35.496883902542244,30.967455473451988,36.698240268188506,28.991984434644078,35.19902556172937,,,,,0.003225132536348551,-0.3461907680871015,-0.5517847114641086,-0.46260480880328164,-0.7111618824288275,43.046331049766096,40.8687242754754,30.113014221191406,35.25459976196289,30.00996162777855,35.205476488385884,31.76936379690019,37.74352415781173,29.024506773267472,35.487019879477366,-0.006999969482424
2022-07-08,,,,,,,35.180000305175780,35.349998474121094,35.180000305175780,35.290000915527344,8800,,,,,30.143253326416016,,,0.08868177918168327,0.14507018974118882,0.17435992836930386,0.12630445648711813,,,,,,,,,,,,30.050447780541116,35.18157707459687,30.20657132984318,35.47807635826816,30.941699156357114,36.65423278841784,29.001085374499983,35.199744734486664,,,,,0.005598050538259234,-0.3100025942595259,-0.5011041836868131,-0.43208436589453053,-0.6691503426804246,46.11478025108921,43.88435099224165,30.0703067779541,35.20459976196289,29.96127619062151,35.11261930919829,31.725371981423997,37.67939715915256,29.045511699858167,35.50199607061961,0.110000610351564
2022-07-11,,,,,,,34.944999694824220,34.944999694824220,34.944999694824220,34.944999694824220,100,,,,,29.848567962646484,,,0.10735518768694173,0.1473314765283757,0.17253180807548107,0.12659935995859245,,,,,,,,,,,,29.983154507909575,35.10271794800599,30.174025569188935,35.42961484340962,30.907538806553656,36.60081925424304,29.007784841599953,35.19773093970672,,,,,-0.009824263627670566,-0.30162490766671723,-0.483208093391049,-0.40599247424896784,-0.6319618928225496,41.861327852601164,40.03381582299299,29.99087028503418,35.11159973144531,29.906528563726518,35.01285734630766,31.66966214255681,37.60138127160451,29.064671387748113,35.51474606801593,0E-15
2022-07-12,,,,,,,35.000000000000000,35.060001373291016,34.730998992919920,34.730998992919920,287600,,,,,29.665779113769530,,,0.10972579065684827,0.14173601880130662,0.17274356717351713,0.1266992794883203,,,,,,,,,,,,29.877362709862894,34.978811629643964,30.12782134596899,35.36610431154692,30.868733816154155,36.5423873710767,29.01298637734833,35.194041359099714,,,,,-0.006142701133990402,-0.30620531884866864,-0.4807515761500838,-0.386035043168908,-0.6017198294880564,39.431789626305765,37.817250116222475,29.902209091186524,35.007799530029295,29.863332566760835,34.96228590465727,31.612512164645725,37.52171458895244,29.083496843065536,35.52714288802374,-0.269001007080080
2022-07-13,,,,,,,34.869998931884766,34.919998168945310,34.860000610351560,34.886001586914060,9400,,,,,29.798173904418945,,,0.11065831047583857,0.14124452420525171,0.17318189646593968,0.12657286365447443,,,,,,,,,,,,29.850966441381576,34.947874948734,30.097853396737168,35.32245860930757,30.83527881891243,36.490625315321616,29.019193393372603,35.19160626208639,,,,,0.0044529501554533895,-0.29574303298388216,-0.4609834246466562,-0.3679766411319028,-0.5735725485197763,42.05499691009718,40.39161117867481,29.886151123046876,34.988999938964845,29.837545122419083,34.932095482235866,31.558991386776878,37.44633368840293,29.10344530287243,35.54091273413764,0.016002655029294
2022-07-14,,,,,,,34.720001220703125,34.981998443603516,34.720001220703125,34.981998443603516,1600,,,,,29.880167007446290,,,0.10968327637238881,0.1298888465373485,0.17331925984452984,0.12657407772454923,,,,,,,,,,,,29.860699963403146,34.959249447023836,30.07806372498345,35.29150768515265,30.80543157480411,36.44348072558042,29.025999508898877,35.18994928328415,,,,,0.00274783626240156,-0.2776350340393847,-0.4325843153892919,-0.3499083197133992,-0.5453749018936794,43.68177361912021,41.99330817867342,29.867188262939454,34.966799926757815,29.839090619768417,34.93390492030552,31.506174208625914,37.37176223028274,29.123456288897803,35.554730188278924,0.261997222900391
2022-07-15,,,,,,,35.110000610351560,35.119998931884766,34.689998626708984,35.040000915527344,75500,,,,,29.929714202880860,,,0.09858337176884191,0.1298460758626041,0.17283733733667642,0.12623902522990432,,,,,,,,,,,,29.883704709895717,34.98616660319167,30.064577404792306,35.26864343336854,30.77806540693151,36.39962198151626,29.033143498574624,35.18876392069319,,,,,0.001656823446765245,-0.2563314405406345,-0.400777587408669,-0.3311929438788463,-0.5164554389966773,44.692245927001004,42.99008413145432,29.82448043823242,34.91679992675781,29.845354443504696,34.94123822166806,31.451221011933825,37.29461936345176,29.142678283509753,35.56752780884031,-0.069999694824216
2022-07-18,,,,,,,35.090000152587890,35.205001831054690,34.950000762939450,35.171001434326170,11100,,,,,30.041610717773438,,,0.06803430701274414,0.12858332296000424,0.17304750166890867,0.12602975992971543,,,,,,,,,,,,29.93634004585496,35.04777821356984,30.062489524154227,35.259766888001046,30.75505119789532,36.36122758941657,29.041115571453666,35.188623505781194,,,,,0.0037316715910696383,-0.2277932172035655,-0.3608403364950732,-0.3105129985437901,-0.4853324184963565,47.004811495087445,45.27725456567747,29.86308898925781,34.9620002746582,29.847876412527903,34.944190615699405,31.400700735667396,37.222730485219806,29.16305144627889,35.58174209746103,0.081001281738280
2022-07-19,,,,,,,35.509998321533200,35.709999084472656,35.340000152587890,35.619998931884766,5100,,,,,30.425125122070312,,,0.06974215854725786,0.13500660358463967,0.1751629405227252,0.12614977954588275,,,,,,,,,,,,30.09926840459341,35.23851845300815,30.095456396692054,35.29251525562684,30.744741008025787,36.3380641938687,29.052056358415065,35.19203358820099,,,,,0.012685306781945089,-0.17224453456305255,-0.2896208627661281,-0.2828593057476426,-0.44619010735031084,54.090193889684066,52.335528344609486,30.01495819091797,35.139800262451175,29.87350118727911,34.97419048490978,31.35467405167837,37.15606380644299,29.185907068706694,35.598956380571636,0.110000610351566
2022-07-20,,,,,,,35.810001373291016,36.099998474121094,35.810001373291016,35.979999542236330,1900,,,,,30.732624053955078,,,0.07759678407108775,0.13828966959866196,0.1758164493015487,0.1261928259835417,,,,,,,,,,,,30.310386954380633,35.48567881608421,30.15338072917051,35.355013827136794,30.744362353211077,36.326874673505195,29.06534147853791,35.19826256807479,,,,,0.010056011782669573,-0.10223075690730354,-0.20180360972804579,-0.24673359597957478,-0.3973128078258578,58.841696112923984,57.112031780606785,30.201848220825195,35.35859985351563,29.916290464855376,35.024285634358726,31.309675882733057,37.09050823393322,29.20905363748944,35.616420662592326,0.169998168945314
2022-07-21,,,,,,,36.150001525878906,36.900001525878906,36.150001525878906,36.810001373291016,3900,,,,,31.441574096679688,,,0.13280139358653603,0.12344762376036376,0.1822753408655563,0.1280636066327078,,,,,,,,,,,,30.687449335146983,35.927119668486476,30.27048921712589,35.487285422241726,30.766150220194472,36.3419723828735,29.084125926112154,35.21100358629784,,,,,0.022806269872586035,0.010342784629017387,-0.06449019008724832,-0.19531831985785636,-0.3307482842781359,67.25593405870481,65.65705649760528,30.514129638671875,35.72420043945313,30.02692440577916,35.153809502011256,31.275000950646778,37.037016187395366,29.234659936692978,35.6367301940918,0.659999847412110
2022-07-22,,,,,,,36.979999542236330,36.979999542236330,36.689998626708984,36.689998626708984,600,,,,,31.339078903198242,,,0.1553947623044391,0.12550769397581982,0.18166479400350144,0.12812951993019003,,,,,,,,,,,,30.904659191164072,36.181412654560646,30.367633734041558,35.5966229862842,30.78405424153834,36.35284820299336,29.101951641346034,35.22269524669635,,,,,-0.0032651869531804,0.09024730704067352,0.034253611215511626,-0.13820519447815038,-0.25774790517940643,65.1812472932589,63.68150661722592,30.79600257873535,36.05419998168945,30.124990099952335,35.26861899239676,31.243348560636004,36.98717486669147,29.259696801503498,35.65635717482794,-0.290000915527346
2022-07-25,,,,,,,36.689998626708984,36.700000762939450,36.650001525878906,36.668998718261720,1500,,,,,31.321134567260742,,,0.16747734069302606,0.1257062932946902,0.18147908230149432,0.12811756535416324,,,,,,,,,,,,31.04348431652963,36.343941342461,30.454315627970576,35.694111689191246,30.800838001717164,36.362727906595495,29.11949458937698,35.23412847572058,,,,,-0.0005727505679981043,0.15039064900305021,0.10955142738894352,-0.08048602578191026,-0.18428803866573643,64.80433995383756,63.32243991750455,31.051907348632813,36.353799438476564,30.213618959699357,35.37238075619652,31.214068125164697,36.940174829392205,29.28480012833126,35.676075420682395,-0.020999908447264
2022-07-26,,,,,,,36.641998291015625,36.641998291015625,36.529998779296875,36.639999389648440,600,,,,,31.296365737915040,,,0.17270443712346226,0.12344221393723491,0.17736403663240055,0.12551754018710196,,,,,,,,,,,,31.1277781236581,36.44262735819015,30.530865637965526,35.7801014801419,30.81632324347335,36.3713926404409,29.136703056954357,35.245242079783246,,,,,-0.000791115279811962,0.1938217863875522,0.16498365683898442,-0.025624463348017767,-0.11443369956479225,64.25205687663984,62.795879543547265,31.226155471801757,36.5577995300293,30.28671055748349,35.457952226911274,31.174830179365856,36.881285955035494,29.307139343685574,35.69229764786978,-0.001998901367185
2022-07-27,,,,,,,36.860000610351560,37.255001068115234,36.860000610351560,37.189998626708984,2100,,,,,31.766157150268555,,,0.18357593372002598,0.13070676005812776,0.17988600106327465,0.12630701628754104,,,,,,,,,,,,31.34057113252825,36.69175111436309,30.64316486635671,35.90827394801164,30.8460055530607,36.39697407751178,29.157489255320478,35.260615649324166,,,,,0.014899502327440625,0.2631164735131577,0.2504078936170586,0.03212372402421732,-0.041465380928422085,69.55230645730873,68.19735706517659,31.432862091064454,36.79979934692383,30.3802615574428,35.567476000104634,31.146635782150994,36.83541288829985,29.33131776537214,35.71067065284366,0.329998016357424
2022-07-28,,,,,,,37.110000610351560,37.139999389648440,36.869998931884766,37.139999389648440,2400,,,,,31.723442077636720,,,0.11759207944782672,0.1302589405049499,0.17988654183558753,0.12632322105355914,,,,,,,,,,,,31.46819478089774,36.84116720612488,30.741371885563986,36.02024898816044,30.8734254444537,36.42019361851605,29.177773467354598,35.275472437785226,,,,,-0.0013455772156764358,0.3110012342875095,0.3104935201179231,0.08789922607687577,0.02892639928084695,68.5569977316768,67.24160428158096,31.48923568725586,36.86579895019531,30.475032079787482,35.67842828659784,31.118002543373713,36.78903192187112,29.355326682802232,35.72884524814666,0.029998779296880
2022-07-29,,,,,,,37.169998168945310,37.255001068115234,37.090000152587890,37.255001068115234,10300,,,,,31.821678161621094,,,0.10871773533783685,0.12716194836167963,0.1795779725862061,0.12625186841106012,,,,,,,,,,,,31.586022574472192,36.979111826788326,30.839581547023723,36.13249917724724,30.90305834186518,36.446281351316024,29.19867389972034,35.29112088545582,,,,,0.0030918554209160773,0.35281010786972544,0.36320468879124945,0.1408814024354457,0.09578205718292745,69.63326217074388,68.34062492551885,31.58575553894043,36.978799438476564,30.559024629138765,35.77676173618862,31.087899798438663,36.740857321118554,29.379149701860214,35.746746048094735,0.085002899169924
2022-08-01,,,,,,,37.169998168945310,37.189998626708984,37.110000610351560,37.150001525878906,1500,,,,,31.731983184814453,,,0.1144704769277914,0.12573670079419372,0.17921771948321205,0.12625123648206632,,,,,,,,,,,,31.634676111252947,37.03607505981852,30.920708968641062,36.22499939075921,30.928962243207344,36.468272606771116,29.218700060076817,35.30581559407577,,,,,-0.0028226552006357752,0.3743905650009083,0.39198749633364827,0.1875832349485382,0.1550231450130716,67.36592036841542,66.15822187648551,31.66792526245117,37.075,30.624509993053618,35.853428431919646,31.060026532127743,36.69538116455078,29.402907787807404,35.764599224877735,-0.019996643066404
2022-08-02,,,,,,,36.891998291015625,36.891998291015625,36.891998291015625,36.891998291015625,100,,,,,31.511610031127930,,,0.13293532563429467,0.12814680302571532,0.17963347988688377,0.12637416769619988,,,,,,,,,,,,31.593654084544607,36.988049470217554,30.974427247048958,36.28563565441888,30.947169986579866,36.48151403440375,29.23682583059896,35.31835458772746,,,,,-0.006969055184831106,0.3694521466187126,0.3894895804152867,0.22395701728257308,0.20191643209351462,62.02243851229341,61.00319401027099,31.71097412109375,37.12539978027344,30.684789021809895,35.92399978637695,31.029319339328342,36.64660335722424,29.42626383947948,35.782027789524626,0E-15
2022-08-03,,,,,,,36.909999847412110,37.015998840332030,36.909999847412110,37.015998840332030,300,,,,,31.617530822753906,,,0.06863185798511719,0.12601528693104883,0.17979333459739547,0.1263117607076205,,,,,,,,,,,,31.60161299728104,36.99736592692238,31.03289120847668,36.352032307683714,30.968118762710304,36.49821668458901,29.255645632908486,35.331774700396274,,,,,0.003355689293027849,0.3698222563735527,0.39298567779889737,0.253130065100769,0.24013028123459118,63.52020362874262,62.5149725211933,31.68124885559082,37.090599822998044,30.756619771321613,36.00809496924991,31.001821184915208,36.60161923605298,29.449477006518652,35.7992341329181,0.105998992919920
2022-08-04,,,,,,,36.779998779296875,36.990001678466800,36.779998779296875,36.950000762939450,3700,,,,,31.561153411865234,,,0.06886656778726132,0.1216872557403052,0.1791792555064792,0.1263137900761303,,,,,,,,,,,,31.588126468809104,36.98157753892807,31.080915045148366,36.40639307634333,30.986651095496395,36.512334937037465,29.2738709908449,35.344567001285945,,,,,-0.0017846976883373687,0.3614003864368094,0.3859815122783985,0.2747841293679771,0.26930052744335264,62.116004366988626,61.15606157275352,31.648791122436524,37.05260009765625,30.836747850690568,36.10190455118815,30.969974275619265,36.55146050831628,29.472638546474396,35.816396834358336,0.170001983642575
2022-08-05,,,,,,,36.865001678466800,36.865001678466800,36.865001678466800,36.865001678466800,100,,,,,31.488548278808594,,,0.05839954519376445,0.12283603638821926,0.1787560201484389,0.12617717754074395,,,,,,,,,,,,31.554933738808934,36.94271891877431,31.117972611844753,36.44808476744546,31.0023353824749,36.52335577270713,29.291378321184535,35.356586247745874,,,,,-0.0023031089189348712,0.34489166990137576,0.3693147147499545,0.2888056374746568,0.289303364904673,60.26821662730656,59.36622237598743,31.582165145874022,36.97460021972656,30.908822468348912,36.186285654703774,30.93419865199498,36.496635134257964,29.494751642620752,35.83225795200893,0E-15
2022-08-08,,,,,,,36.759998321533200,36.860000610351560,36.689998626708984,36.810001373291016,2200,,,,,31.441574096679688,,,0.05813213238347252,0.1229264485596615,0.17822031679216754,0.12615814661985486,,,,,,,,,,,,31.517147191432517,36.89847973694655,31.147390928647926,36.480986277067785,31.0160615922938,36.53231344772538,29.308375916247737,35.368075695378636,,,,,-0.0014929000319783023,0.3242798726749996,0.3476604790683453,0.2959004845147254,0.3009747877374075,59.04443445689063,58.179685046541564,31.52408332824707,36.90660018920899,30.970647266932897,36.258666628883,30.894608754960316,36.437270088801306,29.516922367943657,35.84821033477783,0.050003051757816
2022-08-09,,,,,,,36.665000915527344,36.665000915527344,36.665000915527344,36.665000915527344,300,,,,,31.317720413208008,,,0.043429638050426815,0.11735823507758429,0.17830140386325263,0.12623536014071188,,,,,,,,,,,,31.450671598691017,36.82065346314015,31.1628754272443,36.497714880564104,31.025488430447368,36.536459931094186,29.324260062468767,35.378328068660444,,,,,-0.00394694826402117,0.2945554656517473,0.31516597893701004,0.29563148074212975,0.303813025977328,55.82570565870602,55.055534644831376,31.485305404663087,36.86120071411133,31.040606907435826,36.34057144891648,30.85399612547859,36.37673041934059,29.538695494333904,35.86370637681749,0E-15
2022-08-10,,,,,,,36.880001068115234,36.950000762939450,36.865001678466800,36.865001678466800,4700,,,,,31.488548278808594,,,0.05753634543907473,0.11367531162315185,0.17823261619250272,0.126294315645949,,,,,,,,,,,,31.463297158730207,36.83543620158236,31.19248205011378,36.53110458946435,31.039959050708656,36.546726860699586,29.341369060226395,35.390080429212276,,,,,0.005439848295999451,0.2815376492495112,0.30207016671604237,0.29281271444360607,0.30346445412507084,59.13468982422939,58.37566289547286,31.459508895874023,36.83100128173828,31.127405439104354,36.442190624418714,30.820465360369003,36.32458756461976,29.560796071612646,35.87955161503383,-0.014999389648434
2022-08-11,,,,,,,36.790000915527344,36.790000915527344,36.790000915527344,36.790000915527344,300,,,,,31.424489974975586,,,0.05782990225089425,0.11473259966193798,0.17220241591613722,0.12632360344031593,,,,,,,,,,,,31.450361430812002,36.82029110623069,31.21357367964667,36.55464061910644,31.051975642092,36.55432917491295,29.35783641923627,35.401146994321486,,,,,-0.0020364085966368896,0.26302003496194004,0.28238455306949817,0.28685417854727285,0.2992484739139563,57.39838432828383,56.684589868642554,31.432176208496095,36.79900131225586,31.204849061511812,36.532857259114586,30.798404754154266,36.28617489527142,29.582492268274702,35.89490876879011,0E-15
2022-08-12,,,,,,,36.896999359130860,36.896999359130860,36.896999359130860,36.896999359130860,200,,,,,31.515882492065430,,,0.061394175360799615,0.11473760631474089,0.16188328153443104,0.1262639096132858,,,,,,,,,,,,31.472201784563143,36.84586052386408,31.241056298957467,36.58576414092684,31.06647273115367,36.56503761816976,29.37489607198591,35.4129719142014,,,,,0.002904100428381531,0.2528051244479421,0.27227878228836744,0.2800443677274067,0.29385453558883856,59.23731957852635,58.53027720357216,31.43764305114746,36.80540084838867,31.282740275065105,36.6240477789016,30.793057941255114,36.26769868154374,29.60492660128881,35.91116670578245,0E-15
2022-08-15,,,,,,,36.580001831054690,36.580001831054690,36.349998474121094,36.349998474121094,2700,,,,,31.048662185668945,,,0.1252992069257545,0.12975733941120213,0.16449616350960375,0.12723672668648334,,,,,,,,,,,,31.331021918265076,36.68057317394975,31.223565925022147,36.564330898489956,31.065916151607272,36.55831764491824,29.388127424663242,35.42037923878575,,,,,-0.014935903216215008,0.2046498837976749,0.21762286526774233,0.26496547094146033,0.2786082015246193,47.86277542596836,47.40864568009322,31.35906066894531,36.713400268554686,31.336023512340727,36.686428615025115,30.77939163692414,36.23946053641183,29.625506885468013,35.925254004342214,-0.230003356933596
2022-08-16,,,,,,,36.330001831054690,36.486999511718750,36.330001831054690,36.486999511718750,100,,,,,31.165683746337890,,,0.1315452754704306,0.12976320242943273,0.15411071588975556,0.12726293176105016,,,,,,,,,,,,31.275909194289348,36.61604861987275,31.218303908778125,36.55730077241985,31.069033888942602,36.55608895325575,29.402179253293085,35.42881101959944,,,,,0.0037618879350525022,0.17392427976552938,0.1832501029058946,0.24675723270627414,0.25953658180087436,50.43012656293773,49.97263415070417,31.32865333557129,36.677799987792966,31.389550799415225,36.749095190139045,30.78204902770027,36.230682736351376,29.646639142717635,35.93999606843979,0.156997680664060
2022-08-17,,,,,,,36.555000305175780,36.555000305175780,36.555000305175780,36.555000305175780,100,,,,,31.223762512207030,,,0.12271163252878206,0.12353716849960694,0.15105398927974628,0.1272564756163734,,,,,,,,,,,,31.258526966928574,36.59569918164043,31.21880014545348,36.55709163903402,31.073869158419615,36.55605493300325,29.41657912095248,35.43771370169886,,,,,0.0018618143333167993,0.15250253394340518,0.15965612044340816,0.22790629295370035,0.2395604895293811,51.70131189813666,51.243241448907646,31.275696182250975,36.61579971313476,31.427581151326496,36.79361906505766,30.7780697232201,36.21395256405785,29.66809886599344,35.95513098580496,0E-15
2022-08-18,,,,,,,36.569999694824220,36.569999694824220,36.490001678466800,36.557998657226560,1900,,,,,31.226324081420900,,,0.1232540965072439,0.11932222379753887,0.14954989460132662,0.12724299907244133,,,,,,,,,,,,31.24779267175935,36.583132340169136,31.219484139632335,36.55717409523334,31.078633374763406,36.55611567438523,29.43088540522496,35.446569709252444,,,,,0.00008203572981322885,0.1341855359409223,0.13959054835925144,0.20916214155114474,0.21956650129535518,51.76007045596527,51.30197258562698,31.23606300354004,36.56939926147461,31.45109067644392,36.82114283243815,30.768937126038566,36.191063653855096,29.689290281326052,35.96992462400406,-0.012001037597660
2022-08-19,,,,,,,36.360000610351560,36.360000610351560,36.310001373291016,36.310001373291016,1000,,,,,31.014493942260742,,,0.12183151986861965,0.0911491077865306,0.14996872917663598,0.1271253909825632,,,,,,,,,,,,31.170026428593147,36.4920886845431,31.200848667144008,36.534703847784044,31.076629017497698,36.54842460247604,29.44340404978651,35.45339525600374,,,,,-0.006806817897820135,0.10140730092403061,0.10249562395249256,0.18761117342572192,0.19615232582678266,46.70039472167898,46.33086694942366,31.1357852935791,36.45199966430664,31.43075352623349,36.79733330862863,30.754980934990776,36.16249223739382,29.70860857433743,35.982424630059135,-0.049999237060544
2022-08-22,,,,,,,36.419998168945310,36.680000305175780,36.419998168945310,36.658000946044920,500,,,,,31.311742782592773,,,0.09415051214114085,0.09711845106335779,0.15127039114560115,0.12743369361805904,,,,,,,,,,,,31.21726521325969,36.54739277171037,31.210929950366623,36.545912674898666,31.08397632265692,36.55184886321257,29.458173525935173,35.46291783062857,,,,,0.00953855421696588,0.09828286700937028,0.10002525736970114,0.1697455121424516,0.17692691213536635,53.5605231366902,53.185934735757755,31.188401412963866,36.5136001586914,31.42945180620466,36.79580960954939,30.7465267786904,36.140381162128755,29.72901255743844,35.99618654402475,0.238002777099610
2022-08-23,,,,,,,36.799999237060550,37.238998413085940,36.799999237060550,37.238998413085940,100,,,,,31.808008193969727,,,0.13857867938050442,0.11136062585558792,0.14861708601926882,0.12829740196966247,,,,,,,,,,,,31.414179540163037,36.77792798550223,31.26520979069418,36.608920469279326,31.106602318635446,36.57332228664611,29.47674929406193,35.47695799333574,,,,,0.015724892120494993,0.13430304001218119,0.14329727229107192,0.1626570177163975,0.17020098416650747,62.28763499407537,61.92896643041621,31.316866302490233,36.66399993896484,31.452636264619372,36.82295245216007,30.75645737420945,36.14004783024863,29.751085455455478,36.01187304844932,0.438999176025390
2022-08-24,,,,,,,37.029998779296875,37.200000762939450,37.029998779296875,37.200000762939450,900,,,,,31.774694442749023,,,0.14298261003754542,0.11140849185112255,0.14210791215074778,0.12819751838229163,,,,,,,,,,,,31.534351174358363,36.91861891131464,31.31152657724462,36.66265504143025,31.127480197513993,36.59290598903028,29.49491486835985,35.490578884795056,,,,,-0.001047887330598033,0.15833594708210796,0.17245590707771186,0.1617928035895396,0.17065196874874836,61.4527649730701,61.104060078517115,31.427052688598632,36.793000030517575,31.47541382199242,36.84961918422154,30.776220624409024,36.151476421053445,29.77238785274445,36.026595267038495,0.170001983642575
2022-08-25,,,,,,,37.040000915527344,37.119998931884766,37.040000915527344,37.090000152587890,800,,,,,31.680738449096680,,,0.14906639607070213,0.09929200756663575,0.14120144624675615,0.1279689164589339,,,,,,,,,,,,31.58314693260447,36.97574599173905,31.345091292867533,36.701504596990034,31.144769517875954,36.608440181641456,29.512194106152236,35.503222531180775,,,,,-0.0029613244455925797,0.1678656844998727,0.18456070436594985,0.16300737977160623,0.17343371587218864,59.04887658520834,58.72778992683648,31.51793556213379,36.899400329589845,31.47134626479376,36.844857352120535,30.7900025503976,36.155793871198384,29.792350579821875,36.03965479230124,0.049999237060546
2022-08-26,,,,,,,37.180000305175780,37.180000305175780,36.709999084472656,36.709999084472656,700,,,,,31.356151580810547,,,0.16462386739502513,0.10533465769221312,0.14172691647482588,0.1283823875733294,,,,,,,,,,,,31.50748181533983,36.88716368931692,31.346096773589625,36.70227682312482,31.15137520734266,36.61161389735493,29.526770845082343,35.512762266779916,,,,,-0.010298405801975306,0.1475260341861251,0.1616277884957995,0.15991111065451,0.1710725303969108,51.54703784545983,51.305109402974175,31.58626708984375,36.979399871826175,31.45385624113537,36.82438114711216,30.794221999153258,36.14880970546177,29.81055280140468,36.05060716659304,-0.470001220703124
2022-08-29,,,,,,,36.689998626708984,36.714000701904300,36.689998626708984,36.714000701904300,500,,,,,31.359579086303710,,,0.15117140645904603,0.10453742366580988,0.14140495694341543,0.12831818602498046,,,,,,,,,,,,31.458180905661123,36.82944269351271,31.347322438381816,36.70334263028659,31.157881578560193,36.61481348499709,29.541259447779744,35.52225822278881,,,,,0.00010930289610327725,0.13018262159576466,0.14213770949240967,0.15396541284276094,0.1652855662160106,51.616938513646986,51.374806371223585,31.59583435058594,36.99059982299805,31.431851523263113,36.79861922491165,30.796104794456845,36.13903190976097,29.828267975459024,36.060940500289675,0.024002075195316
2022-08-30,,,,,,,36.375000000000000,36.375000000000000,36.238998413085940,36.238998413085940,900,,,,,30.953845977783203,,,0.09301426885224912,0.11279627948902318,0.13370296170147458,0.1290233719530938,,,,,,,,,,,,31.29006926303515,36.63262793337046,31.31155185105467,36.661129519631984,31.15150546603591,36.60306926399987,29.55242613971653,35.527924153146884,,,,,-0.01302251776319064,0.08274474129004972,0.0873559811425011,0.1397212785322187,0.14969964920130868,43.5986604530072,43.4287345376249,31.425001907348634,36.79059982299805,31.39479737054734,36.75523812430246,30.778529152037606,36.10615884690058,29.844091513800244,36.069031760806126,-0.136001586914060
2022-08-31,,,,,,,36.669998168945310,36.709999084472656,36.319999694824220,36.419998168945310,9000,,,,,31.108449935913086,,,0.11757798868624968,0.11266845955218106,0.13341750414215547,0.12902489204781428,,,,,,,,,,,,31.229529487327795,36.56175134522874,31.293088040587254,36.639208487751375,31.15015998071957,36.59734829227941,29.564726723085673,35.53497612165122,,,,,0.004982228764169589,0.05696843011741137,0.057879040809936555,0.12317070884925722,0.13133552752303426,46.97857053204448,46.80502548324717,31.291753005981445,36.63459930419922,31.375599270775204,36.732761928013396,30.76716689457969,36.0806508745466,29.860935317145454,36.07835715157645,-0.250000000000000
2022-09-01,,,,,,,36.189998626708984,36.360000610351560,36.060001373291016,36.130001068115234,2000,,,,,30.860744476318360,,,0.11954760941265764,0.1144766947774211,0.134132276797466,0.12930811586646035,,,,,,,,,,,,31.10660115032465,36.41783458619091,31.25378408019917,36.59291690414809,31.141115746207035,36.582743691524286,29.57497192271597,35.53967987616873,,,,,-0.007994513442594291,0.016364121964713263,0.010991309818656703,0.10180939147234844,0.10726668398215874,42.5762396340559,42.435140874832165,31.12775421142578,36.44259948730469,31.339561825706845,36.69057155790783,30.750504508851066,36.04890484280057,29.87667098877922,36.08637302640884,-0.059997558593750
2022-09-02,,,,,,,36.560001373291016,36.560001373291016,36.138999938964844,36.138999938964844,4000,,,,,30.868431091308594,,,0.11481465677253273,0.11455219681624547,0.13382152925734933,0.12928667450689782,,,,,,,,,,,,31.02721113065263,36.32488970378222,31.218751990300028,36.55165172549507,31.13259435074146,36.568876699256805,29.585196896380733,35.544417584175015,,,,,0.00024904317802025425,-0.015021678633932112,-0.025151490403807486,0.07844317745109232,0.0807830491049655,42.755506832969644,42.61418541414552,31.030210113525392,36.328399658203125,31.306575048537482,36.6519524710519,30.736527972751194,36.02036515493241,29.892631159888374,36.09467064388215,-0.421001434326172
2022-09-06,,,,,,,36.040000915527344,36.080001831054690,35.849998474121094,36.009998321533200,22800,,,,,30.758239746093750,,,0.11117682272446085,0.11481128917045846,0.12869371397810922,0.12928358653197913,,,,,,,,,,,,30.93755400246634,36.219925909699214,31.17688724082673,36.50241050695308,31.120895769346216,36.55141174995294,29.59446996238637,35.548098064312235,,,,,-0.003576096555242396,-0.04823069890774079,-0.06347259977033559,0.0531084021793257,0.051931919329905284,40.78963127435181,40.661729224250095,30.9099422454834,36.187599182128906,31.271798451741535,36.61123802548363,30.730194182623002,36.001000056191096,29.907647193424285,36.10181349799747,-0.030002593994144
2022-09-07,,,,,,,35.819999694824220,35.959999084472656,35.779998779296875,35.840000152587890,1600,,,,,30.613037109375000,,,0.07915874117319267,0.11549102521220292,0.12900719909072653,0.12926025660384516,,,,,,,,,,,,30.829381704769226,36.0932839906621,31.12562813796748,36.44219138382897,31.105025186222118,36.529180137535285,29.602521876591815,35.550405590701764,,,,,-0.004731950029355746,-0.08528264081028425,-0.10633403397882546,0.02543019358140371,0.020278728668159135,38.291160929503725,38.17923578659402,30.84178047180176,36.1077995300293,31.232344309488933,36.565047491164435,30.72142258901445,35.97877780974857,29.922650238824268,36.10899604312957,0.020000457763670
2022-09-08,,,,,,,35.849998474121094,35.849998474121094,35.849998474121094,35.849998474121094,200,,,,,30.621580123901367,,,0.05582380001928103,0.11518498431977085,0.12859358769670376,0.12919730243790759,,,,,,,,,,,,30.760114511146607,36.01218881848177,31.079805591234198,36.38835566476462,31.089917528024593,36.50795571055359,29.610577673013236,35.55277391389085,,,,,0.0002790256546963058,-0.11265856403882779,-0.13790555896027712,-0.00218755794264259,-0.011358128857528115,38.5297282091594,38.41737340841662,30.744406509399415,35.99379959106445,31.199194771902903,36.52623785109747,30.715443414355082,35.95988888210721,29.938059519207666,36.11669048430428,0E-15
2022-09-09,,,,,,,36.090000152587890,36.090000152587890,36.090000152587890,36.090000152587890,100,,,,,30.826581954956055,,,0.07081299619802821,0.11613792357400186,0.12627942379726637,0.1293049863442991,,,,,,,,,,,,30.782270325749757,36.03812592985047,31.056785260663457,36.36123243638492,31.081688291366202,36.494894599367164,29.620190355083928,35.55702076162759,,,,,0.006672375045420904,-0.11646965623872063,-0.1419240778690778,-0.025043977601858197,-0.03747131865983805,44.11319646894667,43.99433279230423,30.73757400512695,35.985799407958986,31.167672566005162,36.48933301653181,30.71947019062345,35.964603181869265,29.953891178918262,36.124841281345915,0E-15
2022-09-12,,,,,,,35.869998931884766,35.939998626708984,35.810001373291016,35.939998626708984,7200,,,,,30.698455810546875,,,0.07572816607275064,0.1166076879141352,0.12559549270325224,0.12938108003751772,,,,,,,,,,,,30.75433215401546,36.00541682880331,31.024209856107404,36.32293845368711,31.0697122763406,36.477554100221596,29.628714192676522,35.560048254632186,,,,,-0.004165014253811801,-0.12834915416884485,-0.1554210553991453,-0.04570501291525553,-0.061061266007699504,41.571634411374006,41.46675020301457,30.70357894897461,35.94599914550781,31.133099510556175,36.44885671706427,30.725164564829026,35.97126981947157,29.969327048649863,36.132539688594754,0.069999694824218
2022-09-13,,,,,,,35.569999694824220,35.630001068115234,35.569999694824220,35.569999694824220,400,,,,,30.382413864135742,,,0.10077445956732789,0.11984699224997244,0.12292938012985474,0.12976975440374844,,,,,,,,,,,,30.630359390722223,35.86027778414361,30.965864765928163,36.254489475608665,31.048234200959197,36.44919302505293,29.634672292846158,35.56012692214358,,,,,-0.01034840428718306,-0.16140510805380615,-0.19374001463545198,-0.06884503194296565,-0.08759701573325,36.053731397068915,35.97622722025958,30.62841377258301,35.85799942016602,31.079124813988095,36.38566625685919,30.733651902940537,35.98120631868877,29.983008150070432,36.13813492608449,0E-15
2022-09-14,,,,,,,35.810001373291016,35.810001373291016,35.668998718261720,35.668998718261720,400,,,,,30.466979980468750,,,0.10415254877967463,0.11063530598889225,0.1229649283843099,0.12979001622254197,,,,,,,,,,,,30.5758995873044,35.79651809551632,30.920511603613672,36.20126304312257,31.03007000656887,36.4248119529657,29.641251800258196,35.56098756875321,,,,,0.002779523851747966,-0.17871825799347363,-0.21365676983543835,-0.09081967715306725,-0.11280896655368766,38.409470772478265,38.32915572381297,30.599202346801757,35.82379913330078,31.051425661359513,36.353237697056365,30.744267872401647,35.99363484458318,29.996993556855216,36.14408334096273,-0.141002655029296
2022-09-15,,,,,,,35.768001556396484,35.768001556396484,35.768001556396484,35.768001556396484,100,,,,,30.551544189453125,,,0.10746619495296228,0.11016170176033102,0.12245837487304563,0.12978143893432073,,,,,,,,,,,,30.567781121353974,35.78701258247637,30.886969111417258,36.16187563523839,31.015116074784004,36.40428662807291,29.648447787524557,35.56262404296383,,,,,0.002771757077852488,-0.18350015357715677,-0.2189285679348032,-0.10935577243788515,-0.13403288682991077,40.75966849778564,40.6771180646669,30.58519515991211,35.80739974975586,31.022180920555478,36.31899969918387,30.75320271083287,36.004095168340776,30.010970335158092,36.14998811388772,0E-15
2022-09-16,,,,,,,35.659999847412110,35.860000610351560,35.650001525878906,35.860000610351560,3000,,,,,30.630119323730470,,,0.09333189308952808,0.1104157356383725,0.12230867502430066,0.1297971977355934,,,,,,,,,,,,30.58856052214614,35.81134192510144,30.863619130718458,36.134432451157764,31.00308492631358,36.38727769001912,29.65620803682263,35.56497484586808,,,,,0.0025685858463535285,-0.17888738124507242,-0.21322502575488755,-0.1232620941993226,-0.14987131461490613,42.938467276433684,42.854398844064505,30.54590263366699,35.761399841308595,30.99391219729469,36.28590447562082,30.764998178633434,36.017904675196085,30.025258919549366,36.15625796242366,0.200000762939450
2022-09-19,,,,,,,35.619998931884766,35.770000457763670,35.619998931884766,35.744998931884766,600,,,,,30.531892776489258,,,0.09170623991667023,0.11063072145016634,0.12244585736671991,0.12982482061834955,,,,,,,,,,,,30.569671273593844,35.789227594029214,30.833462189424896,36.09902940395113,30.98836017163157,36.36720647882742,29.66313044583185,35.56639796117256,,,,,-0.0032120143964791555,-0.18107051915518824,-0.21550044682203406,-0.13482377919049574,-0.16299714105633173,40.91271483133484,40.83673544815459,30.51259002685547,35.72239990234375,30.960844039916992,36.24719020298549,30.77607506040543,36.03087288992746,30.039379876757426,36.16235319773356,0.125000000000000
2022-09-20,,,,,,,35.639999389648440,35.779998779296875,35.639999389648440,35.720001220703125,1700,,,,,30.510540008544922,,,0.042942403435754666,0.1086460803998027,0.11176612586147805,0.12980390716799234,,,,,,,,,,,,30.54996085191087,35.76615213625385,30.804105627526717,36.064572296383126,30.97342829153511,36.34698131451104,29.66982933565567,35.567612216188614,,,,,-0.0006996041226092857,-0.182420827847789,-0.21682145798803276,-0.14434318892195439,-0.17376200444267192,40.46578658248166,40.39156660992599,30.538215255737306,35.75240020751953,30.936846233549574,36.219094957624165,30.798174721854075,36.05674592275468,30.053084441593715,36.167928604852584,0.080001831054685
2022-09-21,,,,,,,35.509998321533200,35.509998321533200,35.137001037597656,35.137001037597656,400,,,,,30.012567520141600,,,0.12568022634998532,0.11468736299633224,0.11648777269232395,0.1308646987267362,,,,,,,,,,,,30.370829741321113,35.55643510336845,30.732147617764433,35.98024763649354,30.943401392429063,36.309169430857494,29.672538728418406,35.56420817525114,,,,,-0.016455986688221153,-0.22112419324484733,-0.26189267555399454,-0.15969938978653297,-0.19138813866493645,31.75389653828319,31.709607525701472,30.447332763671874,35.646000671386716,30.87498074486142,36.14666639055525,30.80980755033947,36.07036499750046,30.065110153622097,36.17156749301486,-0.372997283935544
2022-09-22,,,,,,,35.009998321533200,35.009998321533200,34.939998626708984,34.939998626708984,700,,,,,29.844297409057617,,,0.11504979813179411,0.09527267069004802,0.1165050110812548,0.13096437745970535,,,,,,,,,,,,30.195318963899947,35.35095627781529,30.65143396242745,35.885679544694945,30.909054392948708,36.26638284322785,29.67389650454994,35.55927371241681,,,,,-0.005622431263602236,-0.2623506656709509,-0.3099356431702418,-0.18022964496341656,-0.2150976395659975,29.44688348618914,29.4092343816881,30.305883407592773,35.48040008544922,30.781470707484655,36.03719021025158,30.815908643934463,36.077507806202725,30.076080140613374,36.17393255990649,-0.069999694824216
2022-09-23,,,,,,,34.500000000000000,34.500000000000000,34.439998626708984,34.490001678466800,800,,,,,29.459928512573242,,,0.10583284436070856,0.10091567387352907,0.11763974005023554,0.1315753812233121,,,,,,,,,,,,29.950188813457714,35.0639714113658,30.543115285167975,35.758799738674206,30.863769209186973,36.21087093182907,29.67220505797305,35.55082096906543,,,,,-0.01296279557659361,-0.3223227635514547,-0.379941307194656,-0.20864826868102418,-0.24806637309172921,24.982034549237238,24.955742815909492,30.071845245361327,35.206400299072264,30.671243758428666,35.908142634800505,30.81112271263486,36.07190468197777,30.085036731901624,36.17389288402739,-0.009998321533200
2022-09-26,,,,,,,33.400001525878906,34.090000152587890,33.400001525878906,33.455001831054690,700,,,,,28.575874328613280,,,0.1814349965226104,0.1371841460487339,0.13227903519489542,0.13504123998682405,,,,,,,,,,,,29.492083985176237,34.527648217928764,30.364275198208457,35.54936356525425,30.792272494169044,36.12475002242987,29.663538411891153,35.534253228844,,,,,-0.030468177549112404,-0.4361590969241398,-0.5130233245891702,-0.2541504343296473,-0.3010577633912174,18.161316594326884,18.148479371068255,29.68064155578613,34.74840087890625,30.523393086024694,35.73504747663225,30.79166696942042,36.049126942952476,30.090985812838117,36.170380985926066,0.055000305175784
2022-09-27,,,,,,,33.470001220703125,33.470001220703125,33.250000000000000,33.349998474121094,800,,,,,28.486181259155273,,,0.17133964917081446,0.13587698572254064,0.13233236455452252,0.13508128598747,,,,,,,,,,,,29.15678307650258,34.1350983033262,30.19353938556726,35.34942128424214,30.720207143074866,36.03803903654522,29.65423124072328,35.516986392838284,,,,,-0.0031437053012883702,-0.5275316360540998,-0.6198197789460806,-0.3088266746745378,-0.36481016650219006,17.635240744406758,17.623265693915062,29.275769805908205,34.274400329589845,30.386727832612536,35.5750474475679,30.771872051178462,36.0259522937593,30.096485107664076,36.166333365061924,-0.120002746582031
2022-09-28,,,,,,,33.200000762939450,33.330001831054690,33.200000762939450,33.312000274658200,12500,,,,,28.453727722167970,,,0.18952762222894712,0.13540289246232523,0.13023985044515085,0.13496510168992443,,,,,,,,,,,,28.922431291724376,33.860732293770205,30.035374688894596,35.16420119246178,30.649379661171526,35.952850325236255,29.64474109433154,35.49955567253647,,,,,-0.001139922457979,-0.5956969373423213,-0.699459936830209,-0.3662007272080945,-0.4317401205677938,17.438408737016516,17.426723390879637,28.964001846313476,33.909400177001956,30.248353958129883,35.41304742722284,30.74641003684392,35.9961427961077,30.10245012101673,36.16288892049638,0.111999511718750
2022-09-29,,,,,,,33.029998779296875,33.029998779296875,33.029998779296875,33.029998779296875,100,,,,,28.212852478027344,,,0.18576421463946585,0.13275211432788608,0.129251829532301,0.13524618894374524,,,,,,,,,,,,28.685905020492033,33.5838211222791,29.869690851543027,34.970182791264975,30.57323818669827,35.86151121442565,29.633421816732298,35.4800334836571,,,,,-0.00850154338180643,-0.6615293502791602,-0.7763808642972378,-0.42526645182230766,-0.5006682693136826,16.01009669049031,16.0005339884388,28.63771286010742,33.527400207519534,30.11783045814151,35.260237920851935,30.712379273914156,35.95630149235801,30.107459280225967,36.158325422377814,0E-15
2022-09-30,,,,,,,33.130001068115234,33.209999084472656,32.907001495361330,32.907001495361330,21400,,,,,28.107793807983400,,,0.1918429371360066,0.12833840396782736,0.12925710550314368,0.13528899021548257,,,,,,,,,,,,28.493201282989155,33.35821457997317,29.70951839303761,34.782620855273734,30.49619304986343,35.769182785704885,29.62136151626788,35.45969330983658,,,,,-0.0037307381511395726,-0.7139494041758674,-0.8376106521788458,-0.4830030422930196,-0.5680567458867153,15.41698023132703,15.408232158965019,28.367285919189452,33.21080017089844,29.97494207109724,35.09295236496698,30.678443454560778,35.91657135978578,30.1122392699832,36.153511940486844,-0.222999572753904
2022-10-03,,,,,,,32.529998779296875,32.619998931884766,32.330001831054690,32.430000305175780,1900,,,,,27.700361251831055,,,0.08582559931826565,0.13236849360159053,0.13186650947339676,0.1360926121309866,,,,,,,,,,,,28.22892127260312,33.04880982170737,29.526867743837013,34.56874625981028,30.408823306174916,35.664833333188355,29.60617574342648,35.43574316750725,,,,,-0.01460144290671623,-0.7793848137973995,-0.9140886646686397,-0.5422793965938956,-0.6372631296431002,13.351238230320726,13.345050601712332,28.19218330383301,33.00579986572266,29.824447631835938,34.91676185244606,30.6402097429548,35.87180945986793,30.11533986954462,36.14672622983418,-0.099998474121095
2022-10-04,,,,,,,32.819999694824220,33.529998779296875,32.819999694824220,33.518001556396484,500,,,,,28.629684448242188,,,0.29534227569261745,0.18666356677350518,0.1480044643804173,0.140008871630593,,,,,,,,,,,,28.362508997816143,33.20520706660375,29.445305626055664,34.47322401404539,30.35322521686452,35.59774484016361,29.59845644465032,35.420583154771194,,,,,0.03299864264167983,-0.7476359502396157,-0.8767982479787264,-0.5833507073230396,-0.6851701533102253,34.80809746205904,34.792542634449454,28.220883941650392,33.03940048217773,29.717840648832777,34.791952405657085,30.62038784935361,35.84860314263238,30.12205942850264,36.14417068541996,0.698001861572264
2022-10-05,,,,,,,33.549999237060550,33.650001525878906,33.549999237060550,33.650001525878906,300,,,,,28.742431640625000,,,0.2952159255625628,0.1884706432729247,0.14808675165214652,0.1400499888251219,,,,,,,,,,,,28.48914987875243,33.35347188636213,29.381407991016513,34.39838560603026,30.302887917607034,35.53687786159221,29.591689450152096,35.40658646205268,,,,,0.003930387972822158,-0.7052473386553828,-0.8270601946250267,-0.6077300335895083,-0.7135481615731857,36.85121080822664,36.835162925525545,28.278624725341796,33.107000732421874,29.621849786667596,34.67957160586403,30.60082356891935,35.82569842868381,30.12904491878691,36.14190878186907,0.100002288818356
2022-10-06,,,,,,,33.349998474121094,33.349998474121094,33.152000427246094,33.152000427246094,700,,,,,28.317062377929688,,,0.31259752998584384,0.19274356357442943,0.1502252857081861,0.14084159964098464,,,,,,,,,,,,28.431787378478184,33.28631473332345,29.28464929891771,34.28507786250442,30.240830869492118,35.46235044176889,29.58161334681437,35.388763647548274,,,,,-0.014909951452748201,-0.6979324720319688,-0.8183930302687656,-0.6257705212780004,-0.7345171353123017,32.688817900275325,32.67638667007432,28.299466705322267,33.13140106201172,29.51251765659877,34.55157161894299,30.571836411006867,35.791761912996805,30.134029570079985,36.13727386414059,-0.197998046875000
2022-10-07,,,,,,,32.909999847412110,32.959999084472656,32.909999847412110,32.909999847412110,500,,,,,28.110355377197266,,,0.31684889312707315,0.19255961939485602,0.14971058236043633,0.14104136071951076,,,,,,,,,,,,28.32464337805121,33.16087643801967,29.177895306034035,34.16007077022331,30.174253510357904,35.38258948569524,29.569982849030836,35.369168676796214,,,,,-0.007326506637546874,-0.7007372521201205,-0.8215809901442697,-0.6407638674464243,-0.7519299062786953,30.864405594473762,30.853426609173162,28.29997901916504,33.13200073242187,29.39293552580334,34.4115716843378,30.544245735047355,35.75946032811725,30.138156383756606,36.131631003485786,0E-15
2022-10-10,,,,,,,32.740001678466800,32.740001678466800,32.220001220703125,32.247001647949220,300,,,,,27.544052124023438,,,0.3356358719232399,0.1962751405989099,0.1543382903568395,0.14252162236829982,,,,,,,,,,,,28.064446293375287,32.85625150799619,29.029364107669434,33.986155395471116,30.092059717034953,35.28460236576568,29.553967586382555,35.344487514512835,,,,,-0.02035140878916732,-0.7401243079737618,-0.8676046784352991,-0.6606359555518919,-0.775064860710016,26.50066346593836,26.492776606159442,28.268717193603514,33.095401000976565,29.236624581473215,34.22857175554548,30.51056752886091,35.720031798832004,30.140107942005944,36.12344847785102,-0.493000030517580
2022-10-11,,,,,,,32.380001068115234,32.480998992919920,32.380001068115234,32.480998992919920,1100,,,,,27.743921279907227,,,0.18788867754384314,0.20106142548868264,0.15484921889369402,0.14240549956078288,,,,,,,,,,,,27.957604622219268,32.7311673363041,28.91250566878196,33.84932299523919,30.01868039087471,35.196989760364254,29.539658919928204,35.321851241614866,,,,,0.007230144794879701,-0.7466046691222274,-0.8751094360054097,-0.677829698265959,-0.7950737757690948,30.248954366504105,30.240229100524804,28.091564559936522,32.88800048828125,29.095932460966566,34.06385748726981,30.47796034434485,35.681857154482884,30.14381946836199,36.11742069607689,0.100997924804686
2022-10-12,,,,,,,32.340000152587890,32.340000152587890,32.130001068115234,32.174999237060550,700,,,,,27.482547760009766,,,0.16463072327290068,0.20077856698721855,0.15552995922850632,0.14272808406220697,,,,,,,,,,,,27.7992523348161,32.545777969889585,28.782509495257216,33.69711174449568,29.93942624616018,35.10255255651101,29.523397171628453,35.296974941183606,,,,,-0.009465586917626249,-0.7640238691121617,-0.8954267116516306,-0.6950685324351995,-0.8151443629456019,28.222025353634084,28.21453506453589,27.839587783813478,32.59300003051758,28.957843598865328,33.902190798804874,30.439902895972843,35.637301611521885,30.146434337373766,36.11010322873555,-0.165000915527340
2022-10-13,,,,,,,32.110000610351560,32.582000732421875,32.110000610351560,32.582000732421875,200,,,,,27.830190658569336,,,0.21113459187212724,0.20815060966955368,0.15789474864017378,0.14314755464008141,,,,,,,,,,,,27.809565109400513,32.55785222406701,28.69593505555832,33.59573801612533,29.873512634047966,35.02378531200822,29.510012139904667,35.27551269447403,,,,,0.01257025004037659,-0.7412323687164815,-0.8686731563410461,-0.7043012996914559,-0.8258501216246907,34.50800342912026,34.499369761217714,27.742213439941406,32.479000091552734,28.832282202584402,33.75519089471726,30.406577125428214,35.59828573559958,30.149777919527086,36.103575449141246,0.472000122070315
2022-10-14,,,,,,,32.429000854492190,32.429000854492190,32.269001007080080,32.269001007080080,200,,,,,27.562839508056640,,,0.214432905007985,0.2072719489163299,0.15847938265791453,0.14347015542817027,,,,,,,,,,,,27.727323242285888,32.46156848507137,28.5929263694218,33.47512556075758,29.801304098860737,34.93769830247922,29.4946194708782,35.25174580366459,,,,,-0.009652955459446576,-0.7362558448722574,-0.8627816235028618,-0.7106922087276162,-0.833236422000325,32.17440779979894,32.16698430857189,27.632710266113282,32.350800323486325,28.689962932041713,33.58857182094029,30.367231550670805,35.5522222367544,30.152238959357852,36.09603180961003,-0.159999847412110
2022-10-17,,,,,,,32.200000762939450,32.259998321533200,32.189998626708984,32.240001678466800,2000,,,,,27.538070678710938,,,0.1575223774868872,0.2060415581679407,0.15589131088720964,0.14339000553293035,,,,,,,,,,,,27.664239054427572,32.38771288286985,28.497030397538996,33.36284157145842,29.730578054481057,34.85339528297883,29.479152682007314,35.22793754971046,,,,,-0.0008990352765520879,-0.7259423399862968,-0.8506468177383582,-0.7137422349793523,-0.8367185011479317,31.95878033648208,31.9514539465945,27.63151397705078,32.34940032958984,28.542722520374117,33.416190919421965,30.3214052896651,35.49857148670015,30.15406977184235,36.087698482331774,0.040000915527350
2022-10-18,,,,,,,32.459999084472656,32.681999206542970,32.459999084472656,32.681999206542970,100,,,,,27.915609359741210,,,0.18089199427569638,0.2159591433441029,0.15712948809442318,0.143947534667436,,,,,,,,,,,,27.748029156198783,32.48580832409422,28.44417393955738,33.300946811011556,29.673860282770438,34.785539155590214,29.46679265574434,35.20781155490281,,,,,0.013616572031656726,-0.6794720657058697,-0.7961864483870045,-0.7068882011246558,-0.8286120905957461,38.702184168861294,38.69391259662528,27.665851593017578,32.389600372314455,28.418137595767067,33.270333789643786,30.276690770709326,35.44622227502248,30.156866853199308,36.080444517589754,0.222000122070314
2022-10-19,,,,,,,32.779998779296875,32.990001678466800,32.779998779296875,32.946998596191406,1800,,,,,28.141958236694336,,,0.15678611065127715,0.219888755078577,0.15047907959347567,0.14407837717759275,,,,,,,,,,,,27.8793388496973,32.639538414793286,28.416699784751646,33.268769700573365,29.62598834383056,34.728084763108996,29.45631965638426,35.189939515703514,,,,,0.00807563070550764,-0.6172641390829909,-0.7233051655513165,-0.6889633887163228,-0.8075507055868603,42.38870178432785,42.38013388330261,27.79773368835449,32.544000244140626,28.305347987583705,33.13828604561942,30.224315915788925,35.38490477062407,30.1599989467197,36.07352785080198,0.166999816894531
2022-10-20,,,,,,,33.130001068115234,33.869998931884766,33.130001068115234,33.770000457763670,5300,,,,,28.844932556152344,,,0.2095259965209268,0.235759523962299,0.15944960157659954,0.14615447099085932,,,,,,,,,,,,28.20120341851565,33.016359095783415,28.455630036697166,33.31433613304521,29.601580350465614,34.69814462856696,29.451486556777684,35.17871470101624,,,,,0.02467269121477204,-0.5054136623808638,-0.5923090813175733,-0.652253443449231,-0.7645023807330029,52.03649571243486,52.02753738080992,28.000682067871093,32.78160018920899,28.249746322631836,33.07319077991304,30.18472629123264,35.33855559333922,30.165811092134508,36.069738176133896,0.639999389648436
2022-10-21,,,,,,,33.709999084472656,34.069999694824220,33.709999084472656,34.060001373291016,1900,,,,,29.092641830444336,,,0.14843564724594943,0.2380334504022461,0.16066205405144235,0.14638128004566325,,,,,,,,,,,,28.49834955582521,33.364239854952615,28.51354019976509,33.38212388215847,29.58567602171495,34.678202651839584,29.448649839573466,35.16987111739786,,,,,0.008550954583917284,-0.39226153866922786,-0.45979288438221033,-0.6002550624932304,-0.7035604814628443,54.902397488695776,54.893438206798635,28.306642532348633,33.139800262451175,28.213953199840727,33.031286148797896,30.14935339064825,35.29714293706985,30.17238404258849,36.06681754097106,0.350002288818360
2022-10-24,,,,,,,33.700000762939450,33.700000762939450,33.529998779296875,33.604999542236330,1200,,,,,28.703994750976562,,,0.22017293405881141,0.2383415539872495,0.16252395618329712,0.14692478049361302,,,,,,,,,,,,28.566897954208994,33.44449308404719,28.530854249875222,33.40238530580191,29.558123482004376,34.64466505466448,29.442763238082584,35.157500591112,,,,,-0.013448981134072436,-0.3301425587539022,-0.38702629057814875,-0.5462325617453647,-0.6402536432859053,49.86776130482983,49.860472270343365,28.539827346801758,33.41279983520508,28.17795635405041,32.98914318992978,30.108204644823832,35.248968336317276,30.17796544423179,36.062789765615314,-0.095001220703120
2022-10-25,,,,,,,33.639999389648440,33.740001678466800,33.430000305175780,33.569999694824220,12700,,,,,28.674100875854492,,,0.22242731920274053,0.21335895064732813,0.15912854487608108,0.14684454343510073,,,,,,,,,,,,28.602632261424162,33.48632862097286,28.543876670418793,33.41762297753121,29.53049777556219,34.611081762169476,29.43668685577248,35.144951176912095,,,,,-0.0010419961659682308,-0.2800962305250927,-0.32839688108843745,-0.49300529550131034,-0.5778822908464116,49.491818578878465,49.484624887715874,28.691525650024413,33.59039993286133,28.182633808680944,32.99461927868071,30.0591243864998,35.19150803581117,30.182865014151922,36.05790881505088,-0.069999694824220
2022-10-26,,,,,,,33.619998931884766,33.860000610351560,33.450000762939450,33.860000610351560,5500,,,,,28.921806335449220,,,0.2228625032498775,0.2149386281360641,0.16043787139379226,0.14708604947944645,,,,,,,,,,,,28.709023619432514,33.61088595076576,28.578233912694287,33.45783912596942,29.51147616805866,34.587610476175165,29.432616654030795,35.134793464923476,,,,,0.008601548228943833,-0.21793418478812399,-0.25558576778703923,-0.43799107335867304,-0.5134229862345372,52.67547452776118,52.66827530412932,28.84749526977539,33.77300033569336,28.203377859933035,33.01890509469168,30.014653977893648,35.13944456312392,30.188706882416255,36.05412707253108,0.240001678466794
2022-10-27,,,,,,,33.540000915527344,33.540000915527344,33.514999389648440,33.514999389648440,5100,,,,,28.627119064331055,,,0.16314119687086456,0.2182197389745662,0.16111246294411352,0.1473916554047197,,,,,,,,,,,,28.68172210106536,33.57892376372666,28.582678017388538,33.46303551357661,29.483840008567174,34.55409137972121,29.426249084151745,35.12198876867624,,,,,-0.010241367489348632,-0.19025596334792638,-0.2231488303245186,-0.3884440513565237,-0.4553681550525335,48.73946923576578,48.733370864828515,28.80393257141113,33.72200012207031,28.21163459051223,33.02857171921503,29.963946690635076,35.080079457116504,30.19288496744065,36.04834928966704,-0.025001525878904
2022-10-28,,,,,,,33.674999237060550,33.674999237060550,33.674999237060550,33.674999237060550,100,,,,,28.763786315917970,,,0.15011055819190633,0.21631624338957303,0.1616071530393622,0.14665003962314946,,,,,,,,,,,,28.709076839349564,33.61094892150462,28.599142408163942,33.482304942984236,29.461338330671886,34.52661975026306,29.42101222432381,35.1105501162524,,,,,0.004762688757701688,-0.15550035709755505,-0.18242874812784748,-0.34185531250473,-0.4007802736675963,50.58365884445396,50.57750857082096,28.738161468505858,33.64499969482422,28.23786953517369,33.059286026727584,29.916832454620845,35.024920690627326,30.195887603457013,36.04102785625155,0E-15
2022-10-31,,,,,,,33.965000152587890,34.049999237060550,33.810001373291016,34.049999237060550,700,,,,,29.084096908569336,,,0.13532272061775394,0.2183747286241076,0.1631734861819761,0.1470294617300023,,,,,,,,,,,,28.834083529089487,33.75729902668993,28.643229180928067,33.53391351517299,29.44954953623118,34.51172535922548,29.418348862143933,35.10216631483586,,,,,0.01107435046530427,-0.10094625526997447,-0.11853205981847026,-0.2936735010577789,-0.34433063089777105,54.69740140402481,54.691250502398155,28.814181900024415,33.73399963378906,28.284360159011115,33.11371449061802,29.878300500294518,34.9798095945328,30.20047422439333,36.035591352553595,0.084999084472660
2022-11-01,,,,,,,34.060001373291016,34.209999084472656,34.049999237060550,34.209999084472656,400,,,,,29.220762252807617,,,0.13158704506603225,0.21039125760330607,0.16334873665275504,0.14668011987815602,,,,,,,,,,,,28.962976436995532,33.90819904595084,28.69573218746257,33.59537583965478,29.442399933624195,34.502296413139455,29.416786912663014,35.0951136094575,,,,,0.004687965857232859,-0.04615197418069883,-0.05435623858799232,-0.24416919568236287,-0.2863357524358153,56.36641251056033,56.36029234840289,28.92351417541504,33.86199951171875,28.356760206676665,33.19847633725121,29.840256554739817,34.93526991586837,30.20435158411662,36.029202461242676,0.149997711181640
2022-11-02,,,,,,,34.055000305175780,34.055000305175780,34.055000305175780,34.055000305175780,100,,,,,29.088369369506836,,,0.1342811304285098,0.17990436231324705,0.16347829156965382,0.14674306041655794,,,,,,,,,,,,29.004774081165966,33.95713279902582,28.731426476739323,33.637159881974874,29.431336478495528,34.48831840976559,29.414190726551105,35.08689136989796,,,,,-0.004541076401841333,-0.01325728909850099,-0.015821167441501416,-0.1979868143655905,-0.23223283543695253,54.28015406216334,54.27448472158982,28.956826782226564,33.90099945068359,28.378602345784504,33.2240477062407,29.80100601438492,34.889317527649894,30.2074845404852,36.02192071884397,0E-15
2022-11-03,,,,,,,34.209999084472656,34.209999084472656,34.200000762939450,34.209999084472656,200,,,,,29.220762252807617,,,0.08848847445100759,0.1800524734668787,0.16387934205174573,0.14680824676781462,,,,,,,,,,,,29.07677013837985,34.04142156084143,28.77591154729099,33.689236173111034,29.424756033942778,34.47962093085019,29.412661647707285,35.079959415072466,,,,,0.004541076401841296,0.023227235934037083,0.02691500080739928,-0.15374400430566498,-0.18040326818808217,56.03267199435258,56.027038730462785,29.075555419921876,34.039999389648436,28.401379993983678,33.25071425664993,29.765009410797603,34.84717462933253,30.211049004206583,36.01513500819131,0E-15
2022-11-04,,,,,,,34.500000000000000,34.770000457763670,34.319999694824220,34.770000457763670,5300,,,,,29.699092864990234,,,0.12416415494954194,0.1781592615571103,0.16754004122222999,0.14767807102967576,,,,,,,,,,,,29.28421104724998,34.28428119314884,28.859837121627283,33.78748747171582,29.433329059913014,34.48869529106623,29.41492592610478,35.07750914663524,,,,,0.016237009412958383,0.08970470767570404,0.10476350427567382,-0.10505426190939118,-0.12336991369533097,61.739063067188305,61.73361626342207,29.26261672973633,34.25899963378906,28.46719096955799,33.32776187715076,29.737350978548566,34.8147936624194,30.216699350447882,36.010809610760404,0.270000457763670
2022-11-07,,,,,,,34.950000762939450,35.119998931884766,34.930000305175780,34.930000305175780,2100,,,,,29.835758209228516,,,0.11711805239457276,0.17482355333526578,0.1677800012446849,0.1476011551440309,,,,,,,,,,,,29.468060101242823,34.49952089715782,28.94855722050012,33.89135227475764,29.445904970829123,34.50248607275716,29.418252663520775,35.07634306883714,,,,,0.004591111989984611,0.1516679998037027,0.17732555602557198,-0.053709809566772404,-0.06323081975115039,63.20831426176284,63.2029425868082,29.412948989868163,34.43499984741211,28.549353009178525,33.42395237513951,29.71382776896159,34.78725397019159,30.22214108421689,36.00616676088364,-0.020000457763670
2022-11-08,,,,,,,35.159999847412110,35.251998901367190,35.159999847412110,35.251998901367190,600,,,,,30.110794067382812,,,0.12040363883862455,0.154180689497846,0.1685068461029325,0.14786429460716277,,,,,,,,,,,,29.68230475662282,34.75034689856095,29.054215115671276,34.01504742263123,29.466682755096425,34.52590834865122,29.42372729912443,35.077731652493505,,,,,0.00917610029468034,0.2204265108131196,0.25784186001553877,0.0011174545092059974,0.000983716202187446,66.03506096330831,66.029884912722,29.590955352783205,34.64339981079102,28.671578816005162,33.567047482445126,29.691958654494513,34.761650751507474,30.22845204671224,36.00251992543539,0.091999053955080
2022-11-09,,,,,,,35.419998168945310,35.439998626708984,35.250000000000000,35.270000457763670,900,,,,,30.126167297363280,,,0.09525391356333696,0.15429730731917415,0.16850235892580423,0.14786382231098563,,,,,,,,,,,,29.83025893686964,34.92356475162852,29.151665314006912,34.129134062188726,29.487291647042262,34.549161227060985,29.429280184486,35.079251563997616,,,,,0.0005104251597670592,0.27301151059599604,0.3194220871844209,0.055496265726564006,0.06467139039863413,66.19142058757392,66.1862851846535,29.798514938354494,34.886399841308595,28.785019102550688,33.69985707600912,29.671350358024476,34.7375237601144,30.234745805225675,35.998845327468146,-0.149997711181640
2022-11-10,,,,,,,35.970001220703125,35.970001220703125,35.970001220703125,35.970001220703125,400,,,,,30.724081039428710,,,0.1260136018669909,0.15542853290661782,0.1732099003045182,0.14899154563330627,,,,,,,,,,,,30.128199637722663,35.272376907986725,29.294612198136168,34.296485622053666,29.52594131555434,34.5935624768623,29.43951576436697,35.08629306326011,,,,,0.01965260627143956,0.35879616494283084,0.41986908286821745,0.11615624556981738,0.1357109288925508,71.65659361942939,71.65188481900857,30.09917869567871,35.238400268554685,28.939377830142067,33.88057145618257,29.658782080998495,34.72280950394888,30.242636256747776,35.99696437896244,0E-15
2022-11-11,,,,,,,36.080001831054690,36.400001525878906,35.630001068115234,36.400001525878906,15600,,,,,31.091369628906250,,,0.11589546241607403,0.1550420426707181,0.1723675869999643,0.14936679590627033,,,,,,,,,,,,30.449256301450525,35.64825178061745,29.457953782751627,34.48771434058324,29.574860950346586,34.65001369714407,29.452573897683486,35.09667811039544,,,,,0.01188353098841999,0.45121689369205953,0.5280840573026637,0.1831683751942658,0.2141855545745734,74.39475769646748,74.3903288305919,30.377634048461914,35.56440048217773,29.094672066824778,34.06238101777576,29.659459976922896,34.72360320318313,30.25140224941193,35.996051682366264,0.319999694824216
2022-11-14,,,,,,,35.990001678466800,36.040000915527344,35.990001678466800,36.040000915527344,800,,,,,30.783868789672850,,,0.180119684313321,0.1553924450326356,0.17333473127363513,0.1497053461553444,,,,,,,,,,,,30.560793797524635,35.77883482558742,29.578491510653556,34.628831301941794,29.612642445325534,34.69345079771855,29.46309796797589,35.10413520766921,,,,,-0.00993946459568921,0.49395424221837203,0.5781318198394771,0.24532554859908706,0.2869748076275541,68.43398188866624,68.43031366641917,30.56725616455078,35.786400604248044,29.248054413568404,34.241952441987536,29.653399422055198,34.71650798737057,30.258707038939946,35.99340485769605,0.049999237060544
2022-11-15,,,,,,,36.169998168945310,36.169998168945310,36.139999389648440,36.169998168945310,400,,,,,30.894908905029297,,,0.17877048576808494,0.15391899844072549,0.17345346412792217,0.14850700436067824,,,,,,,,,,,,30.67216550002619,35.90922260670671,29.69816581923317,34.76893738076029,29.652713272191274,34.73959290306938,29.47441663150991,35.11256100182949,,,,,0.003600597789703443,0.5306667126053881,0.6211247842667333,0.3023937814003473,0.35380480295538996,69.3878164296952,69.384190403613,30.724079132080078,35.970000457763675,29.4079038529169,34.429095132010325,29.64817952352857,34.71039684235104,30.2685989273919,35.993996120634534,0E-15
2022-11-16,,,,,,,35.560001373291016,35.959999084472656,35.200000762939450,35.402000427246094,22200,,,,,30.238920211791992,,,0.26289069881359034,0.17681020068850753,0.1786023847697624,0.15002340292075902,,,,,,,,,,,,30.527750403948122,35.74014854688651,29.74732530946579,34.82648856680446,29.671032239053797,34.760293138199906,29.480460138073408,35.114849060528435,,,,,-0.02146156658238125,0.5010529778343411,0.5864656085198732,0.342125620687146,0.4003369640682866,58.199307904875724,58.1967405438891,30.74662971496582,35.99640045166016,29.518537703014555,34.558618999662855,29.63250644623287,34.69204766409738,30.27532759166899,35.99082945263575,-0.158000946044922
2022-11-17,,,,,,,35.478000640869140,35.601001739501950,35.478000640869140,35.601001739501950,500,,,,,30.408901214599610,,,0.2135300440148499,0.17626499013568891,0.17854895247967564,0.15011659201824276,,,,,,,,,,,,30.48813400749862,35.69376627775832,29.807468573568865,34.896898855231505,29.694090644539607,34.78656528199059,29.487799593223812,35.11869216471005,,,,,0.00560552527373873,0.4857010664532524,0.5685023634449351,0.3708407098403673,0.4339700439436163,59.99919960476162,59.99663794624202,30.68359375,35.92260055541992,29.626487368629093,34.68500010172526,29.622893863254124,34.68079370165628,30.282593106466628,35.988277874295676,0.123001098632810
2022-11-18,,,,,,,35.520000457763670,35.520000457763670,35.479999542236330,35.500000000000000,1000,,,,,30.322624206542970,,,0.17506797524203124,0.16001449301004927,0.17748618849121126,0.15012412773892841,,,,,,,,,,,,30.432964073846737,35.62917751850555,29.85430090383924,34.95172623202864,29.71373231835221,34.808860116928386,29.49439899728167,35.12170645589811,,,,,-0.002841261288911114,0.4612556643985606,0.5398928177029347,0.38892370075200594,0.45515459869548,58.6195004839772,58.61714382399606,30.529844665527342,35.74260025024414,29.696853637695312,34.767381032307945,29.60719356839619,34.662412734258744,30.289184615725564,35.984904864477734,-0.020000457763670
2022-11-21,,,,,,,35.549999237060550,35.549999237060550,35.450000762939450,35.549999237060550,500,,,,,30.365331649780273,,,0.17345388919163363,0.1584485661190608,0.17444721592418733,0.1500727085771154,,,,,,,,,,,,30.410419932491248,35.60278475802388,29.900758244379332,35.00611468703154,29.73409479745934,34.83202071443252,29.501283840384424,35.12509216958319,,,,,0.0014074440203040502,0.44025367063220244,0.5153138498620038,0.3991896947280453,0.46718644892878475,59.12061440779895,59.11826353058965,30.44613723754883,35.64459991455078,29.757457914806547,34.83833331153507,29.584293940710644,34.63560322352818,30.296383645799423,35.982285817464195,0E-15
2022-11-22,,,,,,,35.580001831054690,35.580001831054690,35.576999664306640,35.576999664306640,600,,,,,30.388397216796875,,,0.16799984856219569,0.1482668060846166,0.17447155782716536,0.1497603648257168,,,,,,,,,,,,30.40307902725979,35.5941897267848,29.945089060053654,35.05801332132928,29.754541748063634,34.855301306616084,29.50829659434816,35.12866456084583,,,,,0.0007593136604167077,0.4206219695159277,0.49233818150640474,0.40347614968562173,0.4722167954443087,59.40653282727583,59.40415065379016,30.344834899902345,35.52600021362305,29.837667556036088,34.9322380792527,29.562289222838388,34.60984130132766,30.304734911237443,35.98111915588379,-0.003002166748050
2022-11-23,,,,,,,35.529998779296875,35.529998779296875,35.529998779296875,35.529998779296875,1300,,,,,30.348249435424805,,,0.050943895258522574,0.14835936922734944,0.17441630437234032,0.14976678583101777,,,,,,,,,,,,30.384802496648128,35.572792744288826,29.981740003269213,35.100921090235424,29.77309511329367,34.876385602637356,29.51493653775588,35.13183716336322,,,,,-0.0013220284435308276,0.39724492232659614,0.46497725186513605,0.4022299042138166,0.4707688867284742,58.63776136232366,58.635470344915646,30.366700744628908,35.5515998840332,29.917388916015625,35.02557136898949,29.541138603573753,34.58507937476749,30.31280481247675,35.9796112151373,0E-15
2022-11-25,,,,,,,35.490001678466800,35.490001678466800,35.470001220703125,35.470001220703125,300,,,,,30.297002792358400,,,0.028080458828619433,0.14748389617036378,0.17333359117083472,0.14964722497347496,,,,,,,,,,,,30.355535928551554,35.53852890309359,30.010400256822777,35.13447382936885,29.789467228264446,34.89493609070191,29.5211188796895,35.13451039701808,,,,,-0.0016900467351252892,0.37031451300399354,0.4334556099864031,0.395846825971852,0.46330623138006,57.61288557903786,57.61065874492765,30.344321060180665,35.52539978027344,29.98287446158273,35.10223806472052,29.52432671804277,34.56539686899337,30.321344080425444,35.97871836404952,-0.020000457763675
2022-11-28,,,,,,,35.347999572753906,35.347999572753906,35.347999572753906,35.347999572753906,200,,,,,30.192792892456055,,,0.031098366492004186,0.14203165715606733,0.17342480084039405,0.14759251902778703,,,,,,,,,,,,30.30128824985305,35.4750191263137,30.02698140551671,35.153885260585675,29.802071155270433,34.90909432451604,29.526428555679747,35.13619805848635,,,,,-0.0034455399235081723,0.33668204060229456,0.39408717665541104,0.38401386889794054,0.4494624204351302,55.4890100239994,55.48696733617203,30.31835479736328,35.494999694824216,30.05743035816011,35.18952378772554,29.50580630226741,34.5437143113878,30.332185722532728,35.980785824003675,0E-15
2022-11-29,,,,,,,35.314998626708984,35.314998626708984,35.235000610351560,35.235000610351560,1000,,,,,30.096277236938477,,,0.02687130832377082,0.1431335284809761,0.17166935782206505,0.14740437625086808,,,,,,,,,,,,30.232951245548193,35.39501295432632,30.033281026555052,35.161259383291664,29.811265095322558,34.9192788959484,29.53093328833792,35.13697910632718,,,,,-0.0032017656852678877,0.29879572599440607,0.3497377783080964,0.36697024031723363,0.42951749200972345,53.52108819571576,53.519121872197985,30.26454391479492,35.43199996948242,30.120882306780135,35.263809567406064,29.492194100031778,34.527777838328525,30.34349857057844,35.98348820398724,-0.079998016357424
2022-11-30,,,,,,,35.669998168945310,37.200000762939450,35.310001373291016,37.200000762939450,116400,,,,,31.774694442749023,,,0.4026795147059105,0.22931075480550162,0.20337603950577712,0.15505667809099927,,,,,,,,,,,,30.746865644615138,35.996675557197364,30.19159133711814,35.346599508714185,29.872622262429637,34.99055145429187,29.54867053066528,35.153287577920956,,,,,0.05426871648081201,0.3995984677082163,0.4677576319084267,0.37349588579543014,0.43716551998946407,72.07103195029022,72.06946819833193,30.54180335998535,35.75660018920898,30.249005998883927,35.413809640066965,29.502769409664094,34.54015883188399,30.36398746853783,35.997178683205256,1.530002593994140
2022-12-01,,,,,,,35.689998626708984,36.439998626708984,35.340000152587890,35.540000915527344,14000,,,,,30.356790542602540,,,0.564269902897222,0.28703336612680197,0.22267385733360132,0.16115640032361092,,,,,,,,,,,,30.61684061061094,35.84445067664069,30.20660944670763,35.36418145478811,29.88775252118504,35.00772174995548,29.555058831154902,35.156344600352625,,,,,-0.04564996716436319,0.36091200302549353,0.42247111762044653,0.37097910924144284,0.4342266395156606,52.87314768794811,52.87233651644098,30.543511581420898,35.75860061645508,30.30310258411226,35.47714306059338,29.494770140874955,34.53079375009688,30.377222696940105,36.00221836756146,-0.149997711181640
2022-12-02,,,,,,,35.494998931884766,35.494998931884766,35.494998931884766,35.494998931884766,100,,,,,30.318355560302734,,,0.5641953929855654,0.2863429075260148,0.22268037535175103,0.1605740685718299,,,,,,,,,,,,30.517345593841537,35.72796676172205,30.21676818430719,35.37607395270599,29.901208866157468,35.022949161890764,29.561092797393226,35.1590217096928,,,,,-0.0012669104208004787,0.32342309902479727,0.37858584285785923,0.3614679071981137,0.4230984801841003,52.465177576271365,52.464338995048195,30.547782135009765,35.7636001586914,30.36167335510254,35.545714423769994,29.48603878323994,34.52057151188926,30.38877224543738,36.00513503665016,0E-15
2022-12-05,,,,,,,35.299999237060550,35.320999145507810,35.299999237060550,35.320999145507810,100,,,,,30.169731140136720,,,0.564879471592626,0.2871462628127538,0.22277680619743281,0.1604863122941412,,,,,,,,,,,,30.401474109273266,35.59231088965063,30.2124920893826,35.37106715205161,29.90960018721932,35.0322632238788,29.565904167691592,35.16030216373087,,,,,-0.004914181531263601,0.27850963816741725,0.3260080994114247,0.3448762533919744,0.4036804040295652,50.831835519190875,50.83106163162335,30.5431697845459,35.758200073242186,30.40686234973726,35.598619188581196,29.476697376796178,34.50963501703171,30.400501720489018,36.0083374144539,0.020999908447260
2022-12-06,,,,,,,34.779998779296875,35.020000457763670,34.630001068115234,34.630001068115234,700,,,,,29.579509735107422,,,0.5824626527062643,0.29095118437162204,0.22599348852921544,0.16132901115043966,,,,,,,,,,,,30.127485984551317,35.27154094913883,30.154948238993946,35.3036975080574,29.89928486059082,35.01969253151119,29.566011721584207,35.15611006020821,,,,,-0.019757258690914718,0.19306394121793247,0.22597716490314212,0.31451379095716603,0.3681397562042806,44.85918816604847,44.858589176805594,30.439816284179688,35.63720016479492,30.401167914980935,35.59195255097889,29.46029218037923,34.490428682357546,30.4085936773391,36.00715487343924,-0.149997711181641
2022-12-07,,,,,,,34.880001068115234,34.930000305175780,34.799999237060550,34.909999847412110,2600,,,,,29.818674087524414,,,0.33275226377754585,0.2919138356266146,0.22664261787737827,0.16115421841354538,,,,,,,,,,,,30.02454868554235,35.15102724856326,30.124377861587625,35.26790681163509,29.896765773932497,35.01626463513309,29.56800905254026,35.15416452492919,,,,,0.00805296153894409,0.14299778578116573,0.16736619672912667,0.28021058992196596,0.3279850443092498,47.5485825056764,47.54796384249486,30.048612213134767,35.17919998168945,30.400354385375977,35.59100014822824,29.44754764011928,34.47550806923518,30.416417538173615,36.00553978814019,0.029998779296876
2022-12-08,,,,,,,35.018001556396484,35.018001556396484,35.018001556396484,35.018001556396484,200,,,,,29.910921096801758,,,0.1677573610515639,0.290252570527249,0.22629977035957807,0.16113634693897178,,,,,,,,,,,,29.98667282262882,35.106685351174335,30.104972701152548,35.245188152067946,29.89720812777216,35.016318913922575,29.57071981968857,35.15308813782617,,,,,0.0030888232989158813,0.10950129681116749,0.12815413637811446,0.24606873129980628,0.28801886272302274,48.59010481974758,48.58952370683945,29.95943832397461,35.07480010986328,30.390836624872115,35.57985741751535,29.433013340783496,34.45849221850198,30.42498294890873,36.00482948242672,0E-15
2022-12-09,,,,,,,35.040000915527344,35.040000915527344,35.040000915527344,35.040000915527344,200,,,,,29.929714202880860,,,0.16949224512838107,0.29025708444518855,0.22618542813319614,0.16110290912906977,,,,,,,,,,,,29.967686616046166,35.08445720595867,30.089040110400575,35.22653476692789,29.898223942619307,35.017058976472725,29.57355771995096,35.152194167689416,,,,,0.0006281051864786011,0.08350889600268019,0.09772692530581395,0.21355676424038106,0.24996047523958098,48.81310289113441,48.81249550019575,29.881710052490234,34.9838005065918,30.38148171561105,35.56890505836124,29.42081109304277,34.44420654054672,30.433951461125933,36.00462314060756,0E-15
2022-12-12,,,,,,,34.819999694824220,34.919998168945310,34.750000000000000,34.919998168945310,2300,,,,,29.827215194702150,,,0.16852972812065475,0.2811229339431567,0.2253707269838005,0.16109780379502364,,,,,,,,,,,,29.920862808931496,35.02963752695422,30.06523784533708,35.19866780347493,29.896004919246895,35.01402582623749,29.575562917379823,35.15035862619737,,,,,-0.003430534658798882,0.05401625202733129,0.06320137644426183,0.18164866179777112,0.21260865548051713,47.60035545357952,47.599752343468076,29.81320686340332,34.9036003112793,30.33877381824312,35.518904913039435,29.41199841575017,34.43388905600896,30.442047028314498,36.003349319336905,0.099998474121090
2022-12-13,,,,,,,33.490001678466800,33.720001220703125,33.340000152587890,33.590000152587890,4900,,,,,29.307203292846680,,,0.15447727673602926,0.2820983878750283,0.22790924982049282,0.16148508536441009,,,,,,,,,,,,29.716309636903222,34.549758402165445,29.9963256132925,35.05242528975793,29.87760486842189,34.969525023935944,29.573441497423037,35.13802377660362,,,,,-0.01758790632888196,-0.011188521058951295,-0.07066550646374026,0.14308122522642663,0.15595382309166567,41.91126286714913,36.71292570339772,29.75874557495117,34.69560012817383,30.253813516525994,35.3850953238351,29.39358926197839,34.40088907877604,30.44957681686159,36.00667472112747,0.099998474121090
2022-12-14,,,,,,,33.490001678466800,33.509998321533200,33.490001678466800,33.500000000000000,800,,,,,29.228679656982422,,,0.1275803150684291,0.2809064218617258,0.22784078072284444,0.16146253768063695,,,,,,,,,,,,29.553766310262954,34.19983893477696,29.92653961726431,34.91129571796175,29.857325955564406,34.92360236693794,29.57071610738003,35.12507497204549,,,,,-0.002682924695377172,-0.06841137096974848,-0.18192116186632745,0.1007827059871916,0.08837882610006705,41.11221015368555,36.11104065600328,29.640746688842775,34.41360015869141,30.179756891159784,35.26414289928618,29.372591412256636,34.364889054071334,30.45633337989686,36.00909139239599,0.009998321533200
2022-12-15,,,,,,,33.240001678466800,33.240001678466800,33.090999603271484,33.090999603271484,700,,,,,28.871828079223633,,,0.12026081409644254,0.28196956929996325,0.2289079983094012,0.16194590816511725,,,,,,,,,,,,29.326453566583183,33.83022582427513,29.830656750169705,34.74581425298991,29.826529146928756,34.866333530573364,29.565191300833337,35.1089953248615,,,,,-0.012284094546848425,-0.14093126390091015,-0.299640910289817,0.05243991200957125,0.010774878822090233,37.603519483280536,33.42889849859463,29.43292808532715,34.02819976806641,30.08341970897856,35.11752391996838,29.344682027423193,34.32093665713356,30.461577566843186,36.00976996951633,-0.149002075195316
2022-12-16,,,,,,,32.907001495361330,33.080001831054690,32.907001495361330,33.080001831054690,800,,,,,28.862230300903320,,,0.11652149228713539,0.2741422727443751,0.22886419018185067,0.16172599330874377,,,,,,,,,,,,29.171712478023228,33.58015115986832,29.74261798205458,34.59437676008671,29.796394807990463,34.81051066496341,29.559634296881324,35.09295585060216,,,,,-0.00033248237446030873,-0.19690842428106592,-0.38933408635070066,0.0025702447514438192,-0.06924691421246795,37.51079417339259,33.35715270631471,29.21943130493164,33.636199951171875,30.01786304655529,35.006952558244976,29.318179448445637,34.27863511585054,30.467680318014963,36.01147631993369,0.173000335693360
2022-12-19,,,,,,,32.959999084472656,32.959999084472656,32.816001892089844,32.816001892089844,400,,,,,28.631893157958984,,,0.1114560292983552,0.2733025390412288,0.22930603884667064,0.16188102102799584,,,,,,,,,,,,28.99177270466848,33.32543473727549,29.64164299804589,34.43270631754154,29.760004131426978,34.74818226581111,29.552300374834505,35.07495621456649,,,,,-0.008012588467124111,-0.25689567616100817,-0.4762294862434473,-0.04932293943104658,-0.1506434286186638,35.26343562900968,31.603692225102364,28.980366897583007,33.21540069580078,29.933243615286692,34.87433351789202,29.288359657166495,34.232539888412234,30.473300759754483,36.01265092880007,-0.143997192382812
2022-12-20,,,,,,,32.630001068115234,32.630001068115234,32.571998596191406,32.571998596191406,300,,,,,28.419000625610350,,,0.07474729996106295,0.2737655887165217,0.22754232682643438,0.16204478528256755,,,,,,,,,,,,28.80084867831577,33.07428935691413,29.53049369146084,34.26355107014607,29.71809777187021,34.68017652613549,29.54334148353629,35.05516998833428,,,,,-0.007463284320922274,-0.31794952934647824,-0.5583474614875783,-0.10304825741413291,-0.23218423519244671,33.27886850035951,30.03234279886626,28.802726364135744,33.011800384521486,29.842594873337518,34.73490487961542,29.263064944554888,34.191825563945464,30.477800755273726,36.012527904813254,-0.058002471923828
2022-12-21,,,,,,,32.470001220703125,32.608001708984375,32.470001220703125,32.606998443603516,500,,,,,28.449537277221680,,,0.08911845496737934,0.2736990240703993,0.2273674555086695,0.16181721521956222,,,,,,,,,,,,28.683744877951074,32.91852571914393,29.432224926530004,34.11295537682402,29.67845525641244,34.615389711056366,29.534694809968588,35.03581685359332,,,,,0.0010739384437292898,-0.35972441613708384,-0.6135299618256056,-0.1543834891587231,-0.3084533805190785,33.85389927634121,30.565634177132406,28.646897888183595,32.83320007324219,29.751366569882347,34.594761984688894,29.24092589484321,34.15479381500729,30.48146881375994,36.01140488518609,0.136997222900391
2022-12-22,,,,,,,32.369998931884766,32.415000915527344,32.369998931884766,32.415000915527344,400,,,,,28.282020568847656,,,0.06680516503481779,0.2734875827484023,0.22626335913485435,0.16151761514678303,,,,,,,,,,,,28.5498367749166,32.7506841179384,29.32766089401343,33.95859588034251,29.634816672426044,34.54662756119609,29.52479224679767,35.01509894103944,,,,,-0.005905608856738087,-0.4017177609728151,-0.6650883622010682,-0.2038503435215415,-0.37978037685547644,32.213724868415184,29.248630649505117,28.5289363861084,32.69800033569336,29.651062919980003,34.444190615699405,29.2222289433555,34.12185729496063,30.483196871621267,36.00799616556319,0.045001983642578
2022-12-23,,,,,,,32.479999542236330,32.479999542236330,32.479999542236330,32.479999542236330,100,,,,,28.338729858398438,,,0.07651691725809716,0.2740510780738691,0.2180395074935166,0.16152862441825977,,,,,,,,,,,,28.47946780274388,32.660455926037706,29.237758072593884,33.82417803142376,29.594313959487682,34.482045435603595,29.5154162595376,34.99505862958645,,,,,0.0020031281141679167,-0.42551673156686576,-0.6927186901400901,-0.24818362113060635,-0.44236803951239917,33.39024650680516,30.342870006091573,28.424236297607422,32.577999877929685,29.555371511550177,34.29895255679176,29.21846474541558,34.106381068153986,30.485193123893133,36.004896951100186,0E-15
2022-12-27,,,,,,,32.650001525878906,32.828998565673830,32.650001525878906,32.828998565673830,300,,,,,28.643232345581055,,,0.11500530858577353,0.27826777917634526,0.21901568911657723,0.1618750671251036,,,,,,,,,,,,28.534055983689605,32.716636805916416,29.183710279229082,33.73370717090104,29.564592659053098,34.43038772091829,29.508521525039917,34.977935625128644,,,,,0.010687781676012292,-0.41502265847849884,-0.678631774944698,-0.28155142860018484,-0.48962078659885894,39.465729166947206,36.06092761707775,28.426504135131836,32.58059921264648,29.476620537894114,34.173190525599885,29.220957619803293,34.098111228337366,30.488294767954994,36.00305964454772,0.178997039794924
2022-12-28,,,,,,,32.924999237060550,32.924999237060550,32.924999237060550,32.924999237060550,1900,,,,,28.726991653442383,,,0.09376672071816897,0.27891801233128466,0.21907373571063452,0.16181196737916612,,,,,,,,,,,,28.5983678736072,32.78609094963113,29.142190404157564,33.66018826782463,29.538417627627762,34.38334433079773,29.502343423288156,34.96170687897791,,,,,0.002919959572578261,-0.3953895492097459,-0.6522031493682405,-0.3043190527220971,-0.5221372591527352,41.0582777850716,37.57884963286769,28.48810234069824,32.65119934082031,29.40682047889346,34.05780955723354,29.225295142521933,34.0919683547247,30.49230000329396,36.002285836234925,0E-15
2022-12-29,,,,,,,33.139999389648440,33.139999389648440,33.139999389648440,33.139999389648440,300,,,,,28.914579391479492,,,0.09767300717211759,0.28057657141737885,0.2187205432682361,0.16192148597129535,,,,,,,,,,,,28.70377171289796,32.9040604296369,29.121498493914103,33.61289836980861,29.51892268274813,34.34448980138682,29.49769706730548,34.947306029259884,,,,,0.006508788601297357,-0.3605373557317293,-0.6069134373925635,-0.3155627133240235,-0.5390924948007009,44.575114759498966,40.95936805670317,28.581110763549805,32.757799530029295,29.350549152919225,33.958047594342915,29.236433664957683,34.09371439615885,30.496783945295547,36.002047735547265,0E-15
2022-12-30,,,,,,,32.950000762939450,32.994998931884766,32.950000762939450,32.994998931884766,2300,,,,,28.788064956665040,,,0.08890332891552857,0.1922858961355754,0.21877455629893058,0.1619816911881426,,,,,,,,,,,,28.73186946082032,32.93437326371952,29.091186354164186,33.55672569363372,29.496083378808034,34.30231821171488,29.492087327300418,34.931872771573126,,,,,-0.0043850551034311175,-0.33921513791241864,-0.5760806404538314,-0.32029319824170255,-0.546490123931327,42.72363925255011,39.4092492366311,28.68231964111328,32.87379913330078,29.20832870120094,33.75780941191174,29.24723161969866,34.09511118086557,30.50063301268078,36.001075502425905,0.044998168945316
2023-01-03,,,,,,,32.110000610351560,32.400001525878906,32.029998779296875,32.080001831054690,9200,,,,,27.989736557006836,,,0.24393868114543696,0.15024523870660977,0.22414350017306992,0.16440531948025347,,,,,,,,,,,,28.484491826215827,32.64958278616458,28.99105455442261,33.422478069762896,29.449010040626746,34.23287082481925,29.48021103662616,34.90932833726073,,,,,-0.028122998579630236,-0.38232831380549825,-0.6183500908905089,-0.3327002213544617,-0.5608621173231634,33.318974648234786,31.347198843823882,28.61252098083496,32.793799591064456,29.095611844744003,33.59304755074637,29.251824878510973,34.08955564953032,30.501613003867014,35.99682947189089,-0.029998779296870
2023-01-04,,,,,,,31.979999542236328,31.979999542236328,31.909999847412110,31.979999542236328,1100,,,,,27.902482986450195,,,0.21496137623475736,0.14997809459880967,0.21405209134520692,0.16442342016254557,,,,,,,,,,,,28.290488879627283,32.426388371521824,28.892093502788754,33.29134365816957,29.40068107018373,34.16246859723854,29.467738878126745,34.886171587892946,,,,,-0.0031222106457669163,-0.4187098240361493,-0.6523978475669736,-0.3499021418907992,-0.5791692633719254,32.47749444687707,30.610164184007385,28.464371109008788,32.623999786376956,28.980570293608167,33.42566662742978,29.24028199816507,34.06514291914682,30.50202424942501,35.99192074366978,0E-15
2023-01-05,,,,,,,32.009998321533200,32.009998321533200,32.009998321533200,32.009998321533200,100,,,,,27.928655624389650,,,0.21063754312389038,0.1508733819392277,0.21388915062095354,0.16442309828480725,,,,,,,,,,,,28.16987779454807,32.287591688192286,28.804508241116107,33.17485771847536,29.354680275002664,34.095203901122744,29.455572212089297,34.86343504033279,,,,,0.0009375642520597123,-0.440354388580257,-0.669245642083915,-0.36799259122869077,-0.5971845391143233,33.023907484757004,31.133254952463936,28.30470390319824,32.440999603271486,28.873852411905926,33.267999921526226,29.227364918542285,34.03911112225245,30.502429757799423,35.987000102088565,0E-15
2023-01-06,,,,,,,32.130001068115234,32.340000152587890,32.130001068115234,32.340000152587890,2100,,,,,28.216581344604492,,,0.22541392379377911,0.1463192770948108,0.21289663870016978,0.16473775828843595,,,,,,,,,,,,28.18544564456688,32.30506117632415,28.751060341433234,33.09896157612195,29.31911468342772,34.040353783981026,29.445777817879932,34.84348693845339,,,,,0.01025655103895627,-0.42932566359248625,-0.6484938177371689,-0.38025920570144983,-0.6074463948388924,38.8832686860369,36.77922370394052,28.16510429382324,32.280999755859376,28.808951059977215,33.15895225888207,29.22576998150538,34.026222229003906,30.50384499534728,35.983230257791185,0.209999084472656
2023-01-09,,,,,,,32.520000457763670,32.520000457763670,32.432998657226560,32.432998657226560,6400,,,,,28.297723770141600,,,0.23221668585724872,0.14278203268352063,0.2124577334478423,0.16466287913615213,,,,,,,,,,,,28.22287168642512,32.347707003291625,28.70984792586127,33.03841949258601,29.287196217387528,33.99012393626995,29.436702291810853,34.82443169512353,,,,,0.00287157317533205,-0.409319424444206,-0.6174263388306542,-0.3860712494500011,-0.6094423836372448,40.464015131420275,38.31405082323373,28.067036056518553,32.168599700927736,28.736524854387557,33.04099982125418,29.228744082980686,34.01865078154064,30.504944619678316,35.9790675602262,-0.087001800537110
2023-01-10,,,,,,,32.700000762939450,32.751998901367190,32.700000762939450,32.751998901367190,400,,,,,28.576051712036133,,,0.09185021748220307,0.1478765449476743,0.20918838630550626,0.1649395691154201,,,,,,,,,,,,28.34059836162879,32.482470969316815,28.697684633695346,33.012381257020664,29.264972951595297,33.95143252892924,29.4298987299154,34.8080488271887,,,,,0.009787645060295174,-0.36677761294391686,-0.560602210937347,-0.38221252214878426,-0.5996743490972652,45.65615042269013,43.39080733544545,28.184299087524415,32.302999114990236,28.67295964558919,32.93309493291946,29.24512502882216,34.02666661095998,30.506922865670823,35.975900892227415,0.051998138427740
2023-01-11,,,,,,,32.630001068115234,32.630001068115234,32.630001068115234,32.630001068115234,300,,,,,28.469606399536133,,,0.09493999150398061,0.14760661537640574,0.20892149479542854,0.16465749997955473,,,,,,,,,,,,28.38360104093124,32.531647668916285,28.67695024877178,32.97761942166562,29.24011774684345,33.9101377957788,29.42230748619699,34.79083105834226,,,,,-0.003731938225119807,-0.33775869595145736,-0.5194252745175305,-0.37332175690931885,-0.5836245341813183,44.073100966602105,41.968259665757394,28.2977237701416,32.43299942016601,28.603430702572776,32.81833303542364,29.256643840244838,34.029031723264666,30.50731635472131,35.97086120787121,0E-15
2023-01-12,,,,,,,32.180000305175780,32.310001373291016,32.180000305175780,32.310001373291016,1000,,,,,28.190406799316406,,,0.13813825779622474,0.14984281723590037,0.20899781611746615,0.1640626925414934,,,,,,,,,,,,28.31920296039296,32.45776557037453,28.63271902609402,32.91692687181339,29.20731427973323,33.86013353257606,29.412569140846156,34.77121975648415,,,,,-0.009855340452237332,-0.3334463080580612,-0.5067718068296614,-0.3653466671390673,-0.5682539887109869,40.14156356601363,38.411065417990294,28.350074005126952,32.49300003051758,28.525487445649645,32.69404747372582,29.267879698011612,34.031174614315944,30.504669128902375,35.962242171877904,0.130001068115236
2023-01-13,,,,,,,32.259998321533200,32.400001525878906,32.209999084472656,32.400001525878906,2800,,,,,28.268934249877930,,,0.11830232983282539,0.14065342135274359,0.207593924850086,0.16384032608165475,,,,,,,,,,,,28.302446723554617,32.43851088887599,28.59964768280165,32.869933658546614,29.177989903800253,33.81450440736677,29.40352854882269,34.752474948337074,,,,,0.0027817363695615354,-0.3200034005975567,-0.4839034446816797,-0.3562780138307652,-0.5513838799051255,41.71636860346164,39.952620493117884,28.36054458618164,32.505000305175784,28.476046062651136,32.63738087245396,29.274843882000635,34.02828573802161,30.501310636126806,35.95275804731581,0.140003204345706
2023-01-17,,,,,,,32.540000915527344,32.540000915527344,32.490001678466800,32.527000427246094,1100,,,,,28.379739761352540,,,0.11990769572205899,0.14193265318030762,0.20673524369507879,0.1637951971364946,,,,,,,,,,,,28.328211069487256,32.46800740166602,28.579656053579,32.838757910246564,29.15304458684876,33.774269907988,29.39543535682688,34.734882264375884,,,,,0.003912029883218911,-0.2969852596422342,-0.4503411010699878,-0.344419462993059,-0.531175324138098,43.95688556952583,42.15290728953907,28.376947784423827,32.523800659179685,28.435620353335427,32.59104755946568,29.287810552687873,34.03238096691313,30.497760878668892,35.943023923843626,-0.013000488281250
2023-01-18,,,,,,,32.416999816894530,32.416999816894530,32.416999816894530,32.416999816894530,100,,,,,28.283765792846680,,,0.08853951426414594,0.13658448047661662,0.2068617790884332,0.16382150321836178,,,,,,,,,,,,28.313395977273732,32.451004873408856,28.552756938966972,32.80041626539638,29.125879624536196,33.73185521764133,29.386647455135336,34.716559082972864,,,,,-0.0033875087446141876,-0.2832226992914677,-0.4276887027575924,-0.33218011025274075,-0.5104779998619968,42.435268531643935,40.75976114349116,28.31849060058594,32.456800842285155,28.407617387317476,32.55895233154297,29.29964698307098,34.03519046117389,30.493680802602615,35.93267471071274,0E-15
2023-01-19,,,,,,,32.610000610351560,32.630001068115234,31.399999618530273,32.435001373291016,8200,,,,,28.299472808837890,,,0.08865875181739855,0.13667208322185284,0.20511817503784593,0.1638207042567626,,,,,,,,,,,,28.30875492112845,32.44567037336958,28.52973110895524,32.76719672975044,29.100054411545624,33.69132853500538,29.3780531891567,34.69852305364732,,,,,0.0005551826577204009,-0.26795947609665305,-0.403631130318729,-0.3193359834215232,-0.48910862595334326,42.78434313450234,41.10281580153453,28.28446388244629,32.41780090332031,28.380819411504838,32.528238024030415,29.30574005369156,34.031269860646084,30.489779320974197,35.92253582061283,-0.174999237060544
2023-01-20,,,,,,,32.430000305175780,32.654998779296875,32.430000305175780,32.654998779296875,1600,,,,,28.491418838500977,,,0.060426420577875735,0.13661694223994697,0.2049300570301028,0.1639515191230755,,,,,,,,,,,,28.36964289358596,32.51544650867868,28.526248175277576,32.75699691607284,29.081034549887978,33.65894323013949,29.37104422195784,34.682368711557594,,,,,0.006759772738255607,-0.23763550711224113,-0.3626331693212208,-0.30299588815966677,-0.46381353462691877,47.01298905357525,45.273759454062386,28.344666290283204,32.48680038452149,28.37413015819731,32.52057120913551,29.31128704737103,34.026634942917596,30.486901888771662,35.91358343760172,0.224998474121095
2023-01-23,,,,,,,33.099998474121094,33.349998474121094,33.099998474121094,33.235000610351560,400,,,,,28.997465133666992,,,0.1263109718505579,0.14710082283078108,0.20196516184520064,0.16489849216067506,,,,,,,,,,,,28.57891697361297,32.75529787590297,28.569086080585706,32.800451797370904,29.078423005631073,33.64569502327112,29.368091027584,34.67092706648877,,,,,0.01760546843121199,-0.17080094938059176,-0.2801117356427767,-0.2765569004038518,-0.42707317483009033,56.203184836183404,54.435234763353584,28.490372467041016,32.65380020141602,28.40167608715239,32.55214273361933,29.313708199395073,34.01814288184757,30.486201922098797,35.90713502490331,0.135002136230466
2023-01-24,,,,,,,33.189998626708984,33.189998626708984,33.189998626708984,33.189998626708984,100,,,,,28.958206176757812,,,0.13466098779811278,0.1473174653770188,0.20124762058810955,0.16480367643925833,,,,,,,,,,,,28.705346707994586,32.900198126171645,28.60446063478317,32.83586514549255,29.074666229728784,33.631454510878555,29.36485083113478,34.65922012230079,,,,,-0.001354792793401187,-0.11962301097526762,-0.2158559360355099,-0.24517012251813494,-0.38482972707117424,55.40039585969008,53.68429682564843,28.60606575012207,32.786399841308594,28.42589841570173,32.57990464710054,29.311574300130207,34.004333314441496,30.48601037736923,35.90130168672592,0E-15
2023-01-25,,,,,,,33.055000305175780,33.055000305175780,33.055000305175780,33.055000305175780,100,,,,,28.840417861938477,,,0.1371176515801945,0.14639463596230828,0.1995817870666359,0.1648043792773291,,,,,,,,,,,,28.75037042597588,32.95179885250636,28.62591129179729,32.85578652364557,29.067345968235337,33.61344031695034,29.360705115963267,34.64653854271877,,,,,-0.004075822905472072,-0.08755932923616427,-0.17382227326283584,-0.21364796386174081,-0.34262823630950656,52.956364509783434,51.39386878707861,28.71739616394043,32.91399993896484,28.45248876299177,32.61038080851237,29.31373974633595,33.99560316782149,30.485816350058904,35.89548819405692,0E-15
2023-01-26,,,,,,,33.090000152587890,33.090000152587890,33.090000152587890,33.090000152587890,200,,,,,28.870956420898438,,,0.13638948771512754,0.1463440312993542,0.19957820396058668,0.164695203840966,,,,,,,,,,,,28.790565757616733,32.99786595253353,28.648188121715574,32.87707867173124,29.061208794881058,33.59708281181401,29.356833584776986,34.63423389141339,,,,,0.001058320381028138,-0.05900425958922284,-0.13611702516291047,-0.18271922300723722,-0.30132599408018734,53.528776895479744,51.96605853551759,28.83169288635254,33.04499969482422,28.47783288501558,32.63942845662435,29.316864437527126,33.987984127468536,30.48504610667153,35.888980259971014,0E-15
2023-01-27,,,,,,,32.990001678466800,32.990001678466800,32.919998168945310,32.919998168945310,4300,,,,,28.722627639770508,,,0.14699729242529253,0.14322961176853985,0.1990942414527972,0.16453298657362184,,,,,,,,,,,,28.76791971833466,32.97191002467079,28.65495535062966,32.88098044420524,29.050628133783853,33.57592391672436,29.351820099045707,34.620682620880046,,,,,-0.005150890033944315,-0.04779213617132072,-0.1185860969972623,-0.15573380564005393,-0.26477801466360235,50.32575424372717,48.95173654571539,28.877934646606445,33.097999572753906,28.481613613310316,32.64376177106585,29.313702870929053,33.97306345379542,30.484713440849667,35.8830238978068,-0.070003509521490
2023-01-30,,,,,,,32.590000152587890,32.590000152587890,32.590000152587890,32.590000152587890,9400,,,,,28.434705734252930,,,0.06677909937913686,0.14706480782760895,0.1990600645842426,0.16479912146154366,,,,,,,,,,,,28.656848390307417,32.84460673397649,28.634932658231776,32.85452769042185,29.03138055879851,33.545113799095105,29.344570183118492,34.60462979504374,,,,,-0.010074799641435324,-0.06143119847868306,-0.12982425889033067,-0.13687328420777975,-0.23778726350894802,44.73060786133916,43.65785432532627,28.765382766723633,32.96899948120117,28.467695236206055,32.627809433710006,29.31064869108654,33.95838092622303,30.482823091839986,35.87526198795864,0E-15
2023-01-31,,,,,,,32.775001525878906,32.779998779296875,32.775001525878906,32.779998779296875,5000,,,,,28.600477218627930,,,0.09677403672236301,0.14666696834408305,0.19917554682247304,0.16481629567473288,,,,,,,,,,,,28.638057999747588,32.823070749083286,28.631800345540515,32.847752334865035,29.01791482941818,33.52120395472641,29.338688025296435,34.59020583444495,,,,,0.0058129716636622095,-0.05819306679238423,-0.12199302224411923,-0.12113724072470064,-0.21462841525598225,48.294908078489335,47.198452482783345,28.693836975097657,32.88699951171875,28.45273798987979,32.61066654750279,29.30805648319305,33.94417456975059,30.480979518284872,35.867523889693004,0.004997253417969
2023-02-01,,,,,,,33.139999389648440,33.250000000000000,32.950000762939450,33.040000915527344,15800,,,,,28.827331542968750,,,0.11914380208298755,0.1487476347535727,0.19855261527276513,0.16474644319095327,,,,,,,,,,,,28.701149180821307,32.89538080456464,28.649575908943085,32.86522947856161,29.011959101716638,33.50616635975144,29.334645681562616,34.577951250105684,,,,,0.007900545370824989,-0.036896258922173075,-0.09372629295312862,-0.10428904436419513,-0.19044799079541153,52.78251075434286,51.67389692675289,28.69121971130371,32.88399963378906,28.454607827322825,32.61280949910482,29.30398084246923,33.928142850361176,30.478966803777787,35.85953977372911,-0.099998474121096
2023-02-02,,,,,,,33.229999542236330,33.229999542236330,32.669998168945310,33.069999694824220,14900,,,,,28.853506088256836,,,0.11905697714018587,0.10778548189183777,0.198322755432769,0.16474837074842577,,,,,,,,,,,,28.75193481663315,32.95358710131783,28.668115016153426,32.8838449527673,29.007007445046018,33.492536151472464,29.33084220651672,34.566030684451285,,,,,0.0009075647358671593,-0.01770225758865962,-0.06811882415784254,-0.08697168700908803,-0.16598215746789774,53.28629222534196,52.1775513802654,28.68772964477539,32.87999954223633,28.4957397097633,32.659952254522416,29.298151379539853,33.91004762195406,30.477131026131765,35.85176199958438,-0.159999847412110
2023-02-03,,,,,,,33.000000000000000,33.029998779296875,32.560001373291016,32.909999847412110,2300,,,,,28.713907241821290,,,0.11827252822929049,0.10886910290992155,0.19835118914876823,0.16481732804659927,,,,,,,,,,,,28.73925895836253,32.939058016682594,28.672277945759593,32.88622267046228,28.997848063695244,33.47433189197058,29.32596525027407,34.55293953158932,,,,,-0.004849935475493859,-0.013598577540580692,-0.06004323017551627,-0.07229706511538656,-0.14479437200942144,50.20940390886468,49.230512096678474,28.685985565185547,32.87799987792969,28.534378960019065,32.704237983340306,29.292207536243257,33.89187301151336,30.474801055968754,35.84342072502015,-0.090000152587890
2023-02-06,,,,,,,33.330001831054690,33.389999389648440,33.049999237060550,33.049999237060550,36500,,,,,28.836053848266600,,,0.0790878980054483,0.1093074323748231,0.19832326282638582,0.16486504292404297,,,,,,,,,,,,28.77152392166389,32.976038423475245,28.68716666416932,32.90111144924394,28.9927919944631,33.46107149650464,29.322092432866896,34.541058580644425,,,,,0.0042448956540135285,-0.0004845852219119706,-0.041863902038763,-0.05793456913669164,-0.12420827801528975,52.778723974034,51.796036986030515,28.766255187988282,32.96999969482422,28.5775883992513,32.75376183646066,29.286101053631494,33.87346031552269,30.472763159918408,35.83540485018776,-0.280002593994140
2023-02-07,,,,,,,33.220001220703125,33.220001220703125,33.159999847412110,33.189998626708984,2200,,,,,28.958206176757812,,,0.07602796651548363,0.10515371870825077,0.1957123664503197,0.16491851797813206,,,,,,,,,,,,28.833751340028527,33.047358491219825,28.711806619859185,32.92737391992258,28.99171118765981,33.45260046932352,29.319215861672358,34.53037826480304,,,,,0.0042271502509494355,0.019539777815907655,-0.015975714699962396,-0.04243969974617178,-0.10256176535222428,55.26485904860992,54.28390458099678,28.837800979614258,33.05199966430664,28.61290386744908,32.79423795427595,29.274340947469074,33.84838092137897,30.471110381777326,35.827825485713895,-0.030002593994141
2023-02-08,,,,,,,33.040000915527344,33.040000915527344,32.700000762939450,32.840000152587890,14700,,,,,28.652830123901367,,,0.10203310145247085,0.11260574011506097,0.19649440866455906,0.16524822367289208,,,,,,,,,,,,28.773444267986143,32.97823904500918,28.706445120226658,32.919430850164886,28.98112115441736,33.433456709425535,29.31394799022753,34.5170155919792,,,,,-0.010601403222543864,0.010645222955957934,-0.02343099361285539,-0.03182271520574584,-0.0867356110043505,48.40389390163725,47.6612160582017,28.80290069580078,33.01199951171875,28.62981369381859,32.813618977864586,29.255564311194043,33.81520631578233,30.468079710763597,35.818658813597665,-0.200000762939454
2023-02-09,,,,,,,33.009998321533200,33.709999084472656,33.009998321533200,33.259998321533200,686900,,,,,29.019277572631836,,,0.1434717135551312,0.11601307115228064,0.19733690787088226,0.16563432593864,,,,,,,,,,,,28.85538870286804,33.07215880385052,28.73488443408167,32.950391529380184,28.982313542486562,33.4280361348039,29.311618579811753,34.507078696560654,,,,,0.012708132059752426,0.0327875166486713,0.004499123207310163,-0.01890066883486241,-0.06848866416201838,55.53724958103144,54.78926606913396,28.83605499267578,33.04999923706055,28.65091968718029,32.83780942644392,29.2382386525472,33.78358725895957,30.465805825733003,35.81032547118172,0.250000000000000
2023-02-10,,,,,,,33.258998870849610,33.258998870849610,33.029998779296875,33.157001495361330,1500,,,,,28.929412841796875,,,0.13934616427216429,0.11572757504011116,0.19738754946650805,0.16566129153724649,,,,,,,,,,,,28.88006341584432,33.10043970102079,28.752568834783055,32.96917425356029,28.980660395590007,33.41956630232132,29.308597190578432,34.4964061495156,,,,,-0.0031015300684104578,0.04259312415728189,0.01811415027255947,-0.0066019102364335515,-0.0511681012751028,53.58088803419522,52.887059573084294,28.8791561126709,33.09939956665039,28.67281523204985,32.86290468488421,29.219242550077894,33.75004759288969,30.46313214680505,35.801531821962385,-0.101997375488280
2023-02-13,,,,,,,33.320999145507810,33.320999145507810,33.320999145507810,33.320999145507810,200,,,,,29.072500228881836,,,0.14028531524349402,0.10981901402879118,0.19339082196838941,0.16568933397120167,,,,,,,,,,,,28.944209020190158,33.173959515849795,28.781653506973853,33.001158334646426,28.983530390380377,33.41648607867089,29.306730811434587,34.48711439454321,,,,,0.00493389510028735,0.06120456691118292,0.04165719883653907,0.006959385193089742,-0.032603041252774426,56.22504490930841,55.53425622656356,28.926445388793944,33.15359954833984,28.714819681076776,32.91104743594215,29.193026981656512,33.70799994090247,30.461501182071746,35.79395642356267,0E-15
2023-02-14,,,,,,,33.189998626708984,33.258998870849610,33.189998626708984,33.258998870849610,300,,,,,29.018404006958008,,,0.139852408434515,0.11029593324328531,0.19165054545798138,0.1656864299738072,,,,,,,,,,,,28.968940682446107,33.2023059675164,28.803176279699684,33.024598383392174,28.98462019089843,33.411564603426484,29.30445154815809,34.477405971431004,,,,,-0.0018624684285019177,0.07077332553172155,0.054681990487011944,0.019722173260816104,-0.015146034904817153,54.95062286557439,54.292247949619494,28.938484954833985,33.16739959716797,28.75050871712821,32.95195207141695,29.160122765435112,33.658142755902006,30.459423087892077,35.785857215760245,0.069000244140626
2023-02-15,,,,,,,33.500000000000000,33.500000000000000,33.391998291015625,33.391998291015625,800,,,,,29.134447097778320,,,0.10017461046650021,0.11032031249085529,0.19106185167284112,0.16573056930402913,,,,,,,,,,,,29.024109487556846,33.265536742016145,28.833291808615925,33.057998374994305,28.989302281738425,33.41095315616364,29.303107639459437,34.46882567356211,,,,,0.0039909735341392815,0.08672068126246302,0.07487308309836038,0.03312187486114549,0.002857788695818354,57.19214958612791,56.537765228901876,29.034808349609374,33.27779922485352,28.786447161719913,32.993142445882164,29.133941468738374,33.61611096821134,30.457971527462913,35.77848419310555,-0.108001708984375
2023-02-16,,,,,,,33.200000762939450,33.200000762939450,33.200000762939450,33.200000762939450,100,,,,,28.966928482055664,,,0.07358964260494785,0.11187709960671358,0.19108864326988367,0.16573799026318925,,,,,,,,,,,,29.005049152389784,33.243691415657246,28.845440597110446,33.070907682989315,28.988603100498338,33.404360893875385,29.300450096713163,34.4587954371145,,,,,-0.005766441095154867,0.0848634700392985,0.07452301856728383,0.04347019389677609,0.017190834670111448,53.08574692080106,52.52603491968059,29.02433853149414,33.26579971313477,28.818978718348912,33.03042820521763,29.10333860488165,33.568968152242995,30.45522091123793,35.769591331481934,0E-15
2023-02-17,,,,,,,33.099998474121094,33.250000000000000,33.090000152587890,33.090000152587890,1300,,,,,28.870956420898438,,,0.07411332600070933,0.11293057765953682,0.1865934986491953,0.16528287688865817,,,,,,,,,,,,28.960351575226003,33.192460994634125,28.84776021745481,33.072643362043735,28.984926641760843,33.394537120710154,29.297054889789727,34.44797492103129,,,,,-0.0033186604040121143,0.07478539403095397,0.06462450885172899,0.04973323392361167,0.026677569506434958,50.8338696668798,50.32289125653628,29.012647247314455,33.25239944458008,28.84619222368513,33.06161862327939,29.081624893915084,33.532269735184926,30.45060496103196,35.758488155546644,-0.009998321533204
2023-02-21,,,,,,,33.080001831054690,33.080001831054690,33.080001831054690,33.080001831054690,300,,,,,28.862230300903320,,,0.05790121915899582,0.11098748497183121,0.18615114521357143,0.16517140451708723,,,,,,,,,,,,28.92764448378511,33.15497460677432,28.84907567958649,33.073312313772,28.981092381109043,33.384707892908416,29.29361754126098,34.43716090450973,,,,,-0.00030229130096746644,0.06534110959140449,0.05533521765482874,0.05285480905717023,0.032409099136113714,50.62359796372967,50.117126472231426,28.97059326171875,33.204199981689456,28.863849912370956,33.081856863839285,29.05707456195165,33.492253863622274,30.445250359792556,35.74650404188368,0E-15
2023-02-22,,,,,,,33.099998474121094,33.099998474121094,32.819999694824220,32.819999694824220,2800,,,,,28.635381698608400,,,0.07413531656097178,0.09593194759704206,0.18664633208282638,0.16534480871021895,,,,,,,,,,,,28.830223555392873,33.04331630279095,28.82964895404303,33.05028389386766,28.9702889222809,33.367060761718285,29.288414095864518,34.424377021429216,,,,,-0.007890754813873854,0.039100928612775476,0.026685771033122307,0.05010403296829128,0.03126443351551543,45.36957482618707,44.9678938516134,28.893988800048827,33.116400146484374,28.846607844034832,33.06209491548084,29.03029293484158,33.44971417623853,30.439194800361754,35.73372625926184,-0.279998779296874
2023-02-23,,,,,,,32.779998779296875,32.790000915527344,32.680000305175780,32.779998779296875,2000,,,,,28.600477218627930,,,0.04999491933770338,0.09591966397614499,0.1865877698965669,0.1651810052165176,,,,,,,,,,,,28.75364144313789,32.95554379495959,28.808815159914385,33.02571251981577,28.958732306541744,33.34871507476762,29.28297585968083,34.411377983942,,,,,-0.0012196718968761511,0.015312384672522938,0.0007445558198142521,0.04314570330913761,0.025160457976375197,44.60251703066602,44.215221687313225,28.78719482421875,32.99400024414062,28.829573131742933,33.04257111322312,29.002279372442338,33.40574591500418,30.432137300097754,35.71975800347707,0E-15
2023-02-24,,,,,,,32.709999084472656,32.709999084472656,32.400001525878906,32.490001678466800,3000,,,,,28.347455978393555,,,0.061663994925375984,0.09950158619023708,0.1872246620277174,0.16536824536038372,,,,,,,,,,,,28.618246288223112,32.800363089461996,28.766873416139763,32.97701153423859,28.939629921287114,33.32188028113322,29.275580445599505,34.39618923844417,,,,,-0.008886113717250455,-0.023683894099047365,-0.04272191492143662,0.029779783827500617,0.011583983396812833,39.40204639907572,39.104955609523515,28.66330032348633,32.8520004272461,28.80609875633603,33.01566641671317,28.96988347976927,33.35674594697498,30.423677224961537,35.704162779308504,-0.219997406005856
2023-02-27,,,,,,,32.610000610351560,32.610000610351560,32.610000610351560,32.610000610351560,200,,,,,28.452157974243164,,,0.08463329041068106,0.10053827076214247,0.187468740349783,0.16540478980421972,,,,,,,,,,,,28.562883516896463,32.73690892975851,28.73826292142189,32.94364690479431,28.92439642294199,33.29963404142129,29.269071177051234,34.382069170237905,,,,,0.0036867192276505488,-0.045614336269977684,-0.06671741834418299,0.014700959808004956,-0.004076296951386332,42.39517125716518,42.0876666222069,28.579540634155272,32.75600051879883,28.78615597316197,32.9928092956543,28.939786789909242,33.310396769690136,30.415433368985614,35.688805640689914,0E-15
2023-02-28,,,,,,,32.860000610351560,32.860000610351560,32.645000457763670,32.750000000000000,14000,,,,,28.574308395385742,,,0.09867629331121712,0.10058287191195399,0.18776299483352535,0.1653477857552402,,,,,,,,,,,,28.566691809726223,32.74127261983901,28.723357964509514,32.9260426407221,28.913456172080856,33.282457977626876,29.26357898114874,34.36916743766686,,,,,0.0042839970888572864,-0.05253229199628606,-0.0735889592493777,0.001254309447146753,-0.017978829410984606,45.76108192212543,45.44502012545354,28.52195625305176,32.69000015258789,28.77909315200079,32.98471414475214,28.91244243440174,33.26722214713929,30.40694360127525,35.67313103448777,-0.110000610351560
2023-03-01,,,,,,,32.634998321533200,32.634998321533200,32.634998321533200,32.634998321533200,300,,,,,28.473966598510742,,,0.08635900975513515,0.0949149988990801,0.18776698587420776,0.16522618406667539,,,,,,,,,,,,28.53578340598773,32.705847853737076,28.700686022145987,32.899584066250384,28.89972212290679,33.262224863373945,29.257336986029074,34.355458590899005,,,,,-0.0035177891132328843,-0.06535815800554445,-0.08730794759411253,-0.012068184043391487,-0.03184465304761019,43.511906168016665,43.22807655036178,28.489673233032228,32.65299987792969,28.780962716965448,32.98685691470192,28.88515947735499,33.224158635215154,30.397225432925755,35.656008008926634,0E-15
2023-03-02,,,,,,,32.884998321533200,32.884998321533200,32.884998321533200,32.884998321533200,200,,,,,28.692092895507812,,,0.10633383686719383,0.09649815794140616,0.18848300038876759,0.16529420772512615,,,,,,,,,,,,28.58788656916109,32.765564676335785,28.699904828815246,32.89825808945791,28.89323370955057,33.250436533941425,29.25286865329768,34.34383439904631,,,,,0.0076313588000775905,-0.05726170274800779,-0.07711846042722925,-0.02110688778431475,-0.040899414523534,49.340921902576845,49.04719202441786,28.507996368408204,32.67399978637695,28.78532536824544,32.99185689290365,28.862870837014817,33.186857011583115,30.387625618586465,35.63898419576978,0E-15
2023-03-03,,,,,,,32.880001068115234,33.034999847412110,32.880001068115234,33.034999847412110,300,,,,,28.822971343994140,,,0.06541488096121192,0.0937684482272167,0.15222896462399607,0.16502287096384652,,,,,,,,,,,,28.666248160772106,32.85537640002789,28.711092693831507,32.91068915836284,28.891038010626936,33.243704137487384,29.249470255595675,34.33348788085157,,,,,0.004551109387410477,-0.03982532507156833,-0.05629046744372346,-0.024850575241765465,-0.043977625107571895,52.507622565721206,52.212240649248336,28.60309944152832,32.782999420166014,28.785117739722843,32.99161874680292,28.816018089415536,33.120745885939826,30.377266573527503,35.621027840508354,0.154998779296876
2023-03-06,,,,,,,32.985000610351560,32.985000610351560,32.985000610351560,32.985000610351560,100,,,,,28.779342651367188,,,0.07353248124047135,0.09384613069769318,0.12305455219088823,0.16502543521822832,,,,,,,,,,,,28.7039463243038,32.89858447013578,28.71729723542566,32.91744474490727,28.887547530650068,33.23561965226439,29.245753831846834,34.32282790242865,,,,,-0.0015148245944889762,-0.029190847100764472,-0.043319295641602196,-0.025718629613565264,-0.04384595921437796,51.35517107062085,51.073409086319124,28.668536376953124,32.85799942016602,28.781586147490003,32.98757117135184,28.7909792339991,33.08019032554021,30.36668791089739,35.602817520262704,0E-15
2023-03-07,,,,,,,32.770000457763670,32.779998779296875,32.770000457763670,32.779998779296875,700,,,,,28.600477218627930,,,0.09130279200150238,0.09484216938178425,0.12352361945217503,0.16506143204394247,,,,,,,,,,,,28.669456622411843,32.85905590652281,28.706677233898596,32.904949657124504,28.878576583399376,33.221381499984155,29.24065283095182,34.31063162477543,,,,,-0.006234457079023889,-0.03479479948345343,-0.049016451884860146,-0.0275338635875429,-0.044880057748474395,46.818315188070535,46.58669767270971,28.673770141601562,32.86399917602539,28.77618471781413,32.98138064429874,28.763711323813787,33.03709508502294,30.356037117186048,35.58455561077784,0.009998321533205
2023-03-08,,,,,,,33.029998779296875,33.029998779296875,33.029998779296875,33.029998779296875,300,,,,,28.818605422973633,,,0.09685108152509743,0.09749118149064466,0.12441314586571872,0.1652529481249806,,,,,,,,,,,,28.719172889265774,32.91603686411417,28.716852523814506,32.91631775914018,28.87670248463607,33.21540078996268,29.23731648780575,34.30050804496928,,,,,0.007597796538173521,-0.021388298017999574,-0.032978423848838645,-0.026304750473634234,-0.04249973096854724,52.34710618352989,52.11166801627095,28.74269790649414,32.942999267578124,28.775353840419225,32.98042824154808,28.742264883858816,33.00072999984499,30.346298391856845,35.56734132009839,0E-15
2023-03-09,,,,,,,32.939998626708984,32.939998626708984,32.805000305175780,32.819999694824220,1600,,,,,28.635381698608400,,,0.10024215599155976,0.09857368585438125,0.11884841299703046,0.16483477365201077,,,,,,,,,,,,28.69124249237998,32.88402447435085,28.709446085159406,32.90756157147509,28.869161210072708,33.2030445057396,29.232558110025533,34.288804421647974,,,,,-0.006378124641297516,-0.02525702504693328,-0.036789258492518684,-0.026095205388294043,-0.04135763647334153,47.84742998745904,47.652739870007075,28.731355667114258,32.92999954223633,28.759981246221635,32.962809244791664,28.727278724549308,32.97199981931656,30.334231883760484,35.54738100748214,-0.119998931884764
2023-03-10,,,,,,,32.799999237060550,32.810001373291016,32.750000000000000,32.810001373291016,1800,,,,,28.626657485961914,,,0.0906104176913904,0.09152450682985304,0.11756806200554792,0.16464883176776707,,,,,,,,,,,,28.669714156907293,32.859350107330904,28.701919848868727,32.89869246254926,28.861582968694243,33.19076190785058,29.227768381772066,34.277114278973215,,,,,-0.00030471191170355856,-0.028696198228900016,-0.04015329124457878,-0.026615403956415238,-0.041116767427588984,47.63745558202565,47.44458979270667,28.692092895507812,32.88499984741211,28.75873493012928,32.961380731491815,28.708357826111808,32.938666510203525,30.32119755517869,35.5262659315079,0.010002136230466
2023-03-13,,,,,,,32.564998626708984,32.564998626708984,32.564998626708984,32.564998626708984,0,,,,,28.412893295288086,,,0.10061994094044058,0.08235704168560826,0.11810534220411786,0.16428004696346465,,,,,,,,,,,,28.584107203034225,32.761232947123595,28.67564470763412,32.86835665929106,28.8475614164003,33.17120680531491,29.221326681483653,34.26357976788812,,,,,-0.007495332221863753,-0.048116099000957036,-0.06187572072074232,-0.030915542965323596,-0.04526855808621965,42.69361896451735,42.54089066070238,28.618803024291992,32.80099945068359,28.729859488351003,32.928285507928756,28.684579607040163,32.899729955764045,30.309011981600808,35.50620640648736,0E-15
2023-03-14,,,,,,,31.826000213623047,31.850000381469727,31.629999160766600,31.850000381469727,1200,,,,,27.789056777954100,,,0.17423707192914756,0.11031234017824487,0.12556107459357704,0.16570503379529908,,,,,,,,,,,,28.319090394674184,32.45748875857231,28.59504580493594,32.77577881585275,28.814483146448858,33.129919104569744,29.210004389756147,34.2445000889441,,,,,-0.0222007292971026,-0.11254752578632576,-0.1352264788112265,-0.04724193952952403,-0.06326014223122102,32.193316775366554,32.1104579498607,28.456518936157227,32.614999771118164,28.675556818644207,32.866047359648206,28.65060091775561,32.849095026652016,30.294682964446054,35.4837064061846,0.024000167846680
2023-03-15,,,,,,,31.920000076293945,31.929000854492188,31.846000671386720,31.846000671386720,700,,,,,27.785568237304688,,,0.1427220244854818,0.10771610244581017,0.12549404738581318,0.16560961164499424,,,,,,,,,,,,28.141249675551016,32.25365939617711,28.521456935151278,32.6912535299922,28.7823295555381,33.08979665353277,29.198744024914635,34.22553961924009,,,,,-0.0001255443704042343,-0.16202368362397124,-0.19147304417295175,-0.07019828834841348,-0.08890272261956716,32.145704443354965,32.06309819424091,28.249911499023437,32.378200149536134,28.614274342854817,32.79580933707101,28.618193823193746,32.80030141557966,30.281097275870188,35.462095298464334,-0.073999404907225
2023-03-16,,,,,,,31.863000869750977,31.863000869750977,31.863000869750977,31.863000869750977,0,,,,,27.800399780273438,,,0.15356083916093158,0.10811743090428513,0.12098440183085793,0.1654721436316668,,,,,,,,,,,,28.027633043791823,32.1234398873684,28.45590628470784,32.615957833606636,28.75164425006108,33.051459285289596,29.187689920213913,34.206863423591955,,,,,0.000533643430155943,-0.19775748837534834,-0.2320026958640753,-0.09571012835380044,-0.11752271726846879,32.60208530064505,32.5186699036642,28.082915115356446,32.18680038452148,28.556274141584122,32.7293332417806,28.594276307121156,32.772888728550505,30.266783373696462,35.439611177595836,0E-15
2023-03-17,,,,,,,31.819999694824220,31.819999694824220,31.819999694824220,31.819999694824220,200,,,,,27.762882232666016,,,0.1513154207513472,0.10592308934953143,0.12093114481854841,0.1654126438764315,,,,,,,,,,,,27.939382773416554,32.02229315652034,28.39290409815858,32.54359800280824,28.720745437017484,33.01297617308755,29.176426618336066,34.18799493561751,,,,,-0.001350444104450548,-0.22649326525892022,-0.26454308426735196,-0.1218667557348244,-0.14692679066824543,32.01548411246897,31.935314502149964,27.910160064697266,31.988800048828125,28.49096152895973,32.654476165771484,28.571009681338357,32.74622205703977,30.251819133758545,35.416357206919834,0E-15
2023-03-20,,,,,,,31.889999389648438,31.889999389648438,31.790000915527344,31.790000915527344,900,,,,,27.736707687377930,,,0.1546962969505834,0.1052476941587721,0.11866599430483767,0.1654129685470507,,,,,,,,,,,,27.87182441140368,31.944862409522674,28.333249878996703,32.475089176691796,28.68999425734125,32.974758196288796,29.165045441016236,34.16903846115039,,,,,-0.0009432338965529919,-0.24851392864927035,-0.2894160195782973,-0.14719619031771358,-0.1754246364502558,31.588457088858306,31.510630899557537,27.774922943115236,31.833800506591796,28.432379586356028,32.58733331589472,28.552991897340807,32.72557128421844,30.236850632561577,35.39310323624384,-0.099998474121094
2023-03-21,,,,,,,31.908000946044922,31.908000946044922,31.908000946044922,31.908000946044922,100,,,,,27.839664459228516,,,0.031827588403161834,0.10699276812169241,0.11898238820519817,0.16538231648915527,,,,,,,,,,,,27.861104427345293,31.93257525503009,28.288378477199597,32.423535701178444,28.663421451150228,32.941422032218675,29.154568121002107,34.15116464680173,,,,,0.003705059745783495,-0.2547214417715864,-0.29619206595353376,-0.16870124060848815,-0.19957812235091138,35.24705965609991,35.16304591702646,27.785044479370118,31.845400619506837,28.383270445324126,32.53104763939267,28.536760693504696,32.70696809556749,30.221692948114303,35.3696032327319,0E-15
2023-03-22,,,,,,,31.986000061035156,31.986000061035156,31.930000305175780,31.930000305175780,800,,,,,27.858860015869140,,,0.0315627596839818,0.10721463491794861,0.11803985970879322,0.16530103693287748,,,,,,,,,,,,27.860356290186573,31.931716938411988,28.249331344351372,32.37866884699638,28.638278906297693,32.90981510324858,29.144325369182873,34.13360603540548,,,,,0.0006892662806237284,-0.2551508000496874,-0.2963705914056973,-0.185991152496728,-0.21893661616186857,35.9349786510678,35.84990375674413,27.799702835083007,31.86220054626465,28.335490907941544,32.47628566196987,28.524490326169936,32.69290457831489,30.20733871157207,35.34705958290706,-0.055999755859376
2023-03-23,,,,,,,31.979999542236328,31.979999542236328,31.979999542236328,31.979999542236328,300,,,,,27.902482986450195,,,0.032413904783491945,0.10530490940665592,0.1172330487641557,0.16493356215500501,,,,,,,,,,,,27.874398522274447,31.947811139686767,28.217799675451268,32.342426182927284,28.615285283802457,32.88075836696695,29.134508433350994,34.116581478147225,,,,,0.001564631593560774,-0.24909959534885928,-0.289144476009767,-0.19861284106715427,-0.23297818813144827,37.55847209113596,37.47120001609358,27.82011947631836,31.885600280761718,28.300590969267347,32.436285654703774,28.516291633484855,32.68350776793465,30.191815906100803,35.32311117081415,0E-15
2023-03-24,,,,,,,31.860000610351562,31.860000610351562,31.860000610351562,31.860000610351562,200,,,,,27.797786712646484,,,0.04444632386780642,0.1056672197918361,0.11740270135317639,0.16495853698863538,,,,,,,,,,,,27.84886125239846,31.9185409632417,28.179616678832648,32.298569312693125,28.589738453453833,32.84885968707272,29.123941463226846,34.09874289421208,,,,,-0.0037592779233590655,-0.24987172068327723,-0.2897604602116246,-0.20886461699037887,-0.24433464254748352,35.249677066572744,35.173569461128906,27.827100372314455,31.893600463867188,28.262367611839657,32.39247621808733,28.505946386428107,32.67165065947033,30.176133345043848,35.29899212670705,0E-15
2023-03-27,,,,,,,31.790000915527344,31.909999847412110,31.680000305175780,31.889999389648438,1300,,,,,27.823957443237305,,,0.04325295179633066,0.10227189444905478,0.11688750311300701,0.16422083621082653,,,,,,,,,,,,27.840559982678077,31.90902710537728,28.147284021051256,32.26142659241634,28.565807796884567,32.81889530277821,29.113664909709144,34.0812824712511,,,,,0.0009410252382132522,-0.24554142759976827,-0.2845478903949683,-0.21619997911225675,-0.25237729211698046,36.303726051445224,36.22634262649576,27.844550323486327,31.913600158691406,28.23743911016555,32.363904680524556,28.49867554316445,32.6633173019167,30.158641754634797,35.272706410241504,0.099998474121094
2023-03-28,,,,,,,31.719999313354492,31.959999084472656,31.719999313354492,31.959999084472656,400,,,,,27.885032653808594,,,0.03741328371769071,0.10155836473323279,0.11690302606943677,0.16424416724117377,,,,,,,,,,,,27.855384206388248,31.926017765075738,28.12344298766556,32.23402409169419,28.544533573663443,32.79205479595616,29.10395240175736,34.064513432620444,,,,,0.0021926527454295243,-0.23447845835657688,-0.2716372359327508,-0.21985567496112077,-0.2562292808801345,38.807254905853426,38.7268611327597,27.853623962402345,31.923999786376953,28.210433142525808,32.332952226911274,28.49147400023445,32.655063326396636,30.14143901401096,35.24675402565608,0.239999771118164
2023-03-29,,,,,,,31.709999084472656,31.833999633789062,31.709999084472656,31.833999633789062,200,,,,,27.775096893310547,,,0.047666187535734296,0.10019904263738127,0.11498326145058614,0.16421742469053296,,,,,,,,,,,,27.82862176869568,31.895345054646846,28.09177516090601,32.19765823188463,28.520488677402415,32.76211557213844,29.09344761512932,34.04688091247158,,,,,-0.003950256830175867,-0.23190857493390382,-0.2684777080076728,-0.22226625495567737,-0.2586789663056422,36.05985872908945,35.99131729017638,27.836871337890624,31.90479965209961,28.1723754519508,32.289333161853605,28.477694072420636,32.6392696925572,30.12330188448467,35.21970639910017,0.124000549316406
2023-03-30,,,,,,,32.130001068115234,32.130001068115234,32.130001068115234,32.130001068115234,200,,,,,28.033359527587890,,,0.0857490052706948,0.10630239360006369,0.11643556739324148,0.1638502301755207,,,,,,,,,,,,27.896867688326417,31.973563725802975,28.086464648786183,32.191507580632866,28.50526589147071,32.74236199388771,29.085067472144804,34.03172771212093,,,,,0.009255388679431027,-0.20665015327938718,-0.2393300693394167,-0.21914303462041934,-0.2548091869123971,45.77245970288689,45.69584280735445,27.863046646118164,31.93479995727539,28.151394162859237,32.26528567359561,28.466684038676913,32.62665067400251,30.104363047887407,35.19165084475563,0E-15
2023-03-31,,,,,,,32.180000305175780,32.189998626708984,32.119998931884766,32.119998931884766,8000,,,,,28.024631500244140,,,0.07689146370176003,0.10188784689405415,0.11558950874055171,0.16384432120652312,,,,,,,,,,,,27.939455625632323,32.02237546116357,28.08084345346418,32.185006794383035,28.49024606674488,32.72291314820012,29.0766845790863,34.016615231644764,,,,,-0.00031139280071389093,-0.18520205697600645,-0.2145640833089999,-0.21235483909153677,-0.24676016619171764,45.520801517485815,45.44511284459928,27.908415603637696,31.98679962158203,28.1196102868943,32.2288571312314,28.452557881673176,32.61046019054594,30.08565528809078,35.16387306697785,-0.060001373291014
2023-04-03,,,,,,,32.270000457763670,32.270000457763670,32.208000183105470,32.208000183105470,200,,,,,28.101411819458008,,,0.07694076132612733,0.10080292202050026,0.11549310936595973,0.1638527297369566,,,,,,,,,,,,27.99344102357422,32.08425036847754,28.082713304918162,32.18709710244872,28.478094996517168,32.70682211804092,29.068974913002283,34.0023178794824,,,,,0.0027359978565604025,-0.1601625024195421,-0.1856953154292853,-0.20191637175713784,-0.2345471960392312,48.21794818372163,48.14119318492051,27.963906478881835,32.05039978027344,28.085250309535436,32.18947619483585,28.441658625527033,32.597968146914525,30.066953318459646,35.136087357051785,-0.062000274658200
2023-04-04,,,,,,,32.159999847412110,32.209999084472656,32.050998687744140,32.050998687744140,6900,,,,,27.964429855346680,,,0.09088423877264361,0.10160598596804568,0.10128483553880306,0.1638950276947605,,,,,,,,,,,,27.98377063416504,32.073166474899736,28.071960264048027,32.174724519293754,28.462042960855587,32.686327635844144,29.06024333151884,33.98689243132636,,,,,-0.004886477490988969,-0.14964674026116498,-0.173485484778233,-0.19146244545794325,-0.22233485378703155,44.02982918047091,43.96653402275028,27.979785919189453,32.068599700927734,28.046444938296364,32.14499991280692,28.44125693184989,32.597507779560395,30.047518487960573,35.107452437991185,-0.109001159667970
2023-04-05,,,,,,,31.959999084472656,31.959999084472656,31.959999084472656,31.959999084472656,300,,,,,27.885032653808594,,,0.08770063993321305,0.10022916897466534,0.10125157671589095,0.16383622115457525,,,,,,,,,,,,27.950857974046226,32.03544401142405,28.054966844935354,32.155204025219106,28.44401138876037,32.66362986861378,29.05095312853299,33.97086955901922,,,,,-0.002843259414112763,-0.14603619920266908,-0.16920156319260826,-0.18237719620688841,-0.2117081956681469,41.765426313852764,41.70890117479304,28.001773071289062,32.09379959106445,28.01237614949544,32.10595230829148,28.44097994244288,32.59719031197684,30.028489218817818,35.07931751675076,0E-15
2023-04-06,,,,,,,32.034999847412110,32.130001068115234,32.034999847412110,32.130001068115234,400,,,,,28.033359527587890,,,0.065302359706463,0.09798112693998015,0.10179304646483578,0.1639425501275358,,,,,,,,,,,,27.978358491893445,32.066963030321105,28.05300254335831,32.15291284730058,28.43117851809873,32.646953968598204,29.042908910343698,33.95631723893302,,,,,0.005305131849255106,-0.12971085432028318,-0.15035557962904988,-0.17184392782956737,-0.19943767246032748,47.225860620150485,47.16693319304813,28.001773071289062,32.09379959106445,27.97498348781041,32.06309527442569,28.44264190916031,32.59909511747814,30.010048548380535,35.051857206556534,0.095001220703124
2023-04-10,,,,,,,31.569999694824220,31.850000381469727,31.360000610351562,31.370000839233400,1100,,,,,27.370260238647460,,,0.18255397618729852,0.12466289564866785,0.11047370407940452,0.1654067447065419,,,,,,,,,,,,27.775659074144784,31.83464229995854,27.99093506111187,32.08173902838538,28.398024821865878,32.607049183305556,29.029686391199856,33.93587205000259,,,,,-0.023938181528422368,-0.16833896494818745,-0.19450355287747811,-0.17114293525329138,-0.1984508485437576,32.537487351629814,32.511113840611245,27.870898818969728,31.94379997253418,27.91473960876465,31.994047709873744,28.429208240811786,32.58369830298045,29.988046653687007,35.02026990103343,-0.199998855590820
2023-04-11,,,,,,,31.840000152587890,31.840000152587890,31.840000152587890,31.840000152587890,100,,,,,27.780334472656250,,,0.22837909169863155,0.13788021117831076,0.11448878243918251,0.16554066613538046,,,,,,,,,,,,27.777217540315274,31.836428250834988,27.97178955307045,32.05976276694924,28.378721998453077,32.583078901095625,29.019810091448523,33.91930389271077,,,,,0.014871346127489516,-0.16397228691581134,-0.18938303338426365,-0.16970880558579537,-0.19663728551185883,44.11372836993489,44.082566384991814,27.806683349609376,31.870199966430665,27.87443851289295,31.94785717555455,28.420995712280273,32.57428562830365,29.965911918216282,34.98844450239151,0E-15
2023-04-12,,,,,,,32.200000762939450,32.220001220703125,32.139999389648440,32.220001220703125,700,,,,,28.111885070800780,,,0.24664899356161735,0.14334890813210832,0.11530429279543443,0.16600552947283725,,,,,,,,,,,,27.88877338381044,31.9642859074577,27.98452550922775,32.07432989910868,28.370383344463942,32.57173272358336,29.012632818558025,33.905870670007154,,,,,0.011864065869033739,-0.13223398960921529,-0.15289954363669267,-0.16221384239047937,-0.18788973713682558,51.37825915809771,51.34606511399629,27.836174392700194,31.90400047302246,27.860104787917365,31.931428727649507,28.41362798781622,32.56584122067406,29.945458177536253,34.95856355485462,0.020000457763675
2023-04-13,,,,,,,32.286998748779300,32.286998748779300,32.286998748779300,32.286998748779300,100,,,,,28.170335769653320,,,0.24421525799280638,0.11979030297292272,0.11517857840785864,0.16601299137161415,,,,,,,,,,,,27.982627512424735,32.0718568545649,28.001417351084623,32.093663430896925,28.36413185775111,32.56283478687073,29.005974343863127,33.893073263515234,,,,,0.0020770580475879385,-0.10119812839662146,-0.11722863582682663,-0.1500106995917078,-0.1737575168748258,52.549293654680085,52.51716495183618,27.89323501586914,31.96940040588379,27.87826093037923,31.95223817371187,28.408877660357764,32.56039673941476,29.92561830793108,34.92940482639131,0E-15
2023-04-14,,,,,,,32.290000915527344,32.290000915527344,32.284999847412110,32.284999847412110,200,,,,,28.168596267700195,,,0.24265619882876027,0.11978531008930006,0.11348351985197282,0.16600439892188174,,,,,,,,,,,,28.044617097516554,32.1429045188473,28.01661543441331,32.11105765058012,28.35802137056202,32.55415244501265,28.999354754328245,33.88036122070019,,,,,-0.00006175132863809979,-0.07586779138134148,-0.08810486103270421,-0.13518211794963453,-0.1566269857064015,52.508762323989956,52.47658058745064,27.9202823638916,32.000400161743165,27.896500360398065,31.973142896379745,28.40853146144322,32.55999988979764,29.905622066013397,34.90005958647955,-0.005001068115234
2023-04-17,,,,,,,32.610000610351560,32.860000610351560,32.569999694824220,32.715000152587890,18500,,,,,28.543769836425780,,,0.10906053977013694,0.12745713822757074,0.11641555989688715,0.16647037752349125,,,,,,,,,,,,28.21100134381963,32.333603063427496,28.06453856186899,32.16596151439901,28.363826010120263,32.55917893587438,28.995753292526643,33.8711488802408,,,,,0.013230943004942607,-0.025229119674666123,-0.029981026111222775,-0.11319151829464084,-0.13129779378736575,59.72416438662007,59.692693711648076,28.154984283447266,32.26940002441406,27.93189893450056,32.01371429080055,28.412893931070965,32.56499986799936,29.88638398760841,34.87154767626808,0.104999542236330
2023-04-18,,,,,,,32.900001525878906,32.900001525878906,32.880001068115234,32.889999389648440,28000,,,,,28.696455001831055,,,0.09326007989798323,0.12783755431950408,0.11663684383093491,0.16651765852309547,,,,,,,,,,,,28.37281922982344,32.519068505501146,28.12198551095645,32.23178313942169,28.374220666111224,32.56951707505482,28.993387298133793,33.863392757785526,,,,,0.005334903137436062,0.02691257784493928,0.029859308206560797,-0.08517069906672482,-0.09906637338858043,62.238621220671995,62.2077650177631,28.338208389282226,32.479399871826175,27.976354780651274,32.06466665722075,28.417921157110307,32.57076175629147,29.868415999034095,34.844523861294704,-0.010002136230466
2023-04-19,,,,,,,32.659999847412110,32.750000000000000,32.479999542236330,32.700000762939450,2500,,,,,28.530683517456055,,,0.11159289750741577,0.1301250320651579,0.11703421217065656,0.1665595661215309,,,,,,,,,,,,28.42544065903431,32.579379257980584,28.159139875183687,32.2743483779233,28.37911013021575,32.57359469030121,28.98972956073713,33.854195983122715,,,,,-0.005793473248231847,0.05423370304155739,0.06124589839663486,-0.05728981864506837,-0.06700391903153738,58.00453915525766,57.97788648096727,28.421968078613283,32.575399780273436,28.014163153512136,32.107999983287996,28.42184048607236,32.575253834800115,29.849391702621702,34.816269897279284,0.040000915527340
2023-04-20,,,,,,,32.860000610351560,32.950000762939450,32.773998260498050,32.935001373291016,5500,,,,,28.735721588134766,,,0.11485458257894321,0.13145895067073995,0.11787260599447562,0.16655505367345044,,,,,,,,,,,,28.528867635401127,32.69791996308406,28.211556394542875,32.33440774113855,28.39025423827572,32.584888649144645,28.987721592574264,33.846929622570684,,,,,0.007160880675690177,0.09137740844300168,0.10388506021580923,-0.027556373227454363,-0.032826123182068054,61.49384344326851,61.46776795081998,28.53504524230957,32.70500030517578,28.05683254060291,32.15690476553781,28.42876506987072,32.58319034273662,29.830217944251167,34.7877976780846,0.075000762939456
2023-04-21,,,,,,,32.970001220703125,32.988998413085940,32.970001220703125,32.970001220703125,8700,,,,,28.766260147094727,,,0.11262183141959166,0.13143601311691774,0.1171407825928765,0.16654674925546106,,,,,,,,,,,,28.607998472632328,32.78861371562375,28.261984008411225,32.39218896655351,28.402004422926314,32.59692341700585,28.985970909210792,33.839997382239716,,,,,0.00106217423850704,0.12187338850711882,0.1388999462185012,0.0023295791194602724,0.0015190906980457977,62.000269135081815,61.97428264059107,28.654578018188477,32.842000579833986,28.10004207066127,32.20642861865816,28.43312763032459,32.588190381489106,29.81093288603283,34.75918657060654,0E-15
2023-04-24,,,,,,,32.990001678466800,33.020000457763670,32.884998321533200,32.884998321533200,6100,,,,,28.692092895507812,,,0.08538514052972862,0.13220330791536591,0.11174953972707306,0.16635858450371682,,,,,,,,,,,,28.636029946924157,32.820741917593566,28.301084816329098,32.43698981700621,28.411069687694486,32.605925757772326,28.98364776285741,33.832447982550335,,,,,-0.0025816017637536742,0.13846090394634558,0.15796949803932137,0.029555844084837333,0.032809172166300915,59.93850126993536,59.91435925502996,28.68424263000488,32.876000213623044,28.13764254252116,32.24952379862467,28.428280451941113,32.5826347896031,29.792515875801207,34.731627032870335,-0.105003356933600
2023-04-25,,,,,,,32.790000915527344,32.790000915527344,32.744998931884766,32.744998931884766,400,,,,,28.569940567016600,,,0.08207802887622943,0.13246067320081248,0.11202660115975553,0.1663397914465587,,,,,,,,,,,,28.61400015362164,32.795494255690635,28.32552624820978,32.46499064563153,28.4160344026733,32.61027179446334,28.980377350242065,33.82385154736721,,,,,-0.00426643995662541,0.1401345732689947,0.15994176541372696,0.05167158992166881,0.05823569081578612,56.600106526019516,56.57878753333134,28.65893974304199,32.84700012207031,28.17441177368164,32.291666575840544,28.422117505754745,32.575571302383665,29.774278330424476,34.70430559582181,-0.045001983642578
2023-04-26,,,,,,,33.000000000000000,33.069999694824220,33.000000000000000,33.034999847412110,400,,,,,28.822971343994140,,,0.09196435276203445,0.1349745160815719,0.113182078368826,0.16556044849953994,,,,,,,,,,,,28.683657217079137,32.875329452931126,28.37074852964472,32.51680966397522,28.428751182089577,32.62354454611799,28.97913303398714,33.81761556554938,,,,,0.008817549344036089,0.16003366878472747,0.18279826712617364,0.07334400569428054,0.08314820607786362,61.396499700002984,61.37566170416073,28.71739730834961,32.91399993896484,28.22198386419387,32.346190407162624,28.421840576898482,32.575253834800115,29.754653786856032,34.675277823493595,0.034999847412110
2023-04-27,,,,,,,33.000000000000000,33.299999237060550,33.000000000000000,33.299999237060550,200,,,,,29.054178237915040,,,0.09501020274537253,0.13673441628931401,0.11429140963186235,0.1656707202891779,,,,,,,,,,,,28.80716422402444,33.01688604764093,28.432878503123842,32.58800871607389,28.448295777584125,32.64468375520994,28.97972627670594,33.813523736865676,,,,,0.007989616817497304,0.19224423750687336,0.21976216402809712,0.09712405205679911,0.11047099766791033,65.18293377594186,65.16294665218958,28.781088638305665,32.98699951171875,28.277657463437034,32.409999938238236,28.42474885970827,32.57858715360127,29.736843366471547,34.6483730512952,0.299999237060550
2023-04-28,,,,,,,33.189998626708984,33.400001525878906,33.139999389648440,33.400001525878906,6000,,,,,29.141431808471680,,,0.09453713774088732,0.13506117265239526,0.1139311112539756,0.16570911766825622,,,,,,,,,,,,28.918586752173518,33.144591207053594,28.497292439973645,32.66182624423798,28.46995627854936,32.66828743554335,28.981004581304877,33.8102547865812,,,,,0.002998632916387738,0.2222500193420558,0.2541954605489849,0.12214924551385044,0.13921589024412523,66.5176435541134,66.49796687105145,28.856122970581055,33.07299957275391,28.34272103082566,32.48457145690918,28.43139654492575,32.58620625450497,29.71943898428054,34.62193654832386,0.210002899169922
2023-05-01,,,,,,,32.994998931884766,33.119998931884766,32.994998931884766,33.060001373291016,1000,,,,,28.844781875610350,,,0.12989815482751527,0.139199069676813,0.11398925618490725,0.1658719525384555,,,,,,,,,,,,28.893985126652463,33.1163945957994,28.528882388667892,32.6980239832428,28.481669578457517,32.68052849609796,28.979927721971322,33.80432392955914,,,,,-0.010231829327731914,0.21956167691239514,0.2511537808583455,0.1416317317935594,0.1616034683669693,58.330438965151025,58.31549945833554,28.886660766601562,33.10800018310547,28.3813601902553,32.52885718572708,28.43790569002666,32.59366659134153,29.700100217546737,34.593246073949906,0.065002441406250
2023-05-02,,,,,,,32.990001678466800,33.000000000000000,32.689998626708984,32.880001068115234,34200,,,,,28.687732696533203,,,0.1332148686904194,0.1411066636422649,0.11397361304247113,0.16582536751233068,,,,,,,,,,,,28.82523431661271,33.03759675323801,28.543323325746556,32.71456735459484,28.488109050897382,32.6867620139735,28.977617879872998,33.79701702946868,,,,,-0.005459506518414875,0.20242515870736355,0.23154954842734554,0.15379041717632022,0.17559268437904454,54.505576489904115,54.49260507091416,28.910219192504883,33.13500061035156,28.41293643769764,32.56504776364281,28.43929069761246,32.595253929259286,29.681051541888525,34.564932588546995,-0.110000610351566
2023-05-03,,,,,,,32.396999359130860,32.396999359130860,32.396999359130860,32.396999359130860,100,,,,,28.266315460205078,,,0.14854787189211557,0.15127396455738448,0.1166280680084886,0.16642994152409013,,,,,,,,,,,,28.6389280311435,32.824064288535624,28.518140792515513,32.68569753682539,28.481178001188248,32.677706931009666,28.971994935844002,33.78594969610632,,,,,-0.014798769918196555,0.15307494287146284,0.17502131491225725,0.15364732231534875,0.17547841048568708,45.82271782971945,45.813719498113,28.79888801574707,33.00740051269531,28.420788992018927,32.57404772440592,28.430385680425736,32.58504755534823,29.660496590629457,34.53490083936661,0E-15
2023-05-04,,,,,,,32.549999237060550,32.549999237060550,32.549999237060550,32.549999237060550,100,,,,,28.399805068969727,,,0.13302985461075045,0.15079782683420545,0.11703714947028442,0.1665017254135089,,,,,,,,,,,,28.559220377085573,32.73270927137727,28.507382999465896,32.673361327755856,28.47863509705642,32.67371606557376,28.967471695789662,33.776179336746274,,,,,0.004711452079269108,0.12331454378044171,0.14094338643856474,0.14758076660836733,0.1685714056762626,48.615114041460984,48.6060418879855,28.66801338195801,32.857400512695314,28.441521145048597,32.597809655325754,28.423184076944988,32.57679357982817,29.640853299034966,34.50593258842589,0E-15
2023-05-05,,,,,,,32.750000000000000,32.750000000000000,32.694999694824220,32.694999694824220,300,,,,,28.526317596435547,,,0.13848803953858796,0.15073179107150936,0.117029157431904,0.16642579313976802,,,,,,,,,,,,28.548252783535567,32.72013941252625,28.509104326463135,32.6753284520348,28.480125175162016,32.67438117898784,28.963984311605042,33.767632462106576,,,,,0.004444804241952385,0.10868486527300547,0.12420495037406454,0.13980158634129497,0.159698114615823,51.18314568869663,51.17401349117791,28.54499053955078,32.716400146484375,28.472058523268927,32.63280968439011,28.420206463526167,32.57338087899344,29.620848572443403,34.47650798161825,-0.055000305175780
2023-05-08,,,,,,,32.508998870849610,32.508998870849610,32.508998870849610,32.508998870849610,100,,,,,28.364032745361328,,,0.12965125295306418,0.151668215542258,0.1172180831464665,0.16639860968885348,,,,,,,,,,,,28.486846104144153,32.64975923196737,28.495916000908426,32.660207581017964,28.476497286730744,32.669212981858514,28.959241611476635,33.75768278944842,,,,,-0.005705195706709315,0.08303849239348082,0.09483767746660021,0.12844896755173213,0.14672602718597844,47.8777187927012,47.869786891559514,28.448840713500978,32.60619964599609,28.487804866972425,32.65085719880604,28.41271406506735,32.56479357159327,29.599505795372856,34.44551591267661,0E-15
2023-05-09,,,,,,,32.310001373291016,32.310001373291016,32.284999847412110,32.284999847412110,200,,,,,28.168596267700195,,,0.1315318698033428,0.126379907937796,0.11760111181679223,0.1663899583518616,,,,,,,,,,,,28.3807628253295,32.528172770448954,28.46615966152586,32.626097787053794,28.46687537988604,32.65720632140707,28.952991450656267,33.74604102706078,,,,,-0.006914140016054614,0.04640849841639749,0.0528794910971655,0.1120408737246652,0.12795671996821587,44.17760500918615,44.17088836088321,28.345013427734376,32.48719940185547,28.525820868355886,32.69442858014788,28.40018057444739,32.55042851160443,29.57662031385634,34.412718296051025,-0.025001525878906
2023-05-10,,,,,,,32.569999694824220,32.569999694824220,32.470001220703125,32.485000610351560,400,,,,,28.343093872070312,,,0.10007730948538587,0.11798512817159852,0.11648997625017189,0.16653030173244424,,,,,,,,,,,,28.36820650757644,32.51378205041649,28.454971862484445,32.613270770989956,28.463007207766797,32.65182489293658,28.948170125924364,33.73607232811446,,,,,0.006175648207647663,0.031100950225514623,0.0353581296906782,0.09585288902483509,0.10943700191270832,48.038862842633065,48.0320395481968,28.36036911010742,32.50479965209961,28.55261893499465,32.72514288766043,28.395264126005628,32.5447935982356,29.55466308290996,34.38099607588753,-0.084999084472660
2023-05-11,,,,,,,32.189998626708984,32.189998626708984,32.189998626708984,32.189998626708984,300,,,,,28.085704803466797,,,0.11132969085218822,0.11591539312016612,0.1148494998352504,0.166576298329264,,,,,,,,,,,,28.274039272873225,32.40585424251399,28.421402129846477,32.57479148514623,28.451216507632424,32.63739282211697,28.94135221823695,33.723850401621135,,,,,-0.009122677062244157,-0.0017790311827283745,-0.002305296085786779,0.0763265049833224,0.0870885423130093,43.28306232674789,43.27762075474403,28.297549057006837,32.4327995300293,28.551372255597794,32.723714192708336,28.380445510622057,32.527809476095534,29.532777044508194,34.34940876279558,0E-15
2023-05-12,,,,,,,32.169998168945310,32.245998382568360,32.029998779296875,32.029998779296875,1300,,,,,27.946105957031250,,,0.09461366930672306,0.11686344224052057,0.11508283960094966,0.16502858633525946,,,,,,,,,,,,28.164728167592568,32.28056908810828,28.378193386863277,32.52526487552356,28.435431802926136,32.61841175827884,28.933484658859832,33.710460270219365,,,,,-0.00498285289660602,-0.03865551683153612,-0.04455092751519629,0.05333010062035069,0.06076064834736818,40.9170776164428,40.91225070549941,28.181506729125978,32.29979934692383,28.540694645472936,32.711476098923455,28.364837464832124,32.50992054409451,29.51345878177219,34.3209166980925,-0.139999389648435
2023-05-15,,,,,,,31.549999237060547,31.819999694824220,31.549999237060547,31.819999694824220,2100,,,,,27.762882232666016,,,0.09573693651866647,0.11880336060263419,0.11515670718072925,0.16253398612014275,,,,,,,,,,,,28.03077952261705,32.12704595701359,28.322256009208978,32.46114985909635,28.414414628855507,32.59346138129588,28.92423088473972,33.695515917844695,,,,,-0.006577911068802185,-0.08172296916293931,-0.09389371753874087,0.02631948666369269,0.029829775170146372,37.98239675185144,37.97829410025333,28.061276626586913,32.16199951171875,28.521374929518927,32.68933323451451,28.344049877590603,32.48609515598842,29.497229220375182,34.29615082059588,0.270000457763673
2023-05-16,,,,,,,31.559999465942383,31.559999465942383,31.559999465942383,31.559999465942383,100,,,,,27.536033630371094,,,0.09837192770413647,0.1100354442102868,0.11610448865125697,0.1626970914930329,,,,,,,,,,,,27.86586422520173,31.938030459989857,28.250781247496445,32.37922709608235,28.38696522265287,32.56116569644109,28.91325699340084,33.67863436486523,,,,,-0.008204496281917438,-0.1326301440311468,-0.15222334373534352,-0.005470439475275206,-0.0065808486109516055,34.667166456098194,34.663798283742906,27.934764099121093,32.01699943542481,28.47338749113537,32.63433320181711,28.32052018907335,32.459126911466086,29.479873642088876,34.27008335174076,0E-15
2023-05-17,,,,,,,31.309999465942383,31.309999465942383,31.309999465942383,31.309999465942383,100,,,,,27.317909240722656,,,0.0256386325840772,0.10893604250403865,0.11654431878778582,0.1603551636174087,,,,,,,,,,,,27.683212563708707,31.728686795307365,28.1659747014261,32.282024584251445,28.35355722321755,32.522066751738,28.900645548715637,33.659909978312484,,,,,-0.00795295754212768,-0.18840346432399713,-0.21613147430265656,-0.04205704444501959,-0.04849097374929259,31.793584211523818,31.790805618349083,27.72972717285156,31.78199920654297,28.407742454892112,32.559095110212056,28.29168625483437,32.426079311068094,29.465269043332054,34.24734525075034,0E-15
2023-05-18,,,,,,,31.625000000000000,31.625000000000000,31.625000000000000,31.625000000000000,100,,,,,27.592748641967773,,,0.12197537651181763,0.11614902671421687,0.11819361548669488,0.15992395006240406,,,,,,,,,,,,27.653057923128394,31.69412453020491,28.113863241475343,32.222295076592225,28.329781955053495,32.49403341574619,28.89030644273344,33.64382373342464,,,,,0.010010504589877928,-0.20802895147036082,-0.23861066249406804,-0.07525142585008783,-0.08651491149824768,38.68960908127342,38.68639204194425,27.631135940551758,31.668999481201173,28.36307888939267,32.50790459769113,28.269873876420277,32.401079298957946,29.44986543201265,34.223599214402455,0E-15
2023-05-19,,,,,,,31.639999389648438,31.639999389648438,31.639999389648438,31.639999389648438,300,,,,,27.605831146240234,,,0.12404748753564176,0.11203689764528384,0.11810476713664224,0.15955488189034642,,,,,,,,,,,,27.637315664165676,31.676082816686087,28.06767850554488,32.16935910505188,28.30715849227808,32.467344852430635,28.88015248782045,33.627983224778184,,,,,0.0004740159825712677,-0.21999072651235352,-0.25230681973767943,-0.10419928598254097,-0.11967329314613404,39.00573432186086,39.00260999193685,27.563080978393554,31.590999603271484,28.309274582635787,32.44623783656529,28.249792522854275,32.378063413831924,29.4332152472602,34.19836111674233,0E-15
2023-05-22,,,,,,,31.534999847412110,31.534999847412110,31.534999847412110,31.534999847412110,100,,,,,27.514221191406250,,,0.11928566640209906,0.11160013081750443,0.11821680794837006,0.15954091882696342,,,,,,,,,,,,27.596284173245866,31.629055160261426,28.01736420425955,32.11169008163008,28.282379201625837,32.438209071023806,28.86935461195947,33.611437901636954,,,,,-0.003324018584867199,-0.23416338738372033,-0.268538167731009,-0.13019210626277686,-0.14944626806310904,37.545833656448686,37.54293434613748,27.5133487701416,31.533999633789062,28.249653679983957,32.377904437837145,28.22839555286226,32.353539572821724,29.415836228264702,34.17226984387352,0E-15
2023-05-23,,,,,,,31.274000167846680,31.290000915527344,31.274000167846680,31.290000915527344,100,,,,,27.300464630126953,,,0.11794202680978852,0.11332297996569628,0.1181945191035658,0.1597011404879985,,,,,,,,,,,,27.497677658872895,31.5160370786834,27.95219151570204,32.036991066529836,28.251694371266495,32.402327566164544,28.856952319612965,33.593086621114345,,,,,-0.007799283772998467,-0.2596506007908772,-0.2977388461356085,-0.15608380516839693,-0.17910478367760893,34.318223216593054,34.315791558396434,27.466234970092774,31.479999923706053,28.183385667346773,32.30195218040829,28.20720639304509,32.32925387791225,29.397804918743315,34.145440487634566,0.016000747680664
2023-05-24,,,,,,,31.409999847412110,31.500000000000000,31.200000762939453,31.500000000000000,5000,,,,,27.483684539794922,,,0.11494846003589572,0.11729479698661453,0.11912357490422018,0.15854729334739068,,,,,,,,,,,,27.493013285846903,31.510691385788935,27.909599972437757,31.988173696845305,28.22769406403301,32.3741298297219,28.846096447835748,33.576540481817,,,,,0.006688817680032616,-0.2620444008282057,-0.30047177152446736,-0.17727592430035868,-0.20337818124698062,39.14702180752681,39.144466139880564,27.499390029907225,31.518000030517577,28.131659189860027,32.24266651698521,28.18947952512711,32.30893643697103,29.383127553122385,34.12258335143801,0.090000152587890
2023-05-25,,,,,,,31.290000915527344,31.290000915527344,31.270000457763672,31.270000457763672,1000,,,,,27.283008575439453,,,0.09559726680068012,0.11201640915408713,0.1187249639030581,0.15733704646964505,,,,,,,,,,,,27.423011715711088,31.43046107644718,27.852637118165184,31.922885220565156,28.19817264251446,32.33962578684821,28.833740021967003,33.558306963840295,,,,,-0.007328427226932197,-0.27694196324673825,-0.317536314483025,-0.1972091320896346,-0.22620980789418949,36.02321579885833,36.02113114242369,27.437442016601562,31.447000122070314,28.05832762945266,32.15861892700195,28.172583534604026,32.289571338229706,29.370244215405176,34.10190875189645,-0.020000457763672
2023-05-26,,,,,,,31.489999771118164,31.489999771118164,31.489999771118164,31.489999771118164,100,,,,,27.474956512451172,,,0.11637187638944829,0.11089457329300292,0.11939787368551165,0.15721607902263474,,,,,,,,,,,,27.440326647957782,31.450307308004174,27.818302517645726,31.883531997888156,28.175572138449983,32.313074973856644,28.82299865035028,33.54195670935237,,,,,0.007010805566351889,-0.27014572272189596,-0.30973752041392544,-0.21179645021608687,-0.24291535039813666,40.882519248220426,40.8802737452277,27.41126708984375,31.417000198364256,27.98312659490676,32.07242847624279,28.15707240028987,32.27179354713077,29.357000086042618,34.08076589069669,0E-15
2023-05-30,,,,,,,31.750000000000000,31.750000000000000,31.649999618530273,31.649999618530273,100,,,,,27.614559173583984,,,0.1207566812800618,0.11244639256563269,0.11953727135142779,0.15702912268465694,,,,,,,,,,,,27.49840415649985,31.516871411512874,27.799780395458296,31.862301781582893,28.15804048329792,32.292353869002696,28.813445769111016,33.52700052681623,,,,,0.005068222445738255,-0.25060605449700546,-0.28733406121678584,-0.21955837107227058,-0.2517990925618665,44.20196409681245,44.19955227816747,27.431334686279296,31.440000152587892,27.910418374197825,31.989095052083332,28.141838285658096,32.254333223615376,29.343207359313965,34.058940486302454,-0.100000381469727
2023-05-31,,,,,,,31.379999160766600,31.629999160766600,31.260000228881836,31.629999160766600,23300,,,,,27.597108840942383,,,0.09731619193757607,0.109063270976743,0.11938454446408905,0.15693887145072055,,,,,,,,,,,,27.531305717980693,31.554580661264115,27.781355708684124,31.841183361508683,28.14051136947431,32.27165528437032,28.80383045742589,33.51200446858659,,,,,-0.0006321248333986473,-0.23383333750022928,-0.268102509345848,-0.22241336435786233,-0.2550597759186628,43.87036337533972,43.8679907924453,27.490663528442383,31.50799980163574,27.851005372546968,31.92099970862979,28.127919908553835,32.23838085598416,29.32874762065827,34.03632142808702,0.250000000000000
2023-06-01,,,,,,,31.569999694824220,31.750000000000000,31.569999694824220,31.750000000000000,1600,,,,,27.701808929443360,,,0.09077124858669282,0.11017819923865634,0.11856547709961235,0.15474558389541776,,,,,,,,,,,,27.588140121801583,31.619720440842745,27.7741241832986,31.832893965007894,28.126801918223343,32.255353556733745,28.79511882479362,33.49807557950685,,,,,0.0037867002766467333,-0.20967540871919965,-0.24040703840446298,-0.2198657732301298,-0.25212922841582286,46.46536006120328,46.4629450968539,27.53428840637207,31.55799980163574,27.804056621733167,31.867190133957635,28.1122011154417,32.22036500961062,29.311448801131476,34.01028967660571,0.180000305175780
2023-06-02,,,,,,,31.850000381469727,32.000000000000000,31.760000228881836,32.000000000000000,2200,,,,,27.919933319091797,,,0.052998514729742936,0.10391095852520994,0.11932240668374557,0.15482119381550058,,,,,,,,,,,,27.698737854231656,31.746480293895164,27.7873795592798,31.84808542273445,28.120337274500482,32.247373758085814,28.78820036229795,33.48623308480719,,,,,0.007843174233548238,-0.17095855698183016,-0.19602560631757626,-0.21008432998046986,-0.24090850399617353,51.49642780589102,51.49395739997983,27.66167335510254,31.703999710083007,27.787562234061106,31.84828540257045,28.09786717853849,32.203936440604075,29.295955393049454,33.986373008243625,0.149999618530273
2023-06-05,,,,,,,32.080001831054690,32.090000152587890,32.040000915527344,32.047000885009766,500,,,,,27.960939407348633,,,0.05181115525494056,0.10242375624128067,0.11936892648063566,0.15480026321508578,,,,,,,,,,,,27.786138371937312,31.846653824266696,27.803157727286056,31.866168646577663,28.115356091151988,32.24111210580219,28.781660750005862,33.474855755164526,,,,,0.0014676254545240362,-0.13540545462600306,-0.15527056064965805,-0.1951485549095765,-0.22378091532687044,52.402040314330804,52.399610993848114,27.758869934082032,31.81539993286133,27.766663869222004,31.82433310009184,28.084876650855655,32.18904755607484,29.280282633645193,33.962234118628125,-0.033000946044924
2023-06-06,,,,,,,32.084999084472656,32.084999084472656,32.084999084472656,32.084999084472656,200,,,,,27.994094848632812,,,0.05177221564096894,0.10095591658905496,0.1188306987342007,0.15474208091713898,,,,,,,,,,,,27.85545719750248,31.92610224433535,27.820515647408488,31.886062322749932,28.11156667732326,32.23623357388564,28.7754349326037,33.46386874591004,,,,,0.0011850746087581066,-0.10336249929177654,-0.11853930883701835,-0.17679134378601652,-0.2027325940289,53.16349544519415,53.16101543941533,27.834777069091796,31.902399826049805,27.741319928850448,31.795285451979865,28.075251533871604,32.178015814887154,29.26538240341913,33.939011891682945,0E-15
2023-06-07,,,,,,,31.360000610351562,31.360000610351562,31.215000152587890,31.215000152587890,800,,,,,27.827388763427734,,,0.07987787866097716,0.10112066159368677,0.11824423741816098,0.15374602545900729,,,,,,,,,,,,27.846101052810898,31.689068213752865,27.82114047613751,31.82505667091702,28.102686117514025,32.20432002947008,28.767940496483735,33.44609112857153,,,,,-0.005972846653994552,-0.0903781906640333,-0.15781201142661772,-0.15950871316161988,-0.19374847750844357,48.925391412192454,38.12444430687491,27.880833053588866,31.819400024414062,27.715765453520277,31.733666465395974,28.059517936101035,32.1492063128759,29.252168594844758,33.91514284648593,-0.145000457763672
2023-06-08,,,,,,,31.339000701904297,31.339000701904297,31.339000701904297,31.339000701904297,100,,,,,27.937932968139650,,,0.0801854440227234,0.09999719471068906,0.11798325622251356,0.15380774575521727,,,,,,,,,,,,27.876711691253814,31.572379043136674,27.831757975410433,31.780869764643136,28.09753758159608,32.177278800483656,28.761379172149,33.429434287254,,,,,0.0039646269787858,-0.07035700728164684,-0.17689101366472215,-0.14167837198562527,-0.19037698473969927,51.6763678174287,40.699027522565984,27.928057861328124,31.73720016479492,27.704781486874534,31.68861888703846,28.04844732133169,32.125698392353364,29.23936020381867,33.89172617594401,0E-15
2023-06-09,,,,,,,31.340000152587890,31.340000152587890,31.340000152587890,31.340000152587890,300,,,,,27.938823699951172,,,0.05878982793024715,0.09713721138763469,0.11798618183390938,0.1537280420196511,,,,,,,,,,,,27.897415694152933,31.494919412953745,27.841491223095954,31.74079070900175,28.092577772794673,32.15111384273691,28.754876757349017,33.41291702136731,,,,,0.00003188201551822,-0.053798050159123534,-0.18974336962391902,-0.12410230762032491,-0.19025026171654322,51.698943148009654,40.7204374529502,27.9318359375,31.6052001953125,27.685530526297434,31.63409505571638,28.037529324728347,32.102365039643786,29.227219551328627,33.869107125297425,0E-15
2023-06-12,,,,,,,31.399999618530273,31.509000778198242,31.399999618530273,31.509000778198242,200,,,,,28.089483261108400,,,0.06988109724806102,0.09420866887311699,0.1176420808696043,0.15324519832236425,,,,,,,,,,,,27.96143821647142,31.49961320136858,27.86403595382436,31.71971889711052,28.09248106930448,32.131047809470076,28.749616729710752,33.39786630007744,,,,,0.005377993105755726,-0.028192998530254698,-0.18416903028828813,-0.10492044580231087,-0.1890340154308922,55.48683396266513,44.37736712411988,27.95754470825195,31.497600173950197,27.685710452851794,31.601666586739675,28.03239583212232,32.0856031690325,29.217364742642356,33.85210713129195,0.109001159667969
2023-06-13,,,,,,,31.420000076293945,31.530000686645508,31.260000228881836,31.530000686645508,23000,,,,,28.108205795288086,,,0.0698529264675062,0.09245520193929489,0.10880357559022888,0.15307195905959797,,,,,,,,,,,,28.010360742743643,31.509742363127554,27.886233212139242,31.702471787068248,28.092972466991466,32.11226508688181,28.7445462875414,33.38310056400287,,,,,0.0006663097784531866,-0.006317237421729516,-0.17602767167013056,-0.0851998041261946,-0.18643274667873988,55.94915923891,44.83278123215473,27.980366897583007,31.386600494384766,27.693429492768786,31.577857153756277,28.03746168954032,32.0805238087972,29.20850956629193,33.83627379886688,0.110000610351563
2023-06-14,,,,,,,31.530000686645508,31.629999160766600,31.530000686645508,31.629999160766600,14300,,,,,28.197351455688477,,,0.035696616464450485,0.08946792828498562,0.10896493873697653,0.15225994497961545,,,,,,,,,,,,28.072690980391922,31.54982796234057,27.914516688825536,31.69588336649537,28.096234310388247,32.09719427669071,28.740220636696716,33.369242054886385,,,,,0.003166498627818284,0.01800521769434482,-0.1596660147411697,-0.06455879976208671,-0.18107940029122585,58.17656388560237,47.05575507331515,28.054359436035156,31.46960029602051,27.714118503388903,31.568809509277344,28.043997931101966,32.077095213390535,29.201960518246604,33.82312300091698,0.099998474121092
2023-06-15,,,,,,,31.750000000000000,32.080001831054690,31.750000000000000,32.080001831054690,9100,,,,,28.598518371582030,,,0.09040651636102498,0.09463395421230984,0.11245276401732468,0.15292758548917149,,,,,,,,,,,,28.24796677745529,31.726552585245276,27.976698659985217,31.730803226909856,28.111930687300553,32.09665701276458,28.7391004606879,33.359050432563606,,,,,0.014126857772171637,0.06885800382301355,-0.10912984812437188,-0.03787543904506666,-0.16668948985785506,66.40822463151417,55.70560275255855,28.186476516723634,31.617800521850587,27.764713014875138,31.593571526663645,28.056666480170357,32.08053967309377,29.19719998041789,33.811988081250874,0.330001831054690
2023-06-16,,,,,,,31.870000839233400,32.099998474121094,31.870000839233400,32.099998474121094,16700,,,,,28.616344451904297,,,0.08857279386765397,0.08791917314460682,0.1123936418357473,0.1527889398954983,,,,,,,,,,,,28.37075933560496,31.85103454820388,28.034848277432406,31.764366431201786,28.12769361744442,32.09676143343197,28.738130057456413,33.349097452654966,,,,,0.0006231276287096242,0.10933724718231375,-0.0666971665916769,-0.00843290179959058,-0.1466910252046194,66.72165773986038,56.04922629662357,28.321980667114257,31.769800186157227,27.826543263026647,31.631190527053107,28.070213499523344,32.08498409816197,29.1917543259878,33.800047594403466,0.229997634887694
2023-06-20,,,,,,,31.950000762939453,32.060001373291016,31.620000839233400,32.029998779296875,24900,,,,,28.553939819335938,,,0.10083848664403808,0.08436488639894217,0.11248480281314707,0.1527681852610526,,,,,,,,,,,,28.431819496848618,31.910689291901548,28.082038417605457,31.78851482648316,28.14101381125353,32.09467510049025,28.736674008143208,33.33866979515807,,,,,-0.0021831151672180105,0.1348275982454581,-0.03827612775184619,0.020219198209419156,-0.12500804571406476,64.45435338195037,54.456619623858224,28.414871978759766,31.873999786376952,27.87231427147275,31.6504761832101,28.083185438125852,32.088793588063076,29.18646438538082,33.78830155115279,0.079998016357422
2023-06-21,,,,,,,31.959999084472656,31.959999084472656,31.959999084472656,31.959999084472656,200,,,,,28.491537094116210,,,0.1073260341231878,0.08532314108648215,0.11241143142594376,0.15277308379758514,,,,,,,,,,,,28.45172536260448,31.92712588942525,28.119265570015525,31.804104304482202,28.15196766384299,32.090466474989704,28.7347361669256,33.3277712124649,,,,,-0.0021878246440356682,0.14828417899540725,-0.02115675813109874,0.04583219436661677,-0.10423778819747156,62.17895308973376,52.8397162429423,28.49153823852539,31.95999946594238,27.91449074518113,31.665714263916016,28.09353262280661,32.0896189553397,29.181136956290594,33.776523764171294,0E-15
2023-06-22,,,,,,,31.992000579833984,31.992000579833984,31.992000579833984,31.992000579833984,200,,,,,28.520067214965820,,,0.10784454580105556,0.08353635627011279,0.11241678500794978,0.1508484283315833,,,,,,,,,,,,28.47450598005826,31.94875078622816,28.155702083192825,31.821185784059637,28.16347077481558,32.08738941576609,28.73303917916307,33.31721176082355,,,,,0.001000853197412486,0.15941314302401466,-0.004950218107321547,0.06854838409809635,-0.08438027417944156,62.82511291146851,53.51917951288865,28.55608139038086,32.03239974975586,27.96238817487444,31.687476203555153,28.104027975173224,32.09060308668349,29.17876317009093,33.76819836904132,0E-15
2023-06-23,,,,,,,31.860000610351562,32.150001525878906,31.860000610351562,32.009998321533200,42500,,,,,28.536109924316406,,,0.025478824537738764,0.07624726419070253,0.1123914474692962,0.1507446699075193,,,,,,,,,,,,28.49504062814431,31.96916663132984,28.190284614204057,31.838350560193597,28.175115748237477,32.08497094407131,28.731482426160333,33.306878057746154,,,,,0.0005623478675829648,0.16759550313110694,0.009239343563752556,0.08835780790469847,-0.06565635063080275,63.205779532890475,53.92126880972987,28.543599700927736,32.01839904785156,28.021228426978702,31.721761794317338,28.114085545615545,32.091079257783434,29.17581241849869,33.759194396791,0.149997711181638
2023-06-26,,,,,,,32.139999389648440,32.150001525878906,32.084999084472656,32.084999084472656,2300,,,,,28.602972030639650,,,0.03204917105491286,0.07442160544946093,0.11214537798457312,0.15063469545654873,,,,,,,,,,,,28.531017762309425,32.00777744904411,28.22780165206184,31.860773153309875,28.188486257062547,32.08497182345885,28.730466533705624,33.297218935427786,,,,,0.002340329405142293,0.1774299931424359,0.026234196690804623,0.10617224495224596,-0.047278241166481265,64.82254340923244,55.64329729891444,28.540925216674804,32.01539916992188,28.074527831304643,31.74961889357794,28.12686626494877,32.09465066213456,29.172411797538636,33.749650735703725,-0.055000305175784
2023-06-27,,,,,,,32.189998626708984,32.330001831054690,32.189998626708984,32.270000457763670,23000,,,,,28.767894744873047,,,0.045934311585956254,0.06744858647260886,0.11264161134417448,0.15039540265815557,,,,,,,,,,,,28.609976756497296,32.0951851186173,28.276901024135586,31.897975635532948,28.206592772306625,32.09075396828088,28.73076240889272,33.28909863125653,,,,,0.005749369943296894,0.19626931160135186,0.05400823166323576,0.12419165828206713,-0.02702094660053786,68.49935624569763,59.64907856413266,28.583716201782227,32.06339950561524,28.145236696515763,31.797237941196986,28.141849396720765,32.10068242512052,29.168469148968892,33.739440425993905,0.080001831054686
2023-06-28,,,,,,,32.069999694824220,32.340000152587890,32.069999694824220,32.180000305175780,3700,,,,,28.687662124633790,,,0.04908174588296319,0.06777966333530773,0.11278365722275573,0.15041142071914712,,,,,,,,,,,,28.63587187920946,32.12345684747012,28.314242942362696,31.923614241864115,28.221626189566848,32.09354291630884,28.73042169518316,33.28033105555629,,,,,-0.0027928603171714066,0.2023924510973636,0.06797353769829684,0.13983181684512644,-0.00802204974077092,64.94308259610946,56.95439249737964,28.62294120788574,32.10739974975586,28.202984582810174,31.830095109485445,28.154589547051323,32.10417450798882,29.164048815530442,33.72868646137298,0.110000610351560
2023-06-29,,,,,,,32.200000762939450,32.200000762939450,32.200000762939450,32.200000762939450,300,,,,,28.705492019653320,,,0.04933585230105418,0.06703665398389588,0.11242868901350773,0.15039795581481674,,,,,,,,,,,,28.659078592690747,32.1489714859599,28.349811040298206,31.9487402892346,28.236746996757052,32.09686972401605,28.730224622649327,33.27179089514034,,,,,0.0006213248203192545,0.20630564373997728,0.0797358676875568,0.15312658222409659,0.009529533744894623,65.37331399677863,57.41480221300586,28.660026168823244,32.148999786376955,28.254933765956334,31.856285640171595,28.16935772365994,32.10998404972137,29.15997036676558,33.71832931609381,0E-15
2023-06-30,,,,,,,32.259998321533200,32.279998779296875,32.090000152587890,32.090000152587890,10900,,,,,28.607427597045900,,,0.0600210740227818,0.06900346616878031,0.1112796524427192,0.15002714078454185,,,,,,,,,,,,28.641861594142465,32.1293143748359,28.37323072727527,31.96158209499399,28.248330765516076,32.09665504990892,28.729253895174203,33.26244867583163,,,,,-0.003422073730062531,0.1991976710013823,0.079267720070618,0.16234079997955375,0.023477171010039297,60.94333213652384,53.99419985763235,28.67428970336914,32.16500015258789,28.303044182913645,31.878190449305944,28.178469915238637,32.10934911455427,29.154214783320352,33.7060277348473,-0.169998168945310
2023-07-03,,,,,,,32.240001678466800,32.240001678466800,31.930000305175780,32.139999389648440,51400,,,,,28.652004241943360,,,0.05875150406538866,0.06858988219491316,0.1112991830113139,0.14969527252191756,,,,,,,,,,,,28.645242476742762,32.132876046440074,28.398573774063276,31.977801849053485,28.26094556165443,32.09800956052578,28.7286432259787,33.2535755589448,,,,,0.0015570065043010364,0.1949146592350246,0.08198614503572443,0.16885557183064792,0.03517896581517632,62.197351549271026,55.297847195358884,28.684096145629884,32.17600021362305,28.348291578746977,31.89676184881301,28.188428212725928,32.10966658213782,29.147449758317734,33.692535665300156,-0.100002288818360
2023-07-05,,,,,,,32.630001068115234,32.630001068115234,32.509998321533200,32.540000915527344,28600,,,,,29.008594512939453,,,0.10084438098792063,0.07524400077823803,0.11377781892238796,0.1501837123870258,,,,,,,,,,,,28.76635982214166,32.26858433613583,28.454030204870204,32.02891085509656,28.284309591382087,32.111821790369575,28.730856279630565,33.24793465267273,,,,,0.01236875179222314,0.21778372110169997,0.11509060375330904,0.17864120168485834,0.05116129340280287,70.38807861349808,64.06969992679075,28.732236099243163,32.23000030517578,28.40013258797782,31.922476178123837,28.202827938019283,32.11493643503341,29.14254040945144,33.68114678064982,-0.090000152587890
2023-07-06,,,,,,,32.470001220703125,32.470001220703125,32.389999389648440,32.450000762939450,3700,,,,,28.928361892700195,,,0.10077984702164572,0.0769083834085661,0.113448457193521,0.15014270179065428,,,,,,,,,,,,28.820360512327838,32.32905647840371,28.497151267400202,32.06719175580955,28.304436225798277,32.122389883262386,28.73241758882479,33.241626874888276,,,,,-0.002769654345185565,0.22681888851546006,0.1325360722999207,0.18827673905097866,0.06743624918222643,66.87697983284534,61.161608394346395,28.780376052856447,32.284000396728516,28.44620032537551,31.941666648501442,28.218128446548704,32.12126980130635,29.13785499996609,33.67003567256625,-0.020000457763675
2023-07-07,,,,,,,32.500000000000000,32.580001831054690,32.500000000000000,32.580001831054690,500,,,,,29.044254302978516,,,0.10141324889320191,0.07732432155940709,0.11344483972005591,0.15000901589522936,,,,,,,,,,,,28.894991775878065,32.412704929287365,28.54688790699823,32.11381085355911,28.32755554071016,32.1366902566309,28.734882701189644,33.236396637387614,,,,,0.003998183013509652,0.24055787134313533,0.15506424742341096,0.19873296550941,0.08496184883046334,69.26208251587094,63.722995169900194,28.848128509521484,32.36000061035156,28.49620791843959,31.96523820786249,28.236528790186323,32.13111111474416,29.13454464503697,33.66051187212505,0.080001831054690
2023-07-10,,,,,,,32.709999084472656,33.139999389648440,32.709999084472656,32.830001831054690,1300,,,,,29.267122268676758,,,0.09172448391930298,0.07451693804688735,0.11393064398750784,0.15017272155685368,,,,,,,,,,,,29.01903527347763,32.55180389654314,28.612363758059914,32.17891912424053,28.356917000959115,32.15835624333164,28.73909012860061,33.23318403022293,,,,,0.007644101855396176,0.2663592725733075,0.19089043309083564,0.2122582269221895,0.1061475656825378,73.25105584887679,68.08235341053626,28.980067443847656,32.50800094604492,28.564766656784784,32.042143049694246,28.25611232575916,32.14222223796542,29.131735680595277,33.65153172659495,0.120002746582034
2023-07-11,,,,,,,33.080001831054690,33.080001831054690,33.080001831054690,33.080001831054690,200,,,,,29.489990234375000,,,0.08924346268156945,0.07650329851704575,0.10317789391132762,0.15026152032124038,,,,,,,,,,,,29.17602026044342,32.727869874713654,28.692147983179467,32.260835733950906,28.392325539503364,32.187157667947986,28.74502609781622,33.23197310374729,,,,,0.007586112558087908,0.301317253449529,0.23672701236769456,0.2300700322276574,0.13226345501956915,76.53099676668853,71.73959911430504,29.147664642333986,32.69600143432617,28.638674145653134,32.125047865368074,28.289758833627854,32.16936511085147,29.12914336673797,33.64276188895816,0E-15
2023-07-12,,,,,,,33.229999542236330,33.400001525878906,33.200000762939450,33.400001525878906,1800,,,,,29.775264739990234,,,0.0778598868276388,0.07964144744212977,0.10085726619935977,0.150254992902117,,,,,,,,,,,,29.375768420292356,32.95191375843541,28.790613142889537,32.36439626048981,28.435542389518577,32.22505903850833,28.753170276805733,33.23330139166928,,,,,0.009627114876573122,0.34802911067001574,0.295468159680361,0.25366184791612906,0.1649043959517275,79.92434945206941,75.5944387447036,29.30099868774414,32.868001556396486,28.726123718988326,32.22314316885812,28.321424393426803,32.19412703741165,29.12885248093378,33.63663094384329,0.170001983642576
2023-07-13,,,,,,,33.459999084472656,33.709999084472656,33.459999084472656,33.709999084472656,2600,,,,,30.051618576049805,,,0.03528944850335714,0.0821576910944742,0.09985008562349756,0.1504118638867676,,,,,,,,,,,,29.60105180554484,33.20460886711449,28.905250000449563,32.4867237899428,28.48604477034768,32.27146341494471,28.763434690238494,33.23706975287721,,,,,0.009238515741077369,0.402705896147566,0.36285241755183506,0.28347065756241646,0.20449400027174902,82.55568111500384,78.63481938385844,29.525650024414062,33.120001220703124,28.819558733985538,32.327952612014045,28.352213814145042,32.21777779715402,29.130383589911084,33.63257935690501,0.250000000000000
2023-07-14,,,,,,,33.509998321533200,33.509998321533200,33.479999542236330,33.509998321533200,600,,,,,29.873323440551758,,,0.10379074054703054,0.08775152145675283,0.10080370247526158,0.15046598337269163,,,,,,,,,,,,29.691809017213814,33.30640535192072,28.99325667682249,32.57974874736011,28.529397228791556,32.3101676307756,28.772208514351643,33.23922729096935,,,,,-0.005950632762165023,0.42673161873386434,0.39555680468043874,0.312122849796706,0.24270656115348696,75.66503593775539,72.37070042222311,29.69146385192871,33.306000518798825,28.90361195518857,32.422238213675364,28.379245364476763,32.23719048878503,29.130681802356055,33.62711902648684,0E-15
2023-07-17,,,,,,,33.299999237060550,33.299999237060550,33.299999237060550,33.299999237060550,300,,,,,29.686113357543945,,,0.1304465424249364,0.0933231399979498,0.10181673059376663,0.15057212674381795,,,,,,,,,,,,29.689910463990522,33.30426998030067,29.056243647797167,32.6452260646056,28.565544607815067,32.34109986847201,28.7794330585666,33.23970770161039,,,,,-0.0062865167846306086,0.4257580144947717,0.39992006643660005,0.33484988273631916,0.2741492622101096,69.139535752391,66.39042754610755,29.775262069702148,33.4,28.974505379086448,32.50176202683222,28.403332937331427,32.253301590208025,29.129911748189773,33.62044442646087,0E-15
2023-07-18,,,,,,,33.500000000000000,33.500000000000000,33.290000915527344,33.470001220703125,3700,,,,,29.837665557861328,,,0.12585423745034677,0.08384635420639595,0.0990522340535134,0.1506498395745582,,,,,,,,,,,,29.73916216194746,33.359513727101486,29.127282003257545,32.72020562425083,28.605298387504014,32.37637803572923,28.787798532869328,33.24152820373761,,,,,0.005092167552528106,0.43223291017897836,0.41234249452546123,0.354326488224851,0.3017879086731799,71.2975542457616,68.64898480189036,29.844797134399414,33.47799987792969,29.033512387956893,32.567952473958336,28.4238709646558,32.26528573414636,29.129546475788903,33.61421426894173,-0.029998779296875
2023-07-19,,,,,,,33.430000305175780,33.459999084472656,33.279998779296875,33.459999084472656,3800,,,,,29.828752517700195,,,0.10814947139552228,0.0841002828636607,0.09862152860901391,0.15060318484529303,,,,,,,,,,,,29.769025613865036,33.39300884622521,29.191052050025057,32.78745957518009,28.643531329072644,32.41024119350246,28.796027418124908,33.24325524627306,,,,,-0.0002987623696848539,0.43166909122721364,0.41657821512910687,0.3697950088253235,0.32474596996436533,70.98317315428237,68.35792618885823,29.855494689941406,33.48999938964844,29.091246105375745,32.6327144077846,28.441843941098167,32.27433334834992,29.128701800391788,33.60742457707723,0.029998779296876
2023-07-20,,,,,,,33.389999389648440,33.456001281738280,33.209999084472656,33.456001281738280,3500,,,,,29.825185775756836,,,0.0750997088426694,0.08311245624841768,0.09777234797879195,0.1500613100518695,,,,,,,,,,,,29.787745667828972,33.41400632472957,29.24870057054613,32.84823609395811,28.680458030531526,32.44292119625983,28.804163057315673,33.24493703311468,,,,,-0.00011958110561162583,0.4260235204264724,0.41483055652205536,0.3810407111455533,0.3427628872759033,70.84854272959691,68.23340116469707,29.810208129882813,33.43919982910156,29.151781627110072,32.70061928885324,28.462391595991832,32.28633335658482,29.126321088700067,33.59883728481474,0.066001892089840
2023-07-21,,,,,,,33.340000152587890,33.369998931884766,32.529998779296875,33.324001312255860,3800,,,,,29.707511901855470,,,0.0687323588357609,0.08446711978610895,0.09731493971706275,0.1497650025449091,,,,,,,,,,,,29.761001079171137,33.384004653904995,29.29041069157425,32.89148747743972,28.712553464010398,32.470454949884704,28.811304154900967,33.24556204717904,,,,,-0.003953257008158407,0.40735829387049804,0.3982039824806378,0.38630422769054223,0.35385110631685024,66.37563884933734,64.08248238106144,29.777045822143556,33.402000427246094,29.20968518938337,32.765571775890535,28.47781683906676,32.292507958790615,29.122253183334593,33.58829760929895,-0.015998840332030
2023-07-24,,,,,,,33.099998474121094,33.099998474121094,32.759998321533200,32.930000305175780,7000,,,,,29.356267929077150,,,0.09981940137753186,0.09721852348738393,0.10042591750917013,0.14844260857466,,,,,,,,,,,,29.626090029139807,33.23266987099526,29.296397713165423,32.89498864359754,28.732669541043734,32.48481574223755,28.815612168926076,33.24306748795372,,,,,-0.011893858282288942,0.360072818895663,0.3492092474676767,0.3810579459315664,0.3529227345470155,55.17775017860543,53.600887267417015,29.711076736450195,33.32800064086914,29.24950427100772,32.81023842947824,28.48718204195537,32.29187302362351,29.11397815885998,33.57290077966357,-0.169998168945314
2023-07-25,,,,,,,33.250000000000000,33.389999389648440,33.069999694824220,33.284999847412110,8800,,,,,29.672740936279297,,,0.129459559850823,0.10238108585081955,0.10236859075157213,0.14881803772633384,,,,,,,,,,,,29.64164033151964,33.250113196467545,29.330610733448502,32.930444207580685,28.762046772144846,32.50982149552426,28.82238789040713,33.24339896905616,,,,,0.010722729232195196,0.344168110371438,0.33516251830579336,0.37367997881954074,0.3493706912987711,61.482876026402266,59.95621963552021,29.67809181213379,33.29100036621094,29.303629557291668,32.870952787853426,28.50274788387238,32.29822225419302,29.107365706610302,33.559388879745725,0.034999847412110
2023-07-26,,,,,,,33.270000457763670,33.310001373291016,33.229999542236330,33.251998901367190,2400,,,,,29.643323898315430,,,0.12927981244622921,0.10283379681126592,0.10195318058862174,0.14881963435435347,,,,,,,,,,,,29.642201520451568,33.250741764767426,29.35903920298186,32.95967645247037,28.789586682337678,32.53301453945685,28.828877503117866,33.24346695271079,,,,,-0.0009918743078334467,0.3254383543924213,0.31770517619183636,0.36403165393411685,0.3430375882773841,60.62913058351075,59.14519998476982,29.641006088256837,33.24940032958985,29.353170122419083,32.92652420770554,28.519785714527917,32.30626987275623,29.10070772776528,33.545829356662814,-0.018001556396480
2023-07-27,,,,,,,33.330001831054690,33.330001831054690,33.020000457763670,33.020000457763670,8100,,,,,29.436502456665040,,,0.13461973394479326,0.10594832414591643,0.10167014959881235,0.14897312759277545,,,,,,,,,,,,29.573635165856057,33.173827995766175,29.366081316953057,32.96516045295158,28.809802800285407,32.54823284940394,28.833680862434445,33.241700419153894,,,,,-0.0070014520786946845,0.2905567684151791,0.2819002012431042,0.34933667683032926,0.33081011087052814,54.86119032337378,53.650840970437216,29.563269424438477,33.162200164794925,29.38500858488537,32.96223849341983,28.529524303617933,32.30603178720626,29.09332731791905,33.53146428153629,-0.310001373291020
2023-07-28,,,,,,,33.134998321533200,33.259998321533200,33.040000915527344,33.131000518798830,11900,,,,,29.535457611083984,,,0.13996602498700025,0.1052447849170979,0.10066951317852796,0.14824052964429338,,,,,,,,,,,,29.560909314265366,33.159552170110395,29.38147916187405,32.98023682257406,28.832479513122863,32.566444339072525,28.83922850471626,33.240825321127375,,,,,0.0033560101167159602,0.2678105607409016,0.2594900382605232,0.33303145361244374,0.31654609634852715,56.970467178368004,55.76801607204479,29.52885856628418,33.123600006103516,29.425379798525857,33.00752421787807,28.5371636587476,32.30334926786877,29.0844753356207,33.515357146187434,-0.003997802734370
2023-07-31,,,,,,,33.150001525878906,33.259998321533200,33.042999267578125,33.042999267578125,40300,,,,,29.457004547119140,,,0.10677634160705159,0.10615531000888383,0.10068012218110861,0.1482557589572617,,,,,,,,,,,,29.52627439188329,33.12070120259963,29.38834510598724,32.98594249939261,28.851995920435247,32.58133668058833,28.844112109794544,33.239261478806824,,,,,-0.002659767276873202,0.24067912158305305,0.231955023994324,0.3145609872065656,0.2996278818776865,54.78472398443823,53.67469976764424,29.549005889892577,33.146199798583986,29.46116610935756,33.047667003813245,28.54217274983724,32.297682565356055,29.075481535896422,33.499099209195094,-0.107002258300781
2023-08-01,,,,,,,32.779998779296875,32.779998779296875,32.130001068115234,32.680000305175780,9300,,,,,29.133399963378906,,,0.08805283008068984,0.11340399572088204,0.10103479198759337,0.1486053014987251,,,,,,,,,,,,29.395316249048495,32.973800903458354,29.36516827484103,32.958129572645625,28.860789796777237,32.58441991885668,28.846398970297187,33.234840441861124,,,,,-0.01104644615662163,0.19086490335095263,0.17878146283636198,0.289821770435443,0.27545859806942163,46.80746151935103,46.00382604158749,29.4411376953125,33.02519989013672,29.486212412516277,33.07576224917457,28.54675398932563,32.2916508023701,29.06481376526848,33.48094444426279,-0.099998474121095
2023-08-02,,,,,,,32.540000915527344,32.540000915527344,32.360000610351560,32.360000610351560,2700,,,,,28.848129272460938,,,0.0933533837616977,0.11925263570814183,0.10239546301242795,0.1488879411185522,,,,,,,,,,,,29.212920590185977,32.769200805756086,29.31816472917011,32.90375421243707,28.86039415539235,32.5774068154659,28.84641264857516,33.227924711967766,,,,,-0.009840133453827834,0.12690493476709364,0.10955682857748883,0.25723840330177317,0.24227824417103505,41.12280410578345,40.50786742834484,29.2820987701416,32.84680023193359,29.49555169968378,33.08623849777948,28.549299966721307,32.283396826850044,29.053369900536914,33.46193650412181,-0.180000305175784
2023-08-03,,,,,,,32.319999694824220,32.431999206542970,32.319999694824220,32.431999206542970,300,,,,,28.912313461303710,,,0.10576503390185273,0.11125237575424106,0.09789701449069543,0.14876309441955934,,,,,,,,,,,,29.11271821389189,32.65680027268505,29.281269159364076,32.860867393719424,28.86201663370208,32.57286282768706,28.846933603616492,33.221632810739116,,,,,0.0022224280917220516,0.08046774441942262,0.05981597090757873,0.22188427152530305,0.20578578951834378,42.80585167817423,42.181557491631764,29.177260971069337,32.729199981689455,29.490966887701127,33.08109555925642,28.559553903246684,32.28395237998357,29.043055231609042,33.44423809505644,0.111999511718750
2023-08-04,,,,,,,32.450000762939450,32.560001373291016,32.310001373291016,32.400001525878906,11900,,,,,28.883789062500000,,,0.09129015634581832,0.11089597830013531,0.09752990560605035,0.14871811195176382,,,,,,,,,,,,29.036408496761258,32.57120069041633,29.245134605103704,32.81897049664302,28.862697022102015,32.56746091200555,28.84722495111755,33.21513770176789,,,,,-0.000987070057463643,0.04089286838013351,0.017611028453302424,0.18568599089626914,0.16815083730533553,42.2281226698642,41.621143890403616,29.04692726135254,32.58300018310547,29.488844371977308,33.07871464320591,28.567236188858274,32.28157146393307,29.032207050020734,33.42592064539591,-0.049999237060544
2023-08-07,,,,,,,32.520000457763670,32.520000457763670,32.500000000000000,32.500000000000000,900,,,,,28.972936630249023,,,0.10629768956107273,0.11051678345057167,0.09733054246031818,0.1487508847145288,,,,,,,,,,,,29.015251207923846,32.54746712694422,29.22038933466237,32.78997317876638,28.86614200985661,32.565352758505384,28.848218719332028,33.20948443930332,,,,,0.0030816689756332162,0.01653238266118251,-0.007679131128888628,0.1518552692492518,0.1329848436184907,44.73840257236055,44.11978389693615,28.950113677978514,32.47440032958984,29.48544829232352,33.07490503220331,28.574325379871187,32.27847623068189,29.021936348506383,33.408261912209646,-0.020000457763670
2023-08-08,,,,,,,32.439998626708984,32.439998626708984,32.439998626708984,32.439998626708984,100,,,,,28.919445037841797,,,0.08125005233188283,0.10695175618922524,0.09667536374888706,0.1487455489566642,,,,,,,,,,,,28.983315817896496,32.51164429353248,29.193030762224137,32.75815731039752,28.867807729481147,32.56143544188674,28.848781773233288,33.20340154750416,,,,,-0.00184796707575934,-0.007009006771180992,-0.032192281592521965,0.12008241404516524,0.09994941857628815,43.5165444453265,42.93241431011077,28.907322692871094,32.42639999389648,29.46889223371233,33.05633345104399,28.583141448005797,32.2773809887114,29.011741494375563,33.39070237628997,0E-15
2023-08-09,,,,,,,32.180000305175780,32.180000305175780,32.069999694824220,32.069999694824220,2200,,,,,28.589601516723633,,,0.09195051153675685,0.1089970398783581,0.09847192978806325,0.1491574618345566,,,,,,,,,,,,28.85207771750554,32.36442942729639,29.138173558087725,32.695597527163585,28.859113785332475,32.54607807479104,28.846732917450606,33.194441849064,,,,,-0.011471139161551255,-0.051685544258713634,-0.08054646205948046,0.08572882238438947,0.06385024244913444,36.835895441507006,36.422868936636476,28.855617141723634,32.36839981079102,29.42601658049084,33.00823811122349,28.58982407100617,32.27396828787668,29.0004241428678,33.371892845819865,-0.110000610351560
2023-08-10,,,,,,,32.040000915527344,32.040000915527344,31.979999542236328,32.000000000000000,1300,,,,,28.527196884155273,,,0.08485221303727948,0.10123975716009082,0.0978397071434211,0.1491255323354116,,,,,,,,,,,,28.743784106388787,32.242952951530924,29.08263022409387,32.63236138833054,28.848741382170687,32.52901313495382,28.844206940902815,33.18499962100815,,,,,-0.00218515950287699,-0.0910776677457541,-0.12309690432515907,0.050367524358360755,0.026460813094275733,35.718639388532104,35.33141176793721,28.778593826293946,32.28199996948242,29.36658477783203,32.941571371895925,28.592746341039263,32.266269865490145,28.98935063680013,33.353380937424916,-0.040000915527344
2023-08-11,,,,,,,32.000000000000000,32.000000000000000,31.930000305175780,31.930000305175780,1600,,,,,28.464796066284180,,,0.08376131162155626,0.09256834344411138,0.09615063057662838,0.14902222426615763,,,,,,,,,,,,28.650788093020584,32.13863540274588,29.026463482474806,32.56851038077101,28.836743091049232,32.51029398402326,28.841207645451284,33.175078677799995,,,,,-0.0021898108690845694,-0.12588036343903752,-0.1606153529315435,0.015117946798881102,-0.010954420110888112,34.58890478749146,34.226864402160906,28.694795227050783,32.1879997253418,29.291021801176527,32.85680952526274,28.598763662671285,32.26214290800549,28.977351620083763,33.333797598642015,-0.069999694824220
2023-08-14,,,,,,,32.200000762939450,32.200000762939450,32.200000762939450,32.200000762939450,100,,,,,28.705492019653320,,,0.11176443625629727,0.09913482544008885,0.09694036200117923,0.14927364464664833,,,,,,,,,,,,28.669022735231497,32.1590905228104,28.997284258581942,32.53500950642269,28.83264149506811,32.50059732086439,28.840134794654464,33.16737055199082,,,,,0.008420366018411521,-0.13251208186514063,-0.1666412764006111,-0.014408058933923246,-0.04209179136883271,42.184920287886285,41.786488293721476,28.64130630493164,32.12799987792969,29.235410781133744,32.79442868913923,28.610817409697034,32.26484135219029,28.966561945657883,33.315583312322225,0E-15
2023-08-15,,,,,,,31.799999237060547,32.029998779296875,31.389999389648438,31.989999771118164,1300,,,,,28.518281936645508,,,0.11661182498458732,0.0992817940448655,0.09693016768065012,0.14936521822942025,,,,,,,,,,,,28.6187758023695,32.10272693891299,28.953738592951357,32.48546316684955,28.822817758867405,32.484641147434814,28.8375905032868,33.15806327309064,,,,,-0.0065431109474944115,-0.15113190113561004,-0.18621561149859645,-0.0417528273742606,-0.07091655539478546,38.44533689264175,38.11695085138362,28.56107368469238,32.03800010681152,29.17979976109096,32.732047762189595,28.62280788118877,32.267539766099716,28.954666705358598,33.29611109173487,0.190000534057617
2023-08-16,,,,,,,32.040000915527344,32.040000915527344,31.870000839233400,31.870000839233400,1100,,,,,28.411306381225586,,,0.09035290509956981,0.09609827491441274,0.09572141404350505,0.14868955103973125,,,,,,,,,,,,28.549619328654863,32.025151572353124,28.90442657370356,32.42951204615717,28.8099580283161,32.46543363780352,28.8342206683298,33.14788096136054,,,,,-0.0037581751243920985,-0.17253144029970002,-0.20900207816161753,-0.06790854995934849,-0.09853365994815187,36.45657906805144,36.16271406617441,28.525414657592773,31.99800033569336,29.111877895536878,32.655857267833895,28.636701099456303,32.272460422818625,28.944201007721915,33.27833332334246,-0.170000076293944
2023-08-17,,,,,,,32.119998931884766,32.119998931884766,32.000000000000000,32.000000000000000,1200,,,,,28.527196884155273,,,0.09695311555152075,0.09842730932026825,0.09441921663797649,0.1486984510543794,,,,,,,,,,,,28.542145180488333,32.01676771490209,28.870132965562807,32.39046549650652,28.801121742561072,32.45088883662216,28.83179360284225,33.13880680356323,,,,,0.004070730922559691,-0.1780864643079454,-0.2141026294955779,-0.08994413282906787,-0.12164745385763708,40.07323382910588,39.76560750905271,28.525414657592773,31.99800033569336,29.04989905584426,32.58633350190662,28.65589614141555,32.28341281224811,28.933730821760875,33.260527769724526,-0.119998931884766
2023-08-18,,,,,,,31.979999542236328,31.979999542236328,31.909999847412110,31.909999847412110,7100,,,,,28.446962356567383,,,0.09794193646964529,0.09817818409095849,0.09274158659352716,0.1487021480619685,,,,,,,,,,,,28.510417572514683,31.981178425738758,28.831662910199586,32.3467868011343,28.790054261748768,32.43398605570935,28.828751458602923,33.1290929145818,,,,,-0.002816525305423269,-0.18680969085352217,-0.22283837129420903,-0.10931724443395872,-0.14188563734495147,38.441912251438595,38.15988164476892,28.521847915649413,31.994000244140626,28.984269369216193,32.51271438598633,28.66945508926634,32.287936619349885,28.92271177352421,33.242095228225466,-0.069999694824218
2023-08-21,,,,,,,31.680000305175780,31.680000305175780,31.634000778198242,31.634000778198242,500,,,,,28.200916290283203,,,0.07695592578915862,0.10055184302077189,0.0945379903919925,0.14893378089985249,,,,,,,,,,,,28.407250478437522,31.865452543225253,28.774322308389007,32.281988071776475,28.77164370014047,32.40898651578713,28.82378833474269,33.11727400441276,,,,,-0.008686913594290222,-0.21114284866713007,-0.24916016459174273,-0.129682365280593,-0.16334054279430973,33.88627781881115,33.66980789167222,28.42093276977539,31.880800247192383,28.912526721046085,32.432238170078826,28.67890088520353,32.287841403295126,28.91070618705144,33.222555554102335,-0.045999526977538
2023-08-22,,,,,,,31.540000915527344,31.540000915527344,31.309999465942383,31.510000228881836,1300,,,,,28.090375900268555,,,0.07266037801118623,0.09477363523479729,0.09464065718874909,0.14883731072748868,,,,,,,,,,,,28.30162561904787,31.746968438444114,28.71214536219624,32.211807358786054,28.750354081394473,32.38089319432134,28.817990607987955,33.104568282867056,,,,,-0.003927446956783376,-0.23661913905027276,-0.27683500185474585,-0.15106972003452895,-0.18603943460639694,32.04870875762174,31.856209075361548,28.3353515625,31.784800338745118,28.852246148245676,32.36461911882673,28.688046198042613,32.28744458395337,28.899102544027663,33.20350793051341,-0.030000686645508
2023-08-23,,,,,,,31.610000610351562,31.725000381469727,31.610000610351562,31.725000381469727,200,,,,,28.282039642333984,,,0.0996025821971163,0.08887754332960897,0.09404660537663273,0.14867895318574556,,,,,,,,,,,,28.29509696014324,31.739645752785986,28.67304484220876,32.167552179030025,28.735719255173834,32.36039654391973,28.813753841461043,33.093662607757196,,,,,0.006799938542670791,-0.23859326589167296,-0.27821174250274083,-0.16857442920595775,-0.20447389618566572,38.29658812692212,38.08359994113854,28.30949821472168,31.755800247192383,28.786022277105424,32.29033342997233,28.70362675379193,32.29434933738103,28.887079912518697,33.18393253144764,0.114999771118165
2023-08-24,,,,,,,31.700000762939453,31.700000762939453,31.569999694824220,31.569999694824220,4300,,,,,28.143861770629883,,,0.09134459523801597,0.08919038784020179,0.09383262506872204,0.14786087946079693,,,,,,,,,,,,28.244685230305453,31.68309706679873,28.624937290247043,32.113229225920406,28.717223708781834,32.335696642385486,28.808458251968307,33.08161784164705,,,,,-0.004897685086231321,-0.24844367109262322,-0.2884846084123147,-0.18454827758329084,-0.22127603863099551,35.744874581589556,35.560539179039615,28.2328311920166,31.669800186157225,28.714619318644207,32.21023822966076,28.71410575745598,32.29546044364808,28.872539648934016,33.16143650478787,-0.130001068115233
2023-08-25,,,,,,,31.629999160766600,31.645000457763672,31.610000610351562,31.610000610351562,400,,,,,28.179521560668945,,,0.09553511370081952,0.08849546606019507,0.09252945875084227,0.14787015401828563,,,,,,,,,,,,28.222964007093285,31.658731581316342,28.584444951194488,32.0674811699596,28.700420516653306,32.31301864138443,28.803486420416533,33.06998450385025,,,,,0.0012662518724783597,-0.2504853025023017,-0.2900546199699221,-0.197735682567093,-0.23503175489878084,36.913124659102785,36.72557404266597,28.179343032836915,31.609800338745117,28.654763085501536,32.14309537978399,28.728336122300888,32.30085727146694,28.858273089878143,33.13925396449982,-0.019998550415038
2023-08-28,,,,,,,31.530000686645508,31.629999160766600,31.530000686645508,31.629999160766600,100,,,,,28.197351455688477,,,0.07431050629268364,0.08687636937558905,0.0915834836222404,0.14785319334511013,,,,,,,,,,,,28.21442648995835,31.64915410779976,28.549254633421217,32.02771007821478,28.684699608498157,32.29167428261512,28.798694839667696,33.058601220505714,,,,,0.0006325251706961747,-0.24780801010088993,-0.28638389429140076,-0.2077501480738524,-0.2453021827773048,37.52475733939277,37.335562251843974,28.178630065917968,31.60900001525879,28.591043744768417,32.071619124639604,28.739802708701482,32.30307948400104,28.844450125618586,33.11758729389736,0.099998474121092
2023-08-29,,,,,,,31.559999465942383,31.659999847412110,31.520000457763672,31.590000152587890,13700,,,,,28.161693572998047,,,0.06760437285737136,0.08691923378322731,0.0911496555551298,0.14752543316131514,,,,,,,,,,,,28.19684885097158,31.629436122729135,28.51402180974638,31.987918266794157,28.66835566988878,32.26974696605177,28.793659256531967,33.04699172589767,,,,,-0.0012653829542431945,-0.24573089689445382,-0.2834351395627621,-0.21534629783797268,-0.2529287741343963,36.757243787437375,36.57606604658432,28.19289360046387,31.625,28.529362269810267,32.002428690592446,28.748487381708053,32.30212711152576,28.831773704952663,33.09726983781845,0.030000686645507
2023-08-30,,,,,,,31.729999542236328,31.729999542236328,31.729999542236328,31.729999542236328,100,,,,,28.286499023437500,,,0.054496459657177566,0.08339654586718842,0.09149682611344728,0.1476041707564586,,,,,,,,,,,,28.226732241793552,31.662957262564866,28.493337920081938,31.964471110016174,28.656422649687176,32.252879859057536,28.789650084728848,33.036580720493234,,,,,0.004421953939208598,-0.23134718654786468,-0.2667267890818863,-0.21854647557995108,-0.2556883771238943,41.284001926849086,41.09288099822016,28.19378547668457,31.62599983215332,28.48903365362258,31.957190559023903,28.759430083017502,32.30371441916814,28.819578942798433,33.07749205543881,0E-15
2023-08-31,,,,,,,31.469999313354492,33.909999847412110,31.469999313354492,31.520000457763672,77400,,,,,28.099288940429688,,,0.06484799301422807,0.0799854226964579,0.09229730085793614,0.14719402883259639,,,,,,,,,,,,28.184251141338933,31.6153049942978,28.457515285568096,31.924064687084126,28.63901222127288,32.229977377767106,28.78419268437866,33.024591943712764,,,,,-0.0066403530987361094,-0.23237560031628846,-0.26734864328891916,-0.22131230052721856,-0.25802043035689926,37.00522258565209,36.85322549446795,28.18487091064453,31.61599998474121,28.45337459019252,31.917190551757812,28.76573928954109,32.300063632783434,28.808251335507347,33.058765873076425,0.050001144409180
2023-09-01,,,,,,,31.659999847412110,31.770000457763672,31.555000305175780,31.555000305175780,27200,,,,,28.130489349365234,,,0.06461637205188035,0.07946754842004675,0.09101219597616932,0.14710320143835443,,,,,,,,,,,,28.166330544014365,31.59520343125713,28.4277856550042,31.890513379637913,28.623120881525765,32.208884344248624,28.77902506908211,33.01297461850694,,,,,0.001109746937887184,-0.22804426109934894,-0.2619971321955852,-0.22265869264164465,-0.25881577072463646,38.15563606477274,38.001325752300936,28.175064468383788,31.604999923706053,28.416144870576403,31.875428699311755,28.769081448751784,32.293000145564,28.796434031592476,33.03946032599797,-0.104999542236330
2023-09-05,,,,,,,31.190000534057617,31.209999084472656,31.114999771118164,31.114999771118164,1400,,,,,27.738241195678710,,,0.1149563769109591,0.09086000355430723,0.09526497083620658,0.14754034705066202,,,,,,,,,,,,28.023634094569147,31.43513554454414,28.365099795065518,31.820012142499756,28.595468391343044,32.174700451338296,28.770797528580896,32.99797086477264,,,,,-0.014042008653654818,-0.2533424177209085,-0.28991838824733307,-0.2287954376574974,-0.2650362942291758,30.591832887857827,30.494977688645445,28.083242416381836,31.502000045776366,28.361594972156343,31.814238139561244,28.765546556503054,32.27820647708953,28.78404314555819,33.019559527200364,-0.075000762939453
2023-09-06,,,,,,,31.120000839233400,31.120000839233400,31.120000839233400,31.120000839233400,400,,,,,27.742698669433594,,,0.11696169307188013,0.0893825411910729,0.09522965254902437,0.14753996925065985,,,,,,,,,,,,27.929988952857297,31.330090642773893,28.308517874553527,31.756374751293723,28.568819337533373,32.14174108846002,28.762670264872224,32.98312525192252,,,,,0.0001606848685443801,-0.26992023576908153,-0.3080911573470928,-0.23702039727981422,-0.2736472668527592,30.759810861177936,30.662623075695077,27.999443435668944,31.408000183105468,28.303012212117512,31.748523893810454,28.76155614096021,32.26288904462542,28.771639445471386,32.99964286410619,0E-15
2023-09-07,,,,,,,31.440000534057617,31.600000381469727,31.440000534057617,31.520000457763672,62000,,,,,28.099288940429688,,,0.1581135990513929,0.10312322023869042,0.09790715987207993,0.14809391674850603,,,,,,,,,,,,27.986422282048093,31.39339391443715,28.28949706236045,31.73488617915463,28.554146512623884,32.12231169375076,28.757426143730385,32.97155904801613,,,,,0.012771576847223229,-0.2513865931260071,-0.2869092700371141,-0.23989363644905282,-0.27629966748963014,42.705701761696986,42.5899889605397,27.962001419067384,31.366000366210937,28.263957159859793,31.70471445719401,28.765872016785636,32.26773031931075,28.761088053385418,32.98182541226584,0.079999923706055
2023-09-08,,,,,,,31.530000686645508,31.600000381469727,31.510000228881836,31.580999374389650,4600,,,,,28.153667449951172,,,0.15154519675050004,0.09684248332277415,0.09766985086979411,0.14804629428955082,,,,,,,,,,,,28.04217067134912,31.455929067754653,28.27714891577779,31.72089646963054,28.54163154191536,32.10539568377072,28.752653347732128,32.9605664814262,,,,,0.0019333571050888824,-0.22966324165606267,-0.26217814252736815,-0.23784755749045478,-0.27347536249717774,44.284330996634715,44.16728463286264,27.97287712097168,31.378200149536134,28.24319839477539,31.681428727649507,28.769296373639786,32.271571568080354,28.751328649975004,32.964924615526954,0.050998687744142
2023-09-11,,,,,,,31.620000839233400,31.879999160766600,31.520000457763672,31.690000534057617,11100,,,,,28.250839233398438,,,0.1531461148431705,0.09773783866703774,0.09789539518987588,0.14809327879318293,,,,,,,,,,,,28.111726858698894,31.53395288985564,28.274757126470575,31.718087748214817,28.53254428227421,32.09241458534219,28.748686437737398,32.950522481842256,,,,,0.003445536014551622,-0.2022746816635177,-0.23111886872112208,-0.23073298232506737,-0.2650040637419666,47.08980136629603,46.970991886853504,27.99694709777832,31.4052001953125,28.230038506644114,31.66666684831892,28.774249001154825,32.27712712969099,28.741920948028564,32.94841668719337,0.069999694824217
2023-09-12,,,,,,,31.549999237060547,31.549999237060547,31.530000686645508,31.549999237060547,600,,,,,28.126031875610350,,,0.10033700947633684,0.0985399731943238,0.09774190236233081,0.14798305686345944,,,,,,,,,,,,28.11649519766938,31.539301672257277,28.261236649119645,31.70280697447352,28.519840769565963,32.07546410570839,28.7437642672858,32.93945115184398,,,,,-0.004427615765977532,-0.18846742608933909,-0.2153190412120516,-0.22227987107792171,-0.2550670592359836,44.023613752827245,43.92032305245858,28.074505233764647,31.492200088500976,28.213906878516788,31.64857155936105,28.77482913789295,32.27777789887928,28.73120447945973,32.930400810544455,0E-15
2023-09-13,,,,,,,31.680000305175780,31.829999923706055,31.600000381469727,31.726999282836914,6100,,,,,28.283824920654297,,,0.09881580263320523,0.09573781426316239,0.09836918079014932,0.14805317412744615,,,,,,,,,,,,28.172271771997686,31.60186754245049,28.263290128350068,31.705006275233828,28.51246527428747,32.06457457999365,28.740128383122705,32.92986655208899,,,,,0.005594534911690624,-0.16291451939848756,-0.18636681895683438,-0.21040680074203488,-0.24132701118015376,48.582079792987514,48.47646252227483,28.18273048400879,31.61359977722168,28.19382749285017,31.626047679356166,28.777616743057493,32.28090486072359,28.721622610849046,32.91368255917988,0.046998977661134
2023-09-14,,,,,,,31.620000839233400,31.620000839233400,31.620000839233400,31.620000839233400,100,,,,,28.188438415527344,,,0.06915779592965568,0.093916341221724,0.0984104818959864,0.1477431560307751,,,,,,,,,,,,28.177660653174236,31.60791197471146,28.256485427184366,31.6972785083247,28.502339434951217,32.050681650594896,28.735767197608116,32.91951188242214,,,,,-0.0033781750617003876,-0.14864703998532036,-0.1700951039280234,-0.19805484859069197,-0.2270806297297277,46.136176781471114,46.04130054105435,28.20056037902832,31.633599853515626,28.178120658511208,31.608428682599747,28.777475266229537,32.28074615720718,28.712916359068856,32.898007960546586,0E-15
2023-09-15,,,,,,,31.469999313354492,31.500000000000000,31.469999313354492,31.500000000000000,300,,,,,28.081460952758790,,,0.07417190504533958,0.09393543327810455,0.09439686172578858,0.14775214139597923,,,,,,,,,,,,28.145594086369087,31.571941316474305,28.240574111327497,31.679344098477,28.489186982382705,32.033472849013805,28.73059481622591,32.90829044461643,,,,,-0.0038023025758036153,-0.1443086467059942,-0.1649809200246004,-0.18730560821375242,-0.21466068778870223,43.49158637810112,43.40766962640297,28.186119079589844,31.617399978637696,28.16241373334612,31.590809595017205,28.769268005613295,32.27153977893648,28.7034500137208,32.8814643148392,0.030000686645508
2023-09-18,,,,,,,31.559999465942383,31.590000152587890,31.510000228881836,31.510000228881836,3000,,,,,28.090375900268555,,,0.06658959733991801,0.09249483485740337,0.09438682678952023,0.14772090129983897,,,,,,,,,,,,28.127188024335577,31.551294287276814,28.226919728503955,31.663949201241074,28.47672413606664,32.01711432963468,28.725533797127433,32.897236767021695,,,,,0.00031741698630726096,-0.1385539137461329,-0.15829621728320475,-0.17755526932022853,-0.20338779368760274,43.7807959669661,43.69670531997292,28.154026412963866,31.58139991760254,28.14161273411342,31.567476272583008,28.760919298444474,32.26217472742474,28.6936834728907,32.86456748417446,-0.049999237060547
2023-09-19,,,,,,,31.469999313354492,31.500000000000000,31.429000854492188,31.429000854492188,7700,,,,,28.018165588378906,,,0.06196217606423239,0.0924298401068271,0.0944218437697055,0.1477089892044688,,,,,,,,,,,,28.09084721235002,31.51052980968194,28.20794207940168,31.64259026062754,28.462394181451398,31.99873578353648,28.719941953580012,32.88563015901751,,,,,-0.0025739521948453187,-0.13822662461212332,-0.1577164576247796,-0.16968954037860748,-0.1942535264750381,41.909769385608854,41.833032563778815,28.132453155517577,31.557200241088868,28.12119384039016,31.54457155863444,28.75241494557214,32.25263507782467,28.683318577115497,32.846984151809934,-0.040998458862304
2023-09-20,,,,,,,31.440000534057617,31.440000534057617,31.200000762939453,31.260000228881836,2500,,,,,27.867507934570312,,,0.033381414384060754,0.08951130148703747,0.0948983235083877,0.147767405573583,,,,,,,,,,,,28.01640078642345,31.42701994941524,28.176993520780645,31.607809348650658,28.44380398623636,31.975650297453523,28.713203344734087,32.872779329530275,,,,,-0.005391650821330491,-0.1484132436900154,-0.16894642281145877,-0.16543428104088906,-0.18919210574232223,38.238056007924214,38.174663527106055,28.04918975830078,31.46380043029785,28.10531725202288,31.526762008666992,28.742509720817445,32.24152398487878,28.6727456213936,32.82918653790913,-0.180000305175781
2023-09-21,,,,,,,31.209999084472656,31.209999084472656,31.069999694824220,31.069999694824220,1300,,,,,27.698125839233400,,,0.040349214690744,0.09084311976494398,0.09554666204249448,0.14787829251787038,,,,,,,,,,,,27.9103091373601,31.3080131978849,28.13346009518544,31.558917561939165,28.42050154414252,31.947348716121358,28.705179016627362,32.85852810712153,,,,,-0.006096668335618576,-0.16821485605780495,-0.19097625098440218,-0.16599039604427224,-0.18954893479073823,34.57093217748326,34.519674719001586,27.95112724304199,31.353800201416014,28.086638677687873,31.505809602283296,28.729463032313756,32.226889050196085,28.661585247705855,32.81073415090167,-0.139999389648436
2023-09-22,,,,,,,31.139999389648438,31.209999084472656,31.040000915527344,31.040000915527344,5800,,,,,27.671382904052734,,,0.04391865000074973,0.08668553961493144,0.0955288144887363,0.14699669439453292,,,,,,,,,,,,27.83066705959098,31.21867577043238,28.09145307780974,31.51174332135627,28.397091586639714,31.918994097352794,28.697006715342187,32.844152398097066,,,,,-0.0009659806585672323,-0.18394530096369976,-0.2084527853545879,-0.16958137702815773,-0.19332970490350818,34.01625220258501,33.966709575596866,27.869111633300783,31.261800384521486,28.057559785388765,31.473190580095565,28.715737206595286,32.211492265973774,28.652294832562642,32.794476213909334,-0.099998474121094
2023-09-25,,,,,,,30.850000381469727,30.850000381469727,30.639999389648438,30.649999618530273,6400,,,,,27.323705673217773,,,0.07122293393397285,0.0948031378231106,0.09838352769533867,0.14741797832688341,,,,,,,,,,,,27.66167993079991,31.029117053131678,28.02165785921047,31.433402984735725,28.36354827684528,31.87933801988959,28.686150580621835,32.82680731683567,,,,,-0.012644105931858128,-0.22190841665784333,-0.25088091107054566,-0.18004678495409487,-0.20483994613691567,27.776576997670396,27.744377344915144,27.715777587890624,31.08980026245117,28.018504733131046,31.429381052652996,28.695431391398113,32.1887144966731,28.64229248440455,32.77745240832132,-0.200000762939454
2023-09-26,,,,,,,30.819999694824220,30.819999694824220,30.729999542236328,30.729999542236328,1400,,,,,27.395023345947266,,,0.09142164299850541,0.0953915181597994,0.09774145174129899,0.14690187174265415,,,,,,,,,,,,27.572794402515694,30.92941121616656,27.96469108527745,31.36945721723578,28.333281872754714,31.843421192462927,28.675944041217292,32.81023176130524,,,,,0.002606702106970468,-0.24343356854625853,-0.2748815180900195,-0.1927241416725276,-0.21884826052753642,30.58917910486378,30.554666395337794,27.591149139404298,30.95,27.981147675287154,31.387476239885604,28.673639781891353,32.164270037696475,28.634098416283017,32.76253176492358,-0.090000152587892
2023-09-27,,,,,,,30.809999465942383,30.809999465942383,30.649999618530273,30.680000305175780,4000,,,,,27.350450515747070,,,0.09299523099996392,0.09512224906474709,0.09767151656750891,0.14375047657622333,,,,,,,,,,,,27.49867977359282,30.8462742458363,27.908851033501964,31.306779316139416,28.302568392848226,31.8070642897352,28.665465831529783,32.793391986948485,,,,,-0.0016283662156920565,-0.26107949943154196,-0.29454140269312745,-0.20639521322433046,-0.23398688896065464,29.807876977495667,29.775208531057757,27.48773765563965,30.834000015258788,27.94081905909947,31.342238199143182,28.652414200797914,32.14046051388695,28.629235623374818,32.7515198541066,-0.129999160766603
2023-09-28,,,,,,,30.780000686645508,30.950000762939453,30.760000228881836,30.770000457763672,4300,,,,,27.430683135986328,,,0.10040089803429167,0.09632818331719002,0.09791272572784718,0.1437527936591064,,,,,,,,,,,,27.47601422772399,30.820849649812093,27.865381224636906,31.25798123810526,28.27532197857129,31.77465604498609,28.65570470350177,32.77739679699446,,,,,0.0029292083700711443,-0.2655290710242113,-0.2994083496521647,-0.21822198478430663,-0.24707118109895665,33.11932018692687,33.08429202789818,27.434249114990234,30.77400016784668,27.906009038289387,31.303190594627743,28.632179139152406,32.11776209634448,28.62504713875907,32.7412817667401,-0.010000228881836
2023-09-29,,,,,,,30.899999618530273,30.899999618530273,30.629999160766600,30.629999160766600,4600,,,,,27.305873870849610,,,0.10144029320065243,0.09467253069128166,0.0980667016044121,0.14381712435703237,,,,,,,,,,,,27.41930077543253,30.757232820130262,27.814516919747152,31.2008919583472,28.24502672520499,31.738885517354234,28.645034104034163,32.76042132160926,,,,,-0.004560370190096745,-0.275945524949325,-0.31097761840157645,-0.2297666928173103,-0.25985246855948063,30.693514104188363,30.663732426566717,27.361147308349608,30.69199981689453,27.85931260245187,31.250809624081565,28.61151955619691,32.09458747742668,28.6204921631586,32.73063890517704,-0.270000457763673
2023-10-02,,,,,,,30.479999542236328,30.500000000000000,30.430000305175780,30.430000305175780,3300,,,,,27.127582550048828,,,0.06704911657087563,0.09461391632895072,0.0986341248843259,0.1437167707489222,,,,,,,,,,,,27.322061366971298,30.648155315145434,27.752068340683667,31.13081089896798,28.21010659473136,31.697982854473658,28.63303843957578,32.74199902108409,,,,,-0.006550822604776116,-0.29518455546793376,-0.33245228047857367,-0.242850265347435,-0.2743724309432992,27.585238822610528,27.561483391627508,27.32192268371582,30.647999954223632,27.81304086957659,31.198904854910715,28.5873223864843,32.067444634816006,28.61618553646027,32.72032145091465,-0.049999237060548
2023-10-03,,,,,,,30.430000305175780,30.430000305175780,30.190000534057617,30.190000534057617,8300,,,,,26.913627624511720,,,0.0686378193444255,0.09641632422716542,0.09587517637551998,0.14388226496518988,,,,,,,,,,,,27.185916786151438,30.49543705478283,27.67584645739531,31.045282683976126,28.169591626911995,31.650858406960655,28.619446259219544,32.72182512000088,,,,,-0.007918255077459338,-0.32396157280635407,-0.3646338090841823,-0.25907252683921883,-0.29242470657147585,24.39287343456692,24.374658623879682,27.22564353942871,30.54000015258789,27.755095073154994,31.13390486580985,28.55406894381084,32.03014304145934,28.611446781763956,32.70953970106821,-0.239999771118163
2023-10-04,,,,,,,30.459999084472656,30.469999313354492,30.190000534057617,30.270000457763672,6300,,,,,26.984947204589844,,,0.08163879835704473,0.08728338240265196,0.09612403385403182,0.14317774790538318,,,,,,,,,,,,27.118926925630905,30.420291522443108,27.613037434412995,30.974802481593176,28.13257148871443,31.60770659604825,28.606525318076226,32.70244310686066,,,,,0.0026464381267573872,-0.3371264880047917,-0.3793101260825722,-0.2746833190723334,-0.3098017904736951,27.408601517692198,27.388526931738284,27.152542877197266,30.45800018310547,27.71922393072219,31.09366680326916,28.523221091618613,31.995539862012105,28.608607837132045,32.70096827310229,-0.189998626708984
2023-10-05,,,,,,,30.190000534057617,30.190000534057617,30.190000534057617,30.190000534057617,300,,,,,26.913627624511720,,,0.06544857106174269,0.08722864076313948,0.09560779394232093,0.1392880340534986,,,,,,,,,,,,27.050493825257846,30.343527859647946,27.549454724421967,30.903456849999035,28.094479492958094,31.56340328161104,28.593142727613266,32.68258190075154,,,,,-0.0026464381267574037,-0.3492882941863833,-0.39286780281760514,-0.28960431409514337,-0.3264149929424771,26.279753641684366,26.26143320933047,27.049131774902342,30.342000198364257,27.679744357154483,31.049381074451265,28.48940162053184,31.957603333488343,28.60179808783153,32.68776191983904,0E-15
2023-10-06,,,,,,,30.170000076293945,30.870000839233400,30.100000381469727,30.565000534057617,13000,,,,,27.247932434082030,,,0.13069092927335904,0.08636062023811379,0.09781387490080878,0.1397945365441596,,,,,,,,,,,,27.116306694865905,30.41735208445117,27.522043607118338,30.87268809400436,28.06802489736822,31.532203195749997,28.582508654146615,32.66584212710179,,,,,0.012344882782591748,-0.3281680914947138,-0.36909825834713317,-0.29731706957505744,-0.3349516460234083,38.968558094254675,38.94494123458336,27.037543487548827,30.32900047302246,27.639203571137926,31.00390488760812,28.457350988236684,31.921650931948708,28.59586753542461,32.67551985241118,0.395000457763672
2023-10-09,,,,,,,29.659999847412110,29.659999847412110,29.649999618530273,29.649999618530273,400,,,,,26.432231903076172,,,0.25324815558162067,0.13126292988687,0.11244956603578553,0.1422646151077664,,,,,,,,,,,,26.88828176426933,30.161567929144205,27.42296981584178,30.76153459623399,28.016906366296592,31.47338433396188,28.565510418960287,32.64200147486012,,,,,-0.03039347337915901,-0.37295124466273677,-0.4192606739368685,-0.3124439045925933,-0.35181345160610034,26.83268815050011,26.82194620349213,26.8984733581543,30.17300033569336,27.557230449858167,30.91195251828148,28.408815141708132,31.867206452384828,28.588388049413286,32.66162302380516,-0.010000228881837
2023-10-10,,,,,,,29.819999694824220,29.819999694824220,29.600000381469727,29.610000610351562,4600,,,,,26.396572113037110,,,0.25308864769083667,0.12933080583993153,0.11005809711146614,0.14209256431228653,,,,,,,,,,,,26.72437854719192,29.97771215621332,27.329660933768626,30.656849688426497,27.96627092088223,31.415153592599058,28.548364661601212,32.618033088579416,,,,,-0.00135001335423473,-0.4066322596588847,-0.4569746164452262,-0.3312815756058516,-0.37284568457392553,26.444955707752783,26.434560713680415,26.795062255859374,30.057000350952148,27.468932015555247,30.812904902866908,28.355185100010463,31.80704770769392,28.581587322174556,32.64852778873746,-0.209999084472658
2023-10-11,,,,,,,29.354999542236328,29.354999542236328,29.354999542236328,29.354999542236328,300,,,,,26.169246673583984,,,0.24737850050292423,0.13064237575828197,0.10849562777335989,0.14090739479291142,,,,,,,,,,,,26.53933458932261,29.770141284887657,27.224168728297293,30.53849967513648,27.910113913154163,31.350773778525223,28.52955740477894,32.59223835698778,,,,,-0.008649227268479547,-0.44652075649647216,-0.5016568547108804,-0.3543294117839757,-0.3986079186013165,24.05831469075789,24.04981407216171,26.6319221496582,29.87400016784668,27.375751767839706,30.70838110787528,28.293560149177672,31.73792073083302,28.576131744990274,32.63705158990527,0E-15
2023-10-12,,,,,,,29.370000839233400,29.370000839233400,29.319999694824220,29.319999694824220,800,,,,,26.138044357299805,,,0.24888179124339896,0.12679120327953197,0.10824334123628589,0.14071290092319472,,,,,,,,,,,,26.40557117864834,29.620094088199846,27.125430149115704,30.427726949653547,27.854736739533713,31.287312088409568,28.510652163296893,32.56637085768213,,,,,-0.001193039034146174,-0.47517294584207903,-0.5337394297301081,-0.3784981185955964,-0.4256342208270748,23.741593155774503,23.733340209614465,26.47680549621582,29.7,27.2735717410133,30.593762079874676,28.23427000499907,31.671412816123357,28.569759217519607,32.62450794189695,-0.050001144409180
2023-10-13,,,,,,,29.299999237060547,29.299999237060547,28.750000000000000,28.760000228881836,14200,,,,,25.638816833496094,,,0.19964541400392727,0.13769617801481632,0.11328112433740209,0.14169857835068012,,,,,,,,,,,,26.149986396930924,29.333396135093842,26.990283484059375,30.276115429583392,27.78548924247004,31.208333592799324,28.487949907725344,32.536280971288456,,,,,-0.019284405567742233,-0.5320305838853194,-0.5974651717749921,-0.409204611653541,-0.4600004110166583,19.35191475127812,19.346641114358665,26.154982376098634,29.338999938964843,27.152161189488,30.457571574619838,28.170027203030056,31.59934933980306,28.56244282495408,32.61095635853116,-0.539999008178711
2023-10-16,,,,,,,29.440000534057617,29.639999389648438,29.440000534057617,29.639999389648438,300,,,,,26.423316955566406,,,0.29252858202712945,0.1827397862633234,0.12981747592425827,0.14436182967675198,,,,,,,,,,,,26.241096583142753,29.435597219945375,26.938741072378196,30.218286698680213,27.742921358504297,31.15932314895086,28.47162869861737,32.513385464714226,,,,,0.030139352710351435,-0.5079329334818468,-0.5703846642928845,-0.42895027601920216,-0.4820772616719035,38.57244123178177,38.56358001967894,26.15319938659668,29.336999893188477,27.07320195152646,30.36900011698405,28.11583119346982,31.53855565994505,28.556859992799303,32.5992817500281,0.199998855590821
2023-10-17,,,,,,,30.368000030517578,30.368000030517578,30.368000030517578,30.368000030517578,200,,,,,27.072307586669922,,,0.33838035596941096,0.20546513275319508,0.13996965824909052,0.14610727350411593,,,,,,,,,,,,26.518166917651808,29.746398156802776,26.950883482768354,30.23189700157452,27.721964678134473,31.13459430149982,28.46056687164545,32.49642589606445,,,,,0.02426450680139261,-0.43149326605797,-0.48459350714448135,-0.4294588740269557,-0.4825805107664191,49.330786479705594,49.321323868127436,26.28834648132324,29.48859977722168,27.024722508021764,30.31461915515718,28.072078099326482,31.48947630988227,28.554913437555708,32.5917380953592,0E-15
2023-10-18,,,,,,,29.840000152587890,29.840000152587890,29.750000000000000,29.750000000000000,1100,,,,,26.521377563476562,,,0.3771198845005245,0.21556410191431197,0.14500662268945066,0.147535006271256,,,,,,,,,,,,26.519237132926726,29.74759877120185,26.911837490105462,30.188088183249565,27.684446330801414,31.09132572957795,28.44523731189708,32.47471501941572,,,,,-0.020560236867262636,-0.4106361693161382,-0.461154927686092,-0.4256943330847922,-0.47829539415035366,42.52242047078109,42.51545539180375,26.358772659301756,29.567599868774415,26.953446887788317,30.234666733514693,28.019636699131556,31.43065089271182,28.55087894106668,32.58185713631766,-0.090000152587890
2023-10-19,,,,,,,29.889999389648438,30.090000152587890,29.889999389648438,30.007999420166016,2700,,,,,26.751377105712890,,,0.3772263875148037,0.2187398387631608,0.14644767484579188,0.1471519412253566,,,,,,,,,,,,26.59661712385545,29.83439898752324,26.89725018243341,30.171716477514696,27.6552879175174,31.05747178240883,28.43184711263871,32.45521529135841,,,,,0.008634844311577317,-0.3712679828093357,-0.41695489114349726,-0.4148090630297009,-0.46602729354898237,45.8805208845581,45.873407011999866,26.481439208984376,29.705199813842775,26.90029780069987,30.17504764738537,27.972713924589613,31.378015942043728,28.546258971804665,32.57124602605426,0.118000030517578
2023-10-20,,,,,,,30.007999420166016,30.007999420166016,29.559999465942383,29.649999618530273,7100,,,,,26.432231903076172,,,0.350742917557524,0.22109534268872055,0.14647847315617138,0.14739204081273546,,,,,,,,,,,,26.541822050262354,29.77293253119225,26.854975793400936,30.124287672152477,27.61706741706611,31.01348827728762,28.416039877780506,32.43303967339139,,,,,-0.012001781731456279,-0.3616518644424467,-0.40613199892701246,-0.40417762331225005,-0.4540482346245884,42.19653443833876,42.19053121689381,26.64012222290039,29.88319969177246,26.840017137073335,30.10742859613328,27.926300654335627,31.3259524390811,28.539474343496657,32.55816269677783,-0.357999801635743
2023-10-23,,,,,,,29.459999084472656,29.760000228881836,29.459999084472656,29.666999816894530,14400,,,,,26.447385787963867,,,0.27839918271517405,0.22127022505529417,0.14438108758067061,0.1452557289834777,,,,,,,,,,,,26.51034329616286,29.737621626426343,26.81792215654302,30.08271604894721,27.580514866156665,30.971410512900338,28.400477394857056,32.411173745672045,,,,,0.0005731465530279727,-0.34878762288825627,-0.3916680989001158,-0.3930996232274513,-0.4415722074796939,42.43290009880717,42.42690621051069,26.64493598937988,29.88859977722168,26.78173156011672,30.04204759143648,27.875104540870304,31.268523867168124,28.529960269019718,32.54188094820295,0.207000732421874
2023-10-24,,,,,,,29.389999389648438,29.500000000000000,29.340000152587890,29.450000762939453,7200,,,,,26.253936767578125,,,0.17873972558218426,0.2188520182544657,0.14478978442331614,0.14514796615790587,,,,,,,,,,,,26.424874453301282,29.641748005264045,26.766650757546213,30.025196477491956,27.539059300576085,30.92386645821406,28.383508694246153,32.38776526359511,,,,,-0.007341367534748938,-0.3501658441185853,-0.3931829952184742,-0.3845128674056781,-0.43189436502744993,40.17446388472482,40.169117106902384,26.481261825561525,29.704999923706055,26.730790183657692,29.984904788789294,27.821304745144314,31.208174690367684,28.518695566389297,32.52358729498727,0.060001373291015
2023-10-25,,,,,,,29.290000915527344,29.290000915527344,29.120000839233400,29.120000839233400,700,,,,,25.959749221801758,,,0.13934036339190156,0.22052227239626052,0.1456466109590965,0.14496755150204033,,,,,,,,,,,,26.26983270946811,29.46783228325383,26.693296072478535,29.942905964922996,27.48970586061439,30.867495657620914,28.364348540313788,32.36193313375826,,,,,-0.011268718279054657,-0.37072310549637777,-0.4162139421428179,-0.38175491502381803,-0.42875828045052355,36.953382190020804,36.94890646600737,26.368936157226564,29.579000091552736,26.66244379679362,29.908238183884393,27.76611818586077,31.146269934517996,28.507805703178285,32.50578968108646,-0.170000076293944
2023-10-26,,,,,,,28.780000686645508,28.780000686645508,28.500000000000000,28.590000152587890,11500,,,,,25.487270355224610,,,0.11055146957081159,0.22715327429554744,0.14884793525566317,0.14607588170100322,,,,,,,,,,,,26.008978591386942,29.175221573031852,26.583657370909997,29.819914527437987,27.427129751070957,30.796323923088632,28.34160483924589,32.3321154817332,,,,,-0.018368105846298145,-0.4202950790606721,-0.471794209555064,-0.38946294783118884,-0.43736546627143164,32.4530009993056,32.44957231703952,26.116114807128906,29.29540023803711,26.573720932006836,29.808714367094495,27.701861245291575,31.07419056362576,28.495159550318643,32.486027778141086,-0.190000534057618
2023-10-27,,,,,,,28.704999923706055,28.729999542236328,28.409999847412110,28.409999847412110,4800,,,,,25.326803207397460,,,0.11040214361988328,0.2261837782833269,0.1490593292006072,0.14590764365307998,,,,,,,,,,,,25.78158679672378,28.92014766449194,26.469397901499764,29.691740465617453,27.36149454658116,30.72175129572374,28.317772415278707,32.30111061505872,,,,,-0.006315875504543816,-0.46714463049400123,-0.5243224296264835,-0.4049992843637513,-0.454756858942442,31.069078077176787,31.065964544650974,25.895029067993164,29.047400283813477,26.473536173502605,29.696333385649183,27.63630249386742,31.00065089028979,28.480893664889866,32.46440079098656,-0.295000076293945
2023-10-30,,,,,,,28.620000839233400,28.690000534057617,28.620000839233400,28.690000534057617,1400,,,,,25.576416015625000,,,0.16460416112612714,0.23099995833693815,0.1499736798873684,0.1459448821915129,,,,,,,,,,,,25.713196536357522,28.843431954347164,26.388217730056603,29.600673199112013,27.305710842488782,30.658259084421676,28.29610161370042,32.27256429030772,,,,,0.0098074272235882,-0.47861440112595943,-0.5371655965070019,-0.41972230771619295,-0.471238606455354,35.66497154349798,35.66159248592019,25.72083511352539,28.852000427246093,26.39118103753953,29.60395249866304,27.57984243120466,30.937317560589502,28.468787700410875,32.44525397013104,0.069999694824217
2023-10-31,,,,,,,28.920000076293945,28.975000381469727,28.879999160766600,28.975000381469727,1300,,,,,25.830486297607422,,,0.2016241808044629,0.23490381279417524,0.15100329834489765,0.14621808102439862,,,,,,,,,,,,25.752293123440822,28.887288096721353,26.337514872561226,29.543793852053625,27.25961007546124,30.605657249954426,28.276610583533675,32.24649659142363,,,,,0.009884756298462959,-0.46187867868658117,-0.5183713309188924,-0.4281535819102706,-0.48066515134806165,40.0466547345153,40.04307162400134,25.63614501953125,28.757000350952147,26.329414549328032,29.53466678801037,27.531943336365714,30.8835873982263,28.45714762097313,32.426603181021555,0.055000305175782
2023-11-01,,,,,,,28.840000152587890,28.909999847412110,28.840000152587890,28.909999847412110,900,,,,,25.772537231445312,,,0.18878970562796266,0.23402468116585365,0.15078935867029866,0.1457722144887872,,,,,,,,,,,,25.75904115944232,28.894858680284937,26.286153268823416,29.48617621526803,27.21313904908574,30.55266795612498,28.256815537272107,32.22012112309152,,,,,-0.002245957176868495,-0.4481257882790679,-0.5029243411559534,-0.43214802318403006,-0.48511698930964003,39.38773615756995,39.384306461980984,25.59870262145996,28.71500015258789,26.275076911562966,29.473714374360583,27.482105618431454,30.827682646494065,28.444006511143275,32.40620635804676,0.069999694824220
2023-11-02,,,,,,,29.250000000000000,29.420000076293945,29.250000000000000,29.409999847412110,5500,,,,,26.218275070190430,,,0.15327974410967338,0.242923334734335,0.1554873716516162,0.14674486224974206,,,,,,,,,,,,25.91211912969169,29.06657240266066,26.279982523493143,29.479251090917494,27.182049549745262,30.516959577727704,28.2407005928683,32.19790672565532,,,,,0.017147212768361685,-0.39668645067210306,-0.4452046273399084,-0.42505570868164466,-0.4771345169156937,46.65803500398902,46.654394231218376,25.744903564453125,28.879000091552733,26.238568714686803,29.432761964343843,27.439795872521778,30.780222302391415,28.432091879466224,32.38715874202668,0.159999847412110
2023-11-03,,,,,,,29.370000839233400,29.569999694824220,29.350000381469727,29.569999694824220,12400,,,,,26.360912322998047,,,0.11283680943574656,0.24399693949468088,0.1558406298526713,0.14680299911836395,,,,,,,,,,,,26.06171686079381,29.234381500048514,26.287339777993587,29.487500963999924,27.156389011409413,30.487367081386967,28.225840606545216,32.17713275703215,,,,,0.005425629789494993,-0.34048586171706674,-0.38214555173788156,-0.4081417392887291,-0.45813672388013127,48.77545969836842,48.77177110006831,25.95172538757324,29.111000061035156,26.212248938424246,29.40323811485654,27.39833516923208,30.733714361039418,28.421268637218173,32.36936112055703,0.199998855590820
2023-11-06,,,,,,,29.649999618530273,29.649999618530273,29.552999496459960,29.552999496459960,1000,,,,,26.345758438110350,,,0.12572018131607857,0.23915813689133594,0.15584986180497218,0.1467195660874852,,,,,,,,,,,,26.15639738656599,29.34058749885233,26.29265056527693,29.493455376041744,27.131056805993815,30.458168094358,28.210978296913318,32.15638862058494,,,,,-0.0005750272246919303,-0.2937827374075255,-0.32974149919283846,-0.38526993891248834,-0.43245767894267273,48.55493964756849,48.55126572851923,26.105593872070312,29.283599853515625,26.169288271949405,29.35504758925665,27.357483000982377,30.687888978019593,28.409859891921755,32.35088096346174,-0.097000122070313
2023-11-07,,,,,,,29.510000228881836,29.510000228881836,29.510000228881836,29.510000228881836,400,,,,,26.307424545288086,,,0.12896816978990294,0.21505972962754855,0.15452163705327,0.14576769186064784,,,,,,,,,,,,26.20673977280669,29.397058408862165,26.293993654368855,29.494959453572662,27.10531829784676,30.42853784856187,28.195930441169246,32.13546855424737,,,,,-0.0014560904934202842,-0.256901993431093,-0.2883565961886525,-0.3595963498162093,-0.40363746239186865,47.96418465229023,47.960619838338275,26.200981521606444,29.39059982299805,26.163345064435685,29.34838095165434,27.321257969689746,30.647254065861777,28.396400890653094,32.33000794668046,0E-15
2023-11-08,,,,,,,29.200000762939453,29.305000305175780,29.200000762939453,29.305000305175780,600,,,,,26.124671936035156,,,0.14585513252279872,0.2163079847295611,0.15492641578029456,0.14582229666504354,,,,,,,,,,,,26.179383827216178,29.366372374300038,26.278600770883973,29.477690440082036,27.074673099040147,30.393427300331055,28.179556856148423,32.1130933111717,,,,,-0.006971048712395923,-0.2396577213280615,-0.2689996820942433,-0.3356086241185797,-0.3767099063323436,45.14423333193956,45.141094269847166,26.271408462524413,29.46959991455078,26.150397436959402,29.333857127598353,27.28312265305292,30.60447629292806,28.381674357822963,32.30768651810904,0.104999542236327
2023-11-09,,,,,,,29.250000000000000,29.250000000000000,29.250000000000000,29.250000000000000,500,,,,,26.075641632080078,,,0.07012741626627472,0.21435398958888877,0.15492118794847368,0.14550244657977693,,,,,,,,,,,,26.144803095504145,29.327581582866692,26.26014994008362,29.45699130916549,27.043453365697648,30.35769519719571,28.162925115246697,32.09046016246678,,,,,-0.001878544975014861,-0.22732735892662959,-0.25515597394775824,-0.3139523710801897,-0.35239911985542655,44.39018841596389,44.3871408686491,26.242881774902344,29.43759994506836,26.145940054030646,29.328857149396622,27.245199566795712,30.561936605544318,28.365661848159064,32.283869062151226,0E-15
2023-11-10,,,,,,,29.444999694824220,29.444999694824220,29.444999694824220,29.444999694824220,200,,,,,26.249479293823242,,,0.0774182428540449,0.2155987784920808,0.15450419716445107,0.14567741396231668,,,,,,,,,,,,26.17969516161051,29.366720953519202,26.259179881332674,29.45590116240719,27.01864167595157,30.3291734627466,28.1477990613224,32.06954743149728,,,,,0.006644544656331123,-0.20120880159070964,-0.2258464722635587,-0.29140365718229366,-0.32708859033705295,47.72414578210134,47.72104304126467,26.220595169067384,29.412599945068358,26.15124647957938,29.334809530349006,27.206215237814284,30.518206429859948,28.35027816560533,32.26075397975861,0E-15
2023-11-13,,,,,,,29.270000457763672,29.270000457763672,29.229999542236328,29.229999542236328,400,,,,,26.057811737060547,,,0.08978141553853555,0.2057351610071252,0.15461800330919978,0.14441451543256859,,,,,,,,,,,,26.13906735342719,29.321147149758243,26.240873686398846,29.435364651482566,26.988615740361226,30.294824277730655,28.131277422395428,32.04710041260984,,,,,-0.007328554425968011,-0.19374228625057555,-0.21746044781983187,-0.27187138299595004,-0.30516296183360875,44.55259928117049,44.549913293311015,26.163005828857422,29.34799995422363,26.171198617844354,29.35719045003255,27.167160155281188,30.47439690241738,28.33176122392927,32.234007941352,-0.040000915527344
2023-11-14,,,,,,,29.370000839233400,29.540000915527344,29.354999542236328,29.540000915527344,3400,,,,,26.334169387817383,,,0.12824797406132218,0.18009582058435147,0.15638112306754426,0.14430437756814188,,,,,,,,,,,,26.204101364890587,29.39409840501461,26.24935511380053,29.444877039123,26.968164291844232,30.2712360476618,28.117071034770305,32.027281444253454,,,,,0.010549714210244528,-0.16363893843083233,-0.18368256472737698,-0.25022489408292653,-0.2808668824123624,49.739060023252804,49.736334384554105,26.168354797363282,29.354000091552734,26.166953495570592,29.352428617931547,27.13418972681439,30.43741277664427,28.31288344519479,32.20678571670774,0.170000076293944
2023-11-15,,,,,,,29.709999084472656,29.799999237060547,29.700000762939453,29.799999237060547,6100,,,,,26.565952301025390,,,0.12125067004422685,0.16055088063979062,0.1573034367126512,0.14430876089448574,,,,,,,,,,,,26.32471834360219,29.529398682363254,26.27813667627552,29.47716087529914,26.955595167131143,30.25650989733051,28.10480922659841,32.00967447028356,,,,,0.008763095019795292,-0.11969905816309279,-0.1343845558605281,-0.22411972689895976,-0.2515704171019955,53.65459570758915,53.65185497634763,26.256610870361328,29.452999877929688,26.142841339111328,29.32538096110026,27.103058860415505,30.40249212961348,28.29614568135095,32.182023805285255,0.090000152587891
2023-11-16,,,,,,,29.709999084472656,29.899999618530273,29.709999084472656,29.780000686645508,5200,,,,,26.548122406005860,,,0.11823657171820617,0.14376799026778522,0.1572684921341204,0.14424758665562254,,,,,,,,,,,,26.399186364403413,29.612932683790675,26.30268083352373,29.50469176723972,26.942861643345978,30.241618984496604,28.092503401929694,31.992048590571,,,,,-0.0006713812031036231,-0.08533146202140074,-0.09582463776877503,-0.19636207392344796,-0.22042126123535144,53.31054240309099,53.30787010552982,26.351107025146483,29.55900001525879,26.144114903041295,29.326809565226238,27.072918543739924,30.368682619125124,28.278896528577047,32.156666672418986,0.070001602172852
2023-11-17,,,,,,,29.799999237060547,30.000000000000000,29.799999237060547,30.000000000000000,5300,,,,,26.744249343872070,,,0.11950361845618813,0.1428739268041795,0.1573953299039924,0.14293648340559753,,,,,,,,,,,,26.51420735755963,29.741955122527116,26.34282342537358,29.549719788399745,26.93665500898742,30.234068391231087,28.081845267083388,31.976301170882692,,,,,0.007360446415725938,-0.041787390661557566,-0.04697205429232554,-0.16544713727106988,-0.18573141984674627,56.60674699602669,56.60405271898549,26.45006103515625,29.670000076293945,26.143775485810778,29.326428640456427,27.04979684617784,30.342746098836262,28.265028787037682,32.13523016278706,0.200000762939453
2023-11-20,,,,,,,29.850000381469727,29.850000381469727,29.850000381469727,29.850000381469727,500,,,,,26.610528945922850,,,0.10640947973012986,0.1374318863954705,0.15749671769339485,0.14287643925235935,,,,,,,,,,,,26.546314553680705,29.77797020884132,26.367160290878058,29.57701802413338,26.92646356951665,30.222066265926042,28.07021430802283,31.9594924689901,,,,,-0.005012509927517044,-0.01786260990934707,-0.020127725647469674,-0.13593023179872532,-0.15261068100689093,53.81702996395263,53.814586542376844,26.56060447692871,29.794000244140626,26.152265821184432,29.335952486310685,27.02630721198188,30.316396894909087,28.2499558812096,32.112408728826615,0E-15
2023-11-21,,,,,,,29.871000289916992,29.871000289916992,29.871000289916992,29.871000289916992,300,,,,,26.629247665405273,,,0.0912632091360418,0.13743564108690082,0.15676196252815397,0.1428628248308404,,,,,,,,,,,,26.57395892425556,29.808980235866542,26.390986415835076,29.603743684659165,26.91717557251317,30.211095454175762,28.05882326736973,31.942982649392683,,,,,0.0007031855295109258,0.002578670124844251,0.002808737932156191,-0.10822845141401141,-0.12152679721908151,54.157612474866966,54.15521073007367,26.61962013244629,29.860200119018554,26.160925910586403,29.34566679454985,27.000072418697297,30.2869683220273,28.235299625093976,32.09007142838978,0E-15
2023-11-22,,,,,,,29.989999771118164,29.989999771118164,29.989999771118164,29.989999771118164,100,,,,,26.735332489013672,,,0.07444761815688665,0.13505084171663284,0.1568595941694711,0.14292060800774647,,,,,,,,,,,,26.627750112508263,29.869320080950416,26.42229060430586,29.638857874337255,26.91149297615381,30.20418621408021,28.048360889675212,31.927544049564425,,,,,0.003975856759126815,0.027027138472252688,0.030239729403099602,-0.08117733343675859,-0.09117349189464528,56.13207711790018,56.12969488556073,26.653496170043944,29.898200225830077,26.183849516369047,29.371381033034552,26.977714811052596,30.26188895815895,28.220894866519505,32.06800793844556,0E-15
2023-11-24,,,,,,,30.030000686645508,30.030000686645508,30.030000686645508,30.030000686645508,200,,,,,26.770992279052734,,,0.07248691626540676,0.12763647478592474,0.15686324603348367,0.14292685430874083,,,,,,,,,,,,26.67549750135642,29.92288028284878,26.453990756555577,29.674416311819822,26.9071023293694,30.198742916347875,28.03826311409717,31.912543706774553,,,,,0.0013329188828904485,0.0487185754031394,0.05457759086082703,-0.05519815166877899,-0.06202327534355082,56.805550266982536,56.80317541076214,26.69807014465332,29.948200225830078,26.222480138142902,29.414714359101794,26.955357203407893,30.236809594290598,28.20654008502052,32.04599603774056,0E-15
2023-11-27,,,,,,,29.879999160766600,29.879999160766600,29.879999160766600,29.879999160766600,200,,,,,26.637269973754883,,,0.06402492287182995,0.10842273153414227,0.1570573247849917,0.14299556082748957,,,,,,,,,,,,26.662754992155907,29.908586575488055,26.470652503573696,29.693105661724076,26.898670068256447,30.18878217398596,28.027188069509485,31.896476160956308,,,,,-0.005007561717554999,0.05449078710126187,0.06105781539878308,-0.033260363914770816,-0.03740705719508405,53.48928139814997,53.487175713164554,26.67667427062988,29.9242000579834,26.277242024739582,29.47614288330078,26.930594005281964,30.20903181651282,28.19181397604564,32.02357540433369,0E-15
2023-11-28,,,,,,,30.030000686645508,30.030000686645508,30.030000686645508,30.030000686645508,300,,,,,26.770992279052734,,,0.06199254110080338,0.10436579024752381,0.1574990350413761,0.1430972404147389,,,,,,,,,,,,26.698834087788182,29.94905794587387,26.497956119526336,29.723732482171478,26.894680137343833,30.18382025250657,28.017257668003896,31.881721414123813,,,,,0.005007561717554966,0.06905950395858085,0.07740503252400543,-0.012796390340100485,-0.014444639251266149,56.24044575148171,56.238362730236005,26.70876693725586,29.960200119018555,26.346012932913645,29.553285780407133,26.908519381568546,30.18426992022802,28.17782187083411,32.00198810062711,0E-15
2023-11-29,,,,,,,29.799999237060547,29.799999237060547,29.799999237060547,29.799999237060547,300,,,,,26.565952301025390,,,0.08899502772149163,0.1067976639540169,0.15772804612054925,0.14324801957525088,,,,,,,,,,,,26.654540158867253,29.899371709602764,26.504137590571702,29.73066582352503,26.884407392458883,30.171825845773885,28.005784898304462,31.865265112328846,,,,,-0.007688516456633629,0.06333027243482903,0.07098287865209585,0.0024289422148854184,0.0026408643294062507,51.23597803455917,51.23424705588696,26.696107864379883,29.945999908447266,26.3931337084089,29.606142861502512,26.881209116133434,30.153634994749037,28.163429646264937,31.979972226279124,0E-15
2023-11-30,,,,,,,30.030000686645508,30.229999542236328,30.030000686645508,30.229999542236328,3200,,,,,26.949283599853516,,,0.1382946506402861,0.11201125556769952,0.1602327705700285,0.1439875451363954,,,,,,,,,,,,26.75278797252934,30.009580987147285,26.544605409597324,29.77605979795333,26.886434773939964,30.173643773788335,27.997433109383902,31.852338111774753,,,,,0.014326307216772348,0.08869898072091331,0.09944437356816138,0.019682949916090996,0.022001566177157275,58.644952228291935,58.6433104894237,26.738898086547852,29.993999862670897,26.44640977042062,29.66590472630092,26.862955063108412,30.13315878974067,28.150941576276505,31.960111110929457,0.199998855590820
2023-12-01,,,,,,,30.229999542236328,30.229999542236328,30.000000000000000,30.000000000000000,100,,,,,26.744249343872070,,,0.1532188958105534,0.11608086081002462,0.1607933726865601,0.1332831499376093,,,,,,,,,,,,26.749941762976917,30.006387324764855,26.562754858167754,29.79641799813939,26.881991479250342,30.16821740585745,27.987526518352187,31.837695122748865,,,,,-0.00763724200414997,0.09120792570185188,0.10226245455114835,0.033987945073243174,0.03805374385195549,53.92552019050731,53.9240517677784,26.733549499511717,29.987999725341798,26.492681775774276,29.717809495471773,26.840951253497412,30.108476245214067,28.130979492550804,31.93153967933049,-0.229999542236328
2023-12-04,,,,,,,29.819999694824220,29.819999694824220,29.819999694824220,29.819999694824220,100,,,,,26.583782196044922,,,0.1553694713222062,0.10456200364355314,0.158897610346892,0.12552572453655017,,,,,,,,,,,,26.69455524066625,29.944258114784645,26.564666434338406,29.7985617887471,26.872672439150172,30.15733560238766,27.97642972529047,31.821744961263295,,,,,-0.00601813445983172,0.07933341865852128,0.08894596995626358,0.0430570397902988,0.04823218907281711,50.500233877316205,50.49898597045274,26.722851943969726,29.97599983215332,26.510086877005442,29.737333297729492,26.82262650747148,30.087920688447497,28.11600723720732,31.90884126178802,0E-15
2023-12-05,,,,,,,29.969999313354492,29.969999313354492,29.790000915527344,29.790000915527344,1400,,,,,26.557039260864258,,,0.14786267547050874,0.1032332409754049,0.15888981386110698,0.12552445281608257,,,,,,,,,,,,26.648716580732255,29.892839048365545,26.563973054931665,29.797783527545306,26.862808902328737,30.145856393423276,27.965209247310817,31.805683743510443,,,,,-0.0010064931894198108,0.06699260584766975,0.07510613245275621,0.047844153001772985,0.05360697774880493,49.931013370120986,49.92979084310976,26.68006134033203,29.927999877929686,26.51942625499907,29.747809546334402,26.803806516859268,30.066809578547403,28.101081378876216,31.88620238077073,-0.179998397827148
2023-12-06,,,,,,,29.899999618530273,29.899999618530273,29.899999618530273,29.899999618530273,400,,,,,26.655097961425780,,,0.14023142013280362,0.10380413299287738,0.15678543846688411,0.12551717979996596,,,,,,,,,,,,26.650843707630095,29.89522590508712,26.57225713734022,29.807075899453032,26.85631793542552,30.13817336920787,27.954852636355202,31.790619046870283,,,,,0.003685580646771101,0.06438277584581087,0.07218186989095088,0.05115187757058056,0.05732195617723412,52.06457633512988,52.06339784600663,26.69789047241211,29.947999954223633,26.53415670849028,29.764333361671085,26.78088285052587,30.04109527951195,28.08713442181784,31.864690477885897,0E-15
2023-12-07,,,,,,,30.010000228881836,30.100000381469727,29.969999313354492,30.100000381469727,500,,,,,26.833395004272460,,,0.09717006306893265,0.1056183178909752,0.15741001387275508,0.12421987571073641,,,,,,,,,,,,26.711694139844216,29.963484063881324,26.59599694342497,29.833705397818186,26.855601593826986,30.136980463341054,27.94598735863123,31.77725447244024,,,,,0.006666768620314078,0.07582745631821197,0.08502267239307315,0.056086993320106845,0.06286209942040193,55.75631259797842,55.75510279932718,26.6747127532959,29.922000122070312,26.55920292082287,29.792428607032413,26.759926145038907,30.017587358989413,28.076237141139924,31.84671428468492,0.090000152587891
2023-12-08,,,,,,,30.010000228881836,30.139999389648438,30.010000228881836,30.139999389648438,600,,,,,26.869052886962890,,,0.07641588856568678,0.10162025718118195,0.1572368111523109,0.12394288302798967,,,,,,,,,,,,26.764147055550442,30.022322505803693,26.620820211019325,29.86155030616639,26.856021946737485,30.13707480478816,27.93747404264966,31.76431174451303,,,,,0.0013279799834436054,0.08677445922410598,0.09730501492160215,0.06222448650090667,0.06975068252064197,56.47821239155969,56.477008921719296,26.699673461914063,29.95,26.59464963277181,29.832190468197776,26.737993028428818,29.992984166221014,28.06453229510595,31.82778571143983,0.129999160766602
2023-12-11,,,,,,,30.379999160766600,30.379999160766600,30.379999160766600,30.379999160766600,200,,,,,27.083005905151367,,,0.05858581014329572,0.10337479221305454,0.15801749838737947,0.12417463773015591,,,,,,,,,,,,26.87043333875075,30.141548057457996,26.662837092304056,29.908682020220954,26.863115195437917,30.144666190912485,27.930719353815682,31.753368562032822,,,,,0.007931268779628532,0.11142976541072258,0.12496432468504537,0.07206554228286985,0.08079341095352265,60.62916501630183,60.62799567151792,26.799518203735353,30.061999893188478,26.64261936006092,29.885999952043807,26.721437060643755,29.97441273643857,28.053310409424796,31.8093809400286,0E-15
2023-12-12,,,,,,,30.584999084472656,30.584999084472656,30.584999084472656,30.584999084472656,100,,,,,27.265760421752930,,,0.04289130168485227,0.10342278041076468,0.15821372120807026,0.12437455974882676,,,,,,,,,,,,27.00220903308481,30.28936506646288,26.717648304072135,29.97016538969838,26.87569785876026,30.15842659383624,27.925462761467358,31.74413243968057,,,,,0.006725275209514774,0.14405545374269124,0.16156389947130378,0.08646352457483412,0.09694750865707888,63.8047720322394,63.803594365216725,26.941262435913085,30.22099952697754,26.69101369948614,29.94028563726516,26.705277306692942,29.956285749162948,28.04273916426159,31.79170236133394,0E-15
2023-12-13,,,,,,,30.790000915527344,30.860000610351562,30.790000915527344,30.860000610351562,700,,,,,27.510917663574220,,,0.04677207107741392,0.10063809262061219,0.1592462725207278,0.12468458344609723,,,,,,,,,,,,27.17177857658128,30.479576914425778,26.78976370039051,30.051059500666852,26.895548477660697,30.180350781852344,27.92218572512038,31.737143255258996,,,,,0.008951213812447177,0.18753193592877793,0.2103350396221444,0.10667720684562289,0.11962501485009198,67.58220596284305,67.58107921492345,27.112426376342775,30.4129997253418,26.760209219796316,30.01790473574684,26.694523009042893,29.94422225346641,28.033547507392036,31.775591259910946,0.069999694824218
2023-12-14,,,,,,,30.750000000000000,30.909999847412110,30.750000000000000,30.909999847412110,4000,,,,,27.555488586425780,,,0.0570234549079867,0.09639719215978317,0.15914265864026533,0.12348769725603123,,,,,,,,,,,,27.299681913196114,30.62305122542122,26.85937505366644,30.1291449867346,26.916171606059606,30.203152315151087,27.919286933510143,31.730604572193013,,,,,0.0016188066598178017,0.22301310600656166,0.2501376094816514,0.12994438667781064,0.14572753377640388,68.23134242962789,68.23025743038988,27.25684509277344,30.574999618530274,26.81836727687291,30.0831427801223,26.686174241323318,29.9348571716793,28.02659625855703,31.764956338065012,0.159999847412110
2023-12-15,,,,,,,30.739999771118164,30.770000457763672,30.683000564575195,30.683000564575195,900,,,,,27.353126525878906,,,0.10691582630109178,0.09864547038969719,0.15976304712647896,0.12366948481833404,,,,,,,,,,,,27.317496784090377,30.643034338472546,26.9042615511403,30.17949549381102,26.92982644730396,30.21814757294559,27.914811357165235,31.722323117587337,,,,,-0.007370900771377488,0.23212744119759066,0.2603631831397877,0.15038099758176665,0.16865466364908063,62.146729228250535,62.14578594250162,27.35365982055664,30.683599853515624,26.855851763770694,30.125190462384904,26.67447187030126,29.921730192880784,28.01915358740186,31.753777768876816,-0.056999206542969
2023-12-18,,,,,,,30.739999771118164,30.739999771118164,30.739999771118164,30.739999771118164,200,,,,,27.403938293457030,,,0.09976770317800332,0.09836797649709644,0.15976620012802503,0.1230966083763605,,,,,,,,,,,,27.34631062054593,30.675356149354418,26.94968670953273,30.23045042811167,26.944642442496242,30.234455454138484,27.91077283492248,31.714557715638964,,,,,0.0018558986801162948,0.24067633551363343,0.2699545159222083,0.16844006516814,0.18891463410370615,63.038029559791646,63.037120320929866,27.417846298217775,30.755599975585938,26.89660490126837,30.17090470450265,26.664722230699326,29.91079366774786,28.01332862793453,31.744448404463512,0E-15
2023-12-19,,,,,,,30.709999084472656,30.850000381469727,30.709999084472656,30.850000381469727,2500,,,,,27.502000808715820,,,0.09337445675320295,0.09638481778448063,0.15962267423984242,0.12315452422933294,,,,,,,,,,,,27.39820734993589,30.733570893392855,26.99989708218574,30.28677315114422,26.962059891440607,30.253691233117586,27.907541435505827,31.707723270309565,,,,,0.00357202230323608,0.25245408771335676,0.28316766561258433,0.18524286967718334,0.2077652404054818,64.76247501682609,64.76158293455158,27.465094375610352,30.808600234985352,26.932688304356166,30.211380913144065,26.65892053028894,29.904285733661954,28.00793089185442,31.735599192361985,0.140001296997071
2023-12-20,,,,,,,30.700000762939453,30.700000762939453,30.620000839233400,30.620000839233400,1200,,,,,27.306697845458984,,,0.08431503416394345,0.09839520934680232,0.1597902942282562,0.12310121827909487,,,,,,,,,,,,27.367704181776922,30.695714208673035,27.027788060665127,30.317066577334145,26.97282982750368,30.265138408308704,27.90279168380585,31.69912467401647,,,,,-0.007126744282549393,0.24322497812041988,0.2719453246433119,0.19683929136583067,0.22060125725304783,58.87146602641314,58.60500665876358,27.424250411987305,30.760600280761718,26.965839204334078,30.248047601609002,26.652707387530615,29.897142894684322,28.002672180296884,31.726884902469696,-0.079999923706053
2023-12-21,,,,,,,30.864999771118164,30.864999771118164,30.864999771118164,30.864999771118164,100,,,,,27.525186538696290,,,0.10783988547920198,0.10108797091637875,0.16061927001262874,0.123152876854951,,,,,,,,,,,,27.420198300750044,30.752142729488078,27.073006104122506,30.366878685859966,26.99009097472845,30.2838840758965,27.899806662895895,31.692530801266287,,,,,0.007969445226218974,0.25065169709507984,0.27959787457963614,0.2076017725116805,0.23240058071836547,62.93357665767779,62.67542108249646,27.418190002441406,30.75160026550293,27.008502960205078,30.29538091023763,26.650386810302734,29.894365098741318,27.999125298999605,31.720111097608292,0E-15
2023-12-22,,,,,,,30.809999465942383,30.905000686645508,30.809999465942383,30.905000686645508,1500,,,,,27.560859680175780,,,0.08721430076646931,0.10071185365495862,0.15859556148431847,0.1231552412652973,,,,,,,,,,,,27.46708542722529,30.803095381873888,27.11735642921826,30.41579886774956,27.00792749677368,30.303293969982406,27.897127240107594,31.686305266763355,,,,,0.0012951790485933507,0.25645964265370225,0.2855981177959812,0.21737334654008483,0.24304008813388864,63.56629285643301,63.30977497721841,27.459736633300782,30.796000289916993,27.047813778831845,30.338952382405598,26.654151159619527,29.89841273474315,27.99559880059863,31.713357138255287,0.095001220703125
2023-12-26,,,,,,,30.430000305175780,30.430000305175780,30.430000305175780,30.430000305175780,100,,,,,27.137258529663086,,,0.1483910723119613,0.11656517077746788,0.16155216232091169,0.12397690917630906,,,,,,,,,,,,27.35714312803789,30.678730356307852,27.119165711076878,30.41708990751558,27.01196909155147,30.3072535429572,27.891120372831352,31.676374002244877,,,,,-0.015489001565663364,0.22429586557008818,0.24915271532349692,0.21875785034608553,0.24426261357181028,52.17676160348238,52.00652697590782,27.406400680541992,30.734000396728515,27.06525502886091,30.357999983287993,26.650059654599143,29.893650842091393,27.991056094093928,31.705480151706272,0E-15
2023-12-27,,,,,,,30.690999984741210,30.690999984741210,30.690999984741210,30.690999984741210,300,,,,,27.370014190673828,,,0.16347643172636162,0.11772622046847077,0.1624515821061917,0.1242636576753583,,,,,,,,,,,,27.36143348224987,30.682820232452304,27.141970118312965,30.441990823627002,27.023158000899045,30.31924561926295,27.887000956371608,31.668584484319947,,,,,0.008540404394869507,0.21510765003739962,0.23857976514288382,0.21802781028434834,0.243126043886025,56.76114524031064,56.59246622730773,27.380003356933592,30.70220031738281,27.100147610618954,30.396619070143927,26.65037018912179,29.893825440179732,27.98721198430137,31.698380947113037,0E-15
2023-12-28,,,,,,,30.909000396728516,30.909000396728516,30.909000396728516,30.909000396728516,1400,,,,,27.564426422119140,,,0.1608123257414155,0.11876342802217779,0.16296555845850283,0.12400007345882473,,,,,,,,,,,,27.429097795539626,30.758213620544375,27.1803752368408,30.484446239363503,27.040072639062174,30.337675456058747,27.884450960053407,31.662579867026732,,,,,0.007078002102741631,0.22096620447851123,0.244967603249453,0.2186154891231809,0.2434943557587106,60.19358595030512,60.02807138174227,27.431549072265625,30.760000228881836,27.137930188860214,30.4384761991955,26.652493098425488,29.89603178841727,27.982931008414617,31.69076190676008,0E-15
2023-12-29,,,,,,,30.780000686645508,30.799999237060547,30.760000228881836,30.760000228881836,800,,,,,27.431549072265625,,,0.15587190910084245,0.11640078279056228,0.1629979115656093,0.12404955073337234,,,,,,,,,,,,27.429914887781624,30.758809156656863,27.20320922187942,30.509496602046987,27.052306277599783,30.35087310520947,27.880870707976033,31.655444850124404,,,,,-0.004832266624055941,0.2124382040725088,0.23529461284090658,0.2173800321130465,0.2418544071751498,56.87059838855675,56.72349897025991,27.412821578979493,30.73900032043457,27.179149082728795,30.48419053213937,26.65448794289241,29.898095297434974,27.977790363251216,31.682170640854608,-0.020000457763672
2024-01-02,,,,,,,31.190000534057617,31.229999542236328,31.149999618530273,31.149999618530273,2100,,,,,27.779348373413086,,,0.18317075047095854,0.11413954961747454,0.16432918911330374,0.12452798576777883,,,,,,,,,,,,27.546392716325446,30.889205977281332,27.25558550838248,30.567724149000014,27.075026343093946,30.375845808750746,27.88006815987672,31.651449235645398,,,,,0.012599103363874126,0.2310804476741808,0.256145701434761,0.22012011522527336,0.24471266602707203,62.678277460034536,62.53685554881031,27.456519317626952,30.788000106811523,27.21867597670782,30.528000059581938,26.664833432152157,29.90952385796441,27.97328547825889,31.674273816366043,-0.040000915527344
2024-01-03,,,,,,,31.465000152587890,31.465000152587890,31.465000152587890,31.465000152587890,200,,,,,28.060262680053710,,,0.10726224713330736,0.11285488747522683,0.16457453097307106,0.1248732608059341,,,,,,,,,,,,27.717682704234868,31.081137369050186,27.32873797853441,30.64929469478073,27.10581497862394,30.409881881995656,27.881492622486817,31.649975329850477,,,,,0.010061555630416824,0.26546191714911416,0.2946912328056541,0.22918847561004152,0.25470837938278845,66.59135033025962,66.45624602109918,27.641120147705077,30.995000076293945,27.281343278430757,30.597761971609934,26.683033988589333,29.92976194714743,27.97039737398662,31.668202392638676,0E-15
2024-01-04,,,,,,,31.479999542236328,31.549999237060547,31.450000762939453,31.450000762939453,2000,,,,,28.046886444091797,,,0.11619002635974096,0.10929276104833675,0.16454002069854715,0.1216638861696634,,,,,,,,,,,,27.827417284187177,31.20409183367994,27.39402420267599,30.722086155522433,27.13522346191981,30.44238559702515,27.882800083527172,31.64839450323458,,,,,-0.000476810403812907,0.28830670868779507,0.320335886041029,0.24101212222559223,0.26783388071443653,66.23523547787676,66.10161773391772,27.776494598388673,31.146800231933593,27.351014909290132,30.67538107009161,26.699890166994127,29.94849211072165,27.970624159252832,31.665702388400124,-0.029998779296875
2024-01-05,,,,,,,31.549999237060547,31.549999237060547,31.549999237060547,31.549999237060547,300,,,,,28.136064529418945,,,0.1148473691239418,0.10853492097147432,0.16448324043531667,0.12166417655316275,,,,,,,,,,,,27.930299699264435,31.319394301473476,27.461482414198077,30.797350981116807,27.166499745279157,30.476998523276254,27.88480217400853,31.64761667504348,,,,,0.0031745630542902377,0.31003342443578674,0.344754385673383,0.2548163826676311,0.28321798170622586,67.48371685316746,67.35243213244682,27.890822219848634,31.275,27.426206588745117,30.759190513974143,26.71929392738948,29.970079391721693,27.97155107013763,31.66399603798276,0E-15
2024-01-08,,,,,,,32.090000152587890,32.360000610351560,32.090000152587890,32.340000152587890,700,,,,,28.840579986572266,,,0.15474936550960755,0.1326305529004216,0.16982468851190524,0.12414315927355221,,,,,,,,,,,,28.23372646170038,31.65959625184495,27.586854920777547,30.937591814886904,27.21881475281957,30.535217324192246,27.892357729839073,31.653090062217743,,,,,0.024731234054559924,0.37972329888948764,0.4229768799496476,0.27979776591200245,0.3111697613549102,75.26494690385756,75.15273404386646,28.17262840270996,31.59099998474121,27.53027716137114,30.875381015595934,26.744574047270277,29.998253988841224,27.97516981760661,31.665305569058372,0.250000000000000
2024-01-09,,,,,,,32.430000305175780,32.500000000000000,32.430000305175780,32.500000000000000,900,,,,,28.983270645141600,,,0.156253131013403,0.1322863719746144,0.15762392040038237,0.12382088853239535,,,,,,,,,,,,28.48357452284745,31.9397308345633,27.713801804810643,31.079628922624458,27.27395399945463,30.596616782811235,27.900981547351346,31.659785002437367,,,,,0.004935366519065466,0.4413790274340741,0.49220558118529567,0.31211401821641677,0.3473769253209873,76.49197149617088,76.38343884785306,28.413412857055665,31.861000061035156,27.632652191888717,30.989666711716424,26.785066725715758,30.043492090134393,27.978212235465882,31.665940489087784,0.069999694824220
2024-01-10,,,,,,,32.452999114990234,32.452999114990234,32.299999237060550,32.299999237060550,600,,,,,28.804910659790040,,,0.18567125348236607,0.13644615241817157,0.15826751281471824,0.12394836184673413,,,,,,,,,,,,28.59068656849498,32.059820302062384,27.81299351889968,31.190571678482286,27.321796395090114,30.649847484506527,27.90812723203466,31.66484598452925,,,,,-0.0061729075976338105,0.47042669025510264,0.5248809348968528,0.34377655262415396,0.38287772723616037,71.70380553787837,71.6088214041453,28.56234245300293,32.02799987792969,27.724835895356676,31.09252384730748,26.823294321695965,30.086190481034535,27.980224881853378,31.665412713610937,-0.152999877929684
2024-01-11,,,,,,,32.680000305175780,33.000000000000000,32.650001525878906,32.861000061035156,54800,,,,,29.305204391479492,,,0.19368432223244267,0.14399206059888237,0.16004709770482292,0.12475347040203609,,,,,,,,,,,,28.828859176156485,32.326880221719975,27.948649052770573,31.34242880416891,27.383777894977282,30.718946002523047,27.91917132025161,31.67430174797989,,,,,0.017219242904896216,0.5277333141926199,0.5892519366130422,0.38056790493784715,0.42415256911153676,76.20346268290342,76.11825468965459,28.814006042480468,32.31019973754883,27.83065487089611,31.210666747320268,26.873071428329226,30.141841282920232,27.98311834486704,31.665845257895334,0.180999755859376
2024-01-12,,,,,,,32.900001525878906,32.950000762939450,32.828998565673830,32.828998565673830,1700,,,,,29.276666641235350,,,0.20324889304389704,0.14446046900141368,0.16003108676023428,0.12469889575515501,,,,,,,,,,,,28.978128331182774,32.494253003037926,28.06937792444919,31.477571509760267,27.442930668297844,30.78488514512151,27.929902508559785,31.683429786064426,,,,,-0.0009742861400114367,0.5643410957288282,0.6304171099901943,0.41732254309604333,0.4654054772872683,75.46626560252545,75.3827222725519,29.04212646484375,32.565999603271486,27.926412309919083,31.3175238654727,26.922890829661537,30.197539677695623,27.986320964873784,31.666634930504692,-0.071002960205076
2024-01-16,,,,,,,32.886001586914060,32.886001586914060,32.779998779296875,32.790000915527344,1800,,,,,29.241891860961914,,,0.14267956805560564,0.14380963685233897,0.15433157827751653,0.12430401591193109,,,,,,,,,,,,29.06604950777582,32.592835640534396,28.1759701004958,31.59688327392091,27.4991482055686,30.847545012946693,27.940273965891027,31.692177383925795,,,,,-0.0011885044764230646,0.5838171119450308,0.6523738622256801,0.4506214568658408,0.5027991542749506,74.52021934909801,74.43873780881293,29.12238883972168,32.655999755859376,28.008839652651833,31.409428641909646,26.98008249676417,30.26150794256301,27.99049352464222,31.668539690592933,-0.096000671386716
2024-01-17,,,,,,,32.639999389648440,32.830001831054690,32.590000152587890,32.830001831054690,7100,,,,,29.277561187744140,,,0.14155096592716493,0.14386136656887002,0.14341855341004825,0.1242805606992306,,,,,,,,,,,,29.136553401098592,32.67189103737449,28.276114744791105,31.708984960933073,27.554723611261583,30.909496788512566,27.950845406379983,31.70117204358689,,,,,0.0012190589399357404,0.5952683289295813,0.6653329421419834,0.47955083127858894,0.5353059118483572,74.86823415151719,74.78749660931219,29.181246948242187,32.72200012207031,28.090843109857467,31.500857307797386,27.025387960766988,30.312142901950413,27.99449601249089,31.670246041010298,0.190002441406250
2024-01-18,,,,,,,32.849998474121094,32.865001678466800,32.849998474121094,32.865001678466800,2900,,,,,29.308774948120117,,,0.12330698413542977,0.139174120548128,0.13584098144904502,0.1242263886529361,,,,,,,,,,,,29.1939605834391,32.73626125107193,28.369992945093742,31.814077389799774,27.609537715538412,30.970606316323636,27.961580027263306,31.710372277854717,,,,,0.001065564614145082,0.5999463820508382,0.6706959362615059,0.5036299414330387,0.562383916730987,75.18761321052648,75.10752744103097,29.282019805908202,32.835000610351564,28.183969225202286,31.604762122744607,27.06088744269477,30.351777848743257,27.99818266005743,31.671587315816726,0.015003204345706
2024-01-19,,,,,,,32.709999084472656,32.819999694824220,32.709999084472656,32.750000000000000,1300,,,,,29.206218719482422,,,0.03072124674087281,0.14109527880551664,0.1288064629837392,0.12422979099293466,,,,,,,,,,,,29.198046628786877,32.74084083404795,28.446013470038167,31.89916126345434,27.659433996911662,31.026212368938523,27.971419068308514,31.71859067882029,,,,,-0.003505301025253032,0.5885934039262963,0.6580805306796087,0.5206226339316903,0.5815232395207113,71.95221148919507,71.87902770087564,29.262222671508788,32.812800598144534,28.269792102632067,31.700476419358026,27.103503968980576,30.399396896362305,28.001843187544083,31.672908745114764,0.040000915527344
2024-01-22,,,,,,,33.049999237060550,33.049999237060550,33.049999237060550,33.049999237060550,200,,,,,29.473752975463867,,,0.07549366317123926,0.14266170810114395,0.12891846527831705,0.124554114594749,,,,,,,,,,,,29.28994874434587,32.843893635052154,28.539444334167776,32.00378289741854,27.71613146499142,31.089455708567336,27.98329522567733,31.729115647660137,,,,,0.009118481211462023,0.5943327673665451,0.6646287357506999,0.5353646606186613,0.598144338766709,74.97717594391334,74.90898292877951,29.30163993835449,32.857000732421874,28.363685062953405,31.805238269624255,27.14671628437345,30.447682607741584,28.006503029475137,31.675349212828138,0E-15
2024-01-23,,,,,,,33.229999542236330,33.349998474121094,33.159999847412110,33.159999847412110,6300,,,,,29.571851730346680,,,0.07270975721186011,0.137541828011079,0.1259864959836296,0.12441865758163426,,,,,,,,,,,,29.38391640634614,32.94926237250547,28.63329955200222,32.10889352923614,27.77412272328377,31.154160212906234,27.995852984607524,31.740426985207584,,,,,0.003322816173412713,0.5998819383446694,0.6709599566663513,0.5482681161638628,0.6127074623466374,75.99932422334719,75.93295537358087,29.367631912231445,32.931000518798825,28.47154953366234,31.926190603347052,27.19655151972695,30.503396897088912,28.010790461585636,31.67735318532066,-0.069999694824220
2024-01-24,,,,,,,33.349998474121094,33.400001525878906,33.319999694824220,33.319999694824220,2100,,,,,29.714540481567383,,,0.07398403489130377,0.1367672021158726,0.12610656815009522,0.12326889051643494,,,,,,,,,,,,29.494124431419888,33.072841479945055,28.73159418196269,32.21899408974414,27.834760778230134,31.221842696716173,28.009439447034083,31.752913725995064,,,,,0.004813550678610145,0.6087758964637118,0.6810375682124388,0.5603696722238327,0.6263734835197977,77.44268815526046,77.3790289950142,29.455027770996093,33.02900009155273,28.57580448332287,32.04309536161877,27.248411118038117,30.561381022135418,28.013635998680478,31.677690483274915,-0.029998779296874
2024-01-25,,,,,,,33.180000305175780,33.430000305175780,33.180000305175780,33.430000305175780,1400,,,,,29.812637329101562,,,0.07204942429142892,0.13650953354763243,0.12474287699148032,0.12330162703771022,,,,,,,,,,,,29.60029539731378,33.19189442168863,28.82987083170259,32.329085563874294,27.896569420444866,31.290847621980536,28.02369397574608,31.766171327411513,,,,,0.0032958705566859606,0.6166318697623971,0.6899469983895585,0.5716221117315455,0.6390881864937499,78.40423610544043,78.34249474148692,29.555800247192384,33.14199981689453,28.683031990414573,32.16333343869164,27.30489842853849,30.62455561804393,28.017026598491366,31.678642870887877,0.250000000000000
2024-01-26,,,,,,,33.409999847412110,34.900001525878906,33.409999847412110,33.790000915527344,31600,,,,,30.133684158325195,,,0.0546977266491661,0.11906530357480555,0.1229605424239283,0.123683075815274,,,,,,,,,,,,29.77809165098425,33.3912632529682,28.948399315941007,32.461896050388205,27.966479256003627,31.368946162403873,28.040373740035243,31.782169980281996,,,,,0.010711246019707792,0.6413702640539967,0.7177826747285678,0.5855717421960358,0.6548270841407134,81.22497080594974,81.16923455255075,29.741293334960936,33.35,28.82571892511277,32.323333467756,27.371151364038862,30.69868260338193,28.022158607604013,31.681559539976575,0.380001068115234
2024-01-29,,,,,,,33.240001678466800,33.330001831054690,33.139999389648440,33.330001831054690,1200,,,,,29.723459243774414,,,0.14493963515445496,0.13462538758523013,0.1200856204560279,0.12445602360569917,,,,,,,,,,,,29.759880848580973,33.37084277899703,29.018859309380407,32.54081475772153,28.021384880621465,31.43022915204921,28.053678763780216,31.79440580518929,,,,,-0.013707013534057691,0.6207186394572801,0.6947163098541509,0.5926011216482846,0.662804929283401,68.85019893293205,68.81058371603982,29.79123458862305,33.40600051879883,28.937787737165177,32.449000222342356,27.438392457507906,30.773920725262354,28.025541555313836,31.682511927589537,0.090000152587890
2024-01-30,,,,,,,33.330001831054690,33.599998474121094,33.310001373291016,33.599998474121094,13900,,,,,29.964237213134766,,,0.15205324759109506,0.13496050704786308,0.1192655470414844,0.12459636673199567,,,,,,,,,,,,29.827999636765572,33.447228010705054,29.10480275517626,32.637104186485125,28.082099016012503,31.498034443363956,28.06878199262887,31.808679265022743,,,,,0.008067970108230642,0.6166722343865167,0.6902655703270142,0.597415344195931,0.6682970574921236,71.58643039869023,71.54879155854938,29.869711685180665,33.49400024414062,29.052064441499255,32.577142987932476,27.512002521091038,30.856301655845037,28.030468577430362,31.685210341498966,0.269996643066404
2024-01-31,,,,,,,33.189998626708984,33.209999084472656,33.028999328613280,33.028999328613280,2100,,,,,29.455028533935547,,,0.20344099151666667,0.150876561577555,0.12476047850806359,0.1253773501319828,,,,,,,,,,,,29.70367593582223,33.307818450007794,29.136641462336193,32.67273101758768,28.1250030634476,31.545877096027997,28.079740463311136,31.818326063944408,,,,,-0.0171399339557605,0.5658537348150539,0.633362459997997,0.5911030223197556,0.6613101379932983,59.65235259426748,59.62648811360035,29.817809295654296,33.43580017089844,29.148420606340682,32.685190564110165,27.57356779915946,30.925174652584015,28.0345174774291,31.68695240172129,-0.160999298095704
2024-02-01,,,,,,,32.939998626708984,32.939998626708984,32.939998626708984,32.939998626708984,600,,,,,29.375658035278320,,,0.1984561412692051,0.14839625634159526,0.12416385060655595,0.12527955385689676,,,,,,,,,,,,29.594336635640925,33.18521184224152,29.15837024169457,32.69702807296235,28.16408603131731,31.589443393861778,28.08998487099467,31.827193040725152,,,,,-0.0026982702885733137,0.5132586456873796,0.57446267414673,0.5755341469932804,0.6439406452239846,58.02849674995607,58.00408378567669,29.73041343688965,33.337799835205075,29.224435352143786,32.77042861211868,27.629840366424077,30.98811113266718,28.03759359178089,31.6875873217507,0E-15
2024-02-02,,,,,,,32.962001800537110,33.027999877929690,32.959999084472656,33.027999877929690,1300,,,,,29.454133987426758,,,0.1696970748705897,0.14594006847586175,0.12386277068087859,0.12506178997089074,,,,,,,,,,,,29.547602419569536,33.13280785413758,29.18525785494295,32.72711641886847,28.20440002994573,31.6343982839889,28.100768658476348,31.83668558489278,,,,,0.002667899919327852,0.4724627555657115,0.5287895779316116,0.5549198687077667,0.62091043176551,59.210795684493405,59.186588449933495,29.59450340270996,33.18539962768555,29.290810176304408,32.84485717046829,27.688278410169815,31.053476212516664,28.04008090306842,31.68753969858563,0.065998077392580
2024-02-05,,,,,,,32.799999237060550,32.959999084472656,32.750000000000000,32.900001525878906,900,,,,,29.339988708496094,,,0.14946956530985941,0.14723042153089255,0.1205901456029493,0.12512190400879183,,,,,,,,,,,,29.478397849211724,33.05520574471802,29.199324296175053,32.74283324677851,28.23988717615043,31.673948385297965,28.110564864405358,31.84509124450532,,,,,-0.003882885469117458,0.42601036634696854,0.47676902628402473,0.529137968235607,0.592082150669213,56.70856428475818,56.68638815195837,29.517809295654295,33.09939956665039,29.352386474609375,32.91390482584635,27.73782942030165,31.10887306455582,28.042011389656672,31.686865102677118,0.100002288818356
2024-02-06,,,,,,,32.970001220703125,32.970001220703125,32.970001220703125,32.970001220703125,100,,,,,29.402414321899414,,,0.12702522955056056,0.147182952923762,0.12036567852516646,0.12504114310029713,,,,,,,,,,,,29.453070006774286,33.026804236713055,29.217787025786357,32.76348488077166,28.276216149455085,31.714450036404376,28.1207771130812,31.85398381348712,,,,,0.002125402900893136,0.3897410463320128,0.43616293980782217,0.5012585838548882,0.5608983084969348,57.75989914969185,57.73781696295274,29.405444717407228,32.9734001159668,29.412688845679874,32.98152396792457,27.78610722980802,31.162841342744372,28.044743560609362,31.68710320336478,0E-15
2024-02-07,,,,,,,33.080001831054690,33.430000305175780,33.080001831054690,33.430000305175780,13500,,,,,29.812637329101562,,,0.1113604584338618,0.12991818374913736,0.12267880998882409,0.12572889904647006,,,,,,,,,,,,29.572925780883377,33.16120292620063,29.27186432608774,32.82407719208112,28.324229311319037,31.76806098230348,28.13415150214065,31.866442441879915,,,,,0.013855584299349764,0.3896077614665394,0.4360736202210731,0.4789284193772184,0.5359333708417625,63.95472741149735,63.93369217255779,29.47696647644043,33.0536003112793,29.45897729056222,33.03342873709543,27.841137053474547,31.224381038120814,28.04861889188252,31.68861114411127,0.349998474121090
2024-02-08,,,,,,,33.139999389648440,33.180000305175780,33.070999145507810,33.070999145507810,1300,,,,,29.492481231689453,,,0.1446484921523227,0.1360808135641728,0.12513460728745682,0.12613462647212573,,,,,,,,,,,,29.54611093115207,33.13113499930302,29.29192040841517,32.84652464239264,28.36073718383061,31.808777799903616,28.14488928656396,31.875964629260373,,,,,-0.010797017706886482,0.3595238437702122,0.4023958713950151,0.4550475042558172,0.509225870952413,56.936584858573205,56.92010792852916,29.500331115722656,33.07980041503906,29.483225413731166,33.06061917259579,27.891693508814253,31.28090483044821,28.05073903098939,31.688138923947772,-0.069000244140630
2024-02-09,,,,,,,32.720001220703125,32.720001220703125,32.720001220703125,32.720001220703125,1500,,,,,29.179466247558594,,,0.16352330377334062,0.13983650529390612,0.12640240249307813,0.12614048208993475,,,,,,,,,,,,29.42389603662091,32.99409040643639,29.281697302882755,32.83502251314814,28.386322467072112,31.8372535318036,28.153067760563918,31.88263685527968,,,,,-0.010670106152382071,0.3068868286783797,0.3434246283543416,0.4254153691403297,0.4760656224327987,51.03941965194664,51.02627916776416,29.445397567749023,33.01820068359375,29.501061394101097,33.08061926705496,27.940182307409863,31.33511119418674,28.052828856876918,31.687662737710134,0E-15
2024-02-12,,,,,,,33.479999542236330,33.740001678466800,33.386001586914060,33.740001678466800,1100,,,,,30.089094161987305,,,0.2797402952810139,0.1654503849247339,0.138780691815189,0.12919548813916173,,,,,,,,,,,,29.645628745076376,33.242727497113194,29.355097017346804,32.917293346358925,28.439534082538213,31.896714411386828,28.16837231709691,31.89731958115468,,,,,0.030697534695681625,0.33471262679528735,0.374675974416391,0.4072748206713212,0.45578769282951714,63.024673421563854,63.012187407488796,29.595218658447266,33.18620071411133,29.538389478410995,33.12247648693266,28.003887903122674,31.406381062098912,28.057074160802934,31.689567512936062,0.260002136230470
2024-02-13,,,,,,,33.189998626708984,33.250999450683594,32.380001068115234,33.250999450683594,12800,,,,,29.653003692626953,,,0.31384582014871215,0.17426321706045705,0.14251406347873893,0.12999460325677611,,,,,,,,,,,,29.648087060926567,33.24548481496999,29.382179442372273,32.94763026493389,28.477455007853486,31.939035818864852,28.18010853350426,31.908020607791272,,,,,-0.01459936060953193,0.3179112331567673,0.3558821108593264,0.38940210316841045,0.43580657643547904,55.953009296491565,55.943299733747914,29.645336532592772,33.242400360107425,29.556310290382022,33.142571767171226,28.057912099929084,31.466793756636363,28.05994555306813,31.689940520695277,0.061000823974610
2024-02-14,,,,,,,33.409999847412110,33.409999847412110,33.340000152587890,33.340000152587890,1400,,,,,29.732376098632812,,,0.2960924324118936,0.1742749858364128,0.14127000053150404,0.12992980926488076,,,,,,,,,,,,29.67618340682865,33.27698992750929,29.41401550203232,32.98330025472062,28.516671291940337,31.982815954293695,28.192379423347173,31.919340604192826,,,,,0.002673131115728149,0.30745652997996586,0.3442017083855049,0.3730129885307215,0.4174856028254842,56.900896992830084,56.891193786557,29.629284286499022,33.22440032958984,29.579666682652064,33.16876220703125,28.11623851836674,31.532031861562576,28.062564108106827,31.690015921517023,-0.069999694824220
2024-02-15,,,,,,,33.240001678466800,33.341999053955080,33.240001678466800,33.341999053955080,300,,,,,29.734155654907227,,,0.28209762004940486,0.1742854660578079,0.1402723012801083,0.12991504078615135,,,,,,,,,,,,29.695507489521507,33.29865963632456,29.443119152293676,33.015909236469206,28.554717678283055,32.025290426158115,28.20456737774686,31.930586916048654,,,,,0.0000598506831480306,0.2959037040031731,0.3312873258340474,0.35759113162521183,0.4002459474271968,56.92327957251545,56.91361558790554,29.677619171142577,33.2786003112793,29.601409276326496,33.19314302716936,28.17020655435229,31.59238103836302,28.065404392424085,31.690345287322998,0.101997375488280
2024-02-16,,,,,,,33.333999633789060,33.333999633789060,33.319999694824220,33.319999694824220,300,,,,,29.714540481567383,,,0.2628927974066858,0.17434695248215185,0.13967061372466502,0.12985830933547735,,,,,,,,,,,,29.701851820203466,33.305772989157774,29.467793818591286,33.04355382359239,28.59096214088569,32.06575009080393,28.21650392402212,31.94157041627613,,,,,-0.0006599025824430324,0.28191547946429196,0.3156389310743606,0.3424560011930279,0.3833245441566296,56.57451859800521,56.56491315566948,29.784634017944335,33.398600006103514,29.620731444585893,33.21480959937686,28.220184144519624,31.648254061502122,28.067706350296262,31.690059578607954,-0.013999938964840
2024-02-20,,,,,,,33.389999389648440,33.610000610351560,33.389999389648440,33.610000610351560,500,,,,,29.973161697387695,,,0.1358274272629873,0.1757798827453102,0.14025231472420352,0.13000805954464434,,,,,,,,,,,,29.792288445931543,33.40718219622237,29.513736353027323,33.09504898602504,28.634155877026377,32.114007919539794,28.230390546736473,31.954759587770795,,,,,0.008665866664502867,0.28837408452673685,0.32291574404175094,0.33163961785976964,0.37124278413365386,60.04997398122322,60.0405347807771,29.761447525024415,33.37259979248047,29.657252538771857,33.2557620093936,28.27454984755743,31.70904771108476,28.071699339245992,31.69168656212943,0.220001220703120
2024-02-21,,,,,,,33.720001220703125,33.720001220703125,33.668998718261720,33.668998718261720,500,,,,,30.025775909423828,,,0.0586196944056957,0.17345376650283184,0.13981691571432545,0.12997170333044,,,,,,,,,,,,29.870117600428973,33.49445437023549,29.560285403608823,33.1472262344102,28.677644003038797,32.162601381999856,28.244583316401986,31.96831088524503,,,,,0.001753838571858784,0.29434507595431114,0.3296434010541418,0.32418070947867794,0.36292290751775147,60.73840217957923,60.72900802382787,29.83600196838379,33.456199645996094,29.6835393451509,33.285238175165084,28.326637570820157,31.7672857859778,28.07628195626395,31.693984175485276,-0.051002502441405
2024-02-22,,,,,,,33.700000762939450,33.700000762939450,33.700000762939450,33.700000762939450,100,,,,,30.053421020507812,,,0.05960339076384754,0.17322758724271123,0.1391374154037084,0.12997312877774672,,,,,,,,,,,,29.93121874045525,33.56296983447014,29.605115914236006,33.19747846427649,28.720637034834702,32.21064511265421,28.258882428687407,31.982000133290047,,,,,0.0009202890334021948,0.2978741513079193,0.33363083502897695,0.3189193978445262,0.35706449301999654,61.117538410321934,61.108202802559894,29.90021095275879,33.52819976806641,29.706471216110955,33.310952504475914,28.381286651369127,31.82839690314399,28.08100890356397,31.696444488707044,0E-15
2024-02-23,,,,,,,33.709999084472656,33.709999084472656,33.692001342773440,33.692001342773440,200,,,,,30.046285629272460,,,0.060292958601505804,0.17262434459621442,0.1391838712434402,0.12972223819911818,,,,,,,,,,,,29.969574370060986,33.60598033723791,29.64522225196659,33.242435089594395,28.762063553410883,32.25693749484544,28.273012098257247,31.995517929412447,,,,,-0.0002374517835988622,0.2966753141638172,0.3323147018048047,0.31447058110838444,0.3521145347769582,60.95392716717449,60.94467969561895,29.962636947631836,33.59820022583008,29.72226860409691,33.32866686866397,28.435525349208287,31.88904771350679,28.086607728685653,31.69990481270684,-0.017997741699216
2024-02-26,,,,,,,33.665000915527344,33.665000915527344,33.665000915527344,33.665000915527344,100,,,,,30.022207260131836,,,0.06070714924893877,0.17238013184579976,0.13922451132431748,0.1297183485773944,,,,,,,,,,,,29.98711866675127,33.625653863334385,29.67949361634525,33.28085016467921,28.801443044245914,32.30093947674175,28.28683972799539,32.00871542337383,,,,,-0.0008016971717466563,0.2904343574480919,0.32534260093085265,0.3096633363763259,0.3467601480077371,60.366656413637706,60.35758482840223,30.024170303344725,33.6672004699707,29.732248124622163,33.339857373918804,28.48769796462286,31.94738106500535,28.092249514564635,31.70341672594585,0E-15
2024-02-27,,,,,,,33.680000305175780,33.700000762939450,33.680000305175780,33.700000762939450,200,,,,,30.053421020507812,,,0.016404639559197434,0.1682500562489783,0.1392301040993393,0.1294002598294784,,,,,,,,,,,,30.009219451336783,33.65043616320274,29.713487016723665,33.31895476452105,28.840567356004097,32.34466014193543,28.300804797501414,32.022085267955376,,,,,0.0010391489553453856,0.2847249123310256,0.31896453136811687,0.30467565156726584,0.34120102467981306,60.89267190388263,60.88361588420814,30.04022216796875,33.68520050048828,29.728426070440385,33.335571652367,28.53980000813802,32.00563503447033,28.09901921711271,31.708218309614395,0.020000457763670
2024-02-28,,,,,,,33.636001586914060,33.636001586914060,33.636001586914060,33.636001586914060,200,,,,,29.996347427368164,,,0.019518039571772918,0.16106038814422852,0.1387472608315749,0.12937111890198813,,,,,,,,,,,,30.00492877668058,33.64562463777318,29.739201599509528,33.34777720292041,28.876685483234226,32.38501456209101,28.314208296551744,32.0348434997258,,,,,-0.0019008769492485627,0.27245409277425026,0.305227197510753,0.29823133980866273,0.334006259246001,59.34181247625323,59.333221720554896,30.034336471557616,33.67860107421875,29.74142074584961,33.350143069312686,28.593118697877916,32.065254120599654,28.105146953037806,31.71228974206107,0E-15
2024-02-29,,,,,,,33.689998626708984,33.919998168945310,33.619998931884766,33.619998931884766,14700,,,,,29.982074737548828,,,0.016816740171397282,0.1586601464860657,0.13867910415312518,0.1293081681068311,,,,,,,,,,,,29.997310763636662,33.637082735810374,29.76128097569492,33.37252463282626,28.911228897431556,32.42360782364707,28.327393011500337,32.047374372707296,,,,,-0.0004759274943745104,0.2585967507111455,0.28970939140921104,0.2903044219891593,0.325146885678643,58.93755800036114,58.9291354442269,30.02006721496582,33.662600708007815,29.74227015177409,33.351095472063335,28.644088260711186,32.12223821973044,28.11073332741147,31.715742118774898,-0.069999694824218
2024-03-01,,,,,,,33.680000305175780,33.845001220703125,33.680000305175780,33.845001220703125,300,,,,,30.182731628417970,,,0.05380322706483638,0.14722395636565436,0.1376564027149509,0.12941611300756195,,,,,,,,,,,,30.059117718563765,33.70638889744129,29.799594671397013,33.41547704990598,28.95096335777488,32.468026367305065,28.34205971993447,32.061584861624254,,,,,0.006670266122837151,0.260799704768516,0.29219893512246387,0.2844034785450306,0.3185572955674072,62.77676139474653,62.76855552924568,30.047356414794923,33.69320068359375,29.776922680082777,33.389952705019994,28.701497456384082,32.18644460042318,28.117514141022212,31.72054371758113,0.165000915527345
2024-03-04,,,,,,,33.719001770019530,33.719001770019530,33.610000610351560,33.700000762939450,1800,,,,,30.053421020507812,,,0.06527394564499624,0.14785335175805642,0.13592015663635468,0.12928085324228386,,,,,,,,,,,,30.05721881921178,33.70425951927401,29.82266979404345,33.44134284199993,28.985415159735286,32.506525567168644,28.35558826776509,32.07453676598248,,,,,-0.004293461679214094,0.24923821338737184,0.2792525418554419,0.2773704255134989,0.3106963448250141,58.951542612851185,58.94435110774771,30.053599166870118,33.70020065307617,29.809197107950848,33.42614328293573,28.750769478934153,32.24152398487878,28.12291623675634,31.723777854253374,-0.019001007080080
2024-03-05,,,,,,,33.580001831054690,33.720001220703125,33.580001831054690,33.676998138427734,51000,,,,,30.032907485961914,,,0.0650366200110364,0.14785731190911358,0.13467799430675545,0.12920927228004542,,,,,,,,,,,,30.049115041461825,33.695172392325254,29.841782311490583,33.46276605076609,29.018149294929866,32.54310283502049,28.368847708225143,32.08720444481604,,,,,-0.0006828020900186001,0.23570333603509042,0.2640920239005098,0.2690370076178172,0.30137548064011327,58.34418292701985,58.33714402480727,30.049496459960938,33.69560012817383,29.836757750738236,33.45704796200707,28.802970401824467,32.2998890346951,28.127717570653036,31.72632546651931,0.096996307373044
2024-03-06,,,,,,,33.700000762939450,33.700000762939450,33.500000000000000,33.500000000000000,66700,,,,,29.875061035156250,,,0.07450248735208673,0.148502312946248,0.13450867997435068,0.12931274534096565,,,,,,,,,,,,29.991097039359968,33.630114928216834,29.844807650005645,33.46615095524191,29.044927786811943,32.5730058714261,28.380754532943968,32.09837278912579,,,,,-0.005269643420526178,0.20982126982832483,0.23508501988573727,0.25719386005991873,0.28811738848923807,53.75487058782264,53.74896129825918,30.025239181518554,33.668399810791016,29.8622373853411,33.485619317917596,28.855212923080202,32.358301737951855,28.132065659477597,31.72836911489093,-0.200000762939450
2024-03-07,,,,,,,33.889999389648440,33.889999389648440,33.777000427246094,33.777000427246094,1500,,,,,30.122089385986328,,,0.09870024744254541,0.15065040087912335,0.1349792320949644,0.12940518298882733,,,,,,,,,,,,30.034761154902085,33.67907676122659,29.870015080549344,33.494409998151376,29.078589086786142,32.61063070129547,28.394520025853392,32.11164257282635,,,,,0.008234715983069654,0.20685813745529558,0.2317766033024995,0.2471267155389941,0.27684923145189033,59.16798852895252,59.16216835979308,30.053242111206053,33.69980010986328,29.896507626488095,33.5240478515625,28.911801020304363,32.42158744448707,28.13810380299886,31.732325470636763,-0.112998962402346
2024-03-08,,,,,,,33.700000762939450,33.700000762939450,33.430000305175780,33.599998474121094,1500,,,,,29.964237213134766,,,0.0910292966474205,0.14477533331163098,0.13570753696079516,0.12930627056063063,,,,,,,,,,,,30.01125317431298,33.65271733219142,29.8785807289662,33.50400895051226,29.106265590734537,32.641548444196275,28.4069288573734,32.12340823212512,,,,,-0.005254191591721936,0.18958704118108827,0.21242339629082352,0.23561878066741293,0.263964064419677,54.757247603923325,54.75237335180629,30.009543228149415,33.65079956054687,29.903726668584916,33.53214300246466,28.96432704017276,32.480317585052006,28.142649960896325,31.73458737418765,-0.100002288818356
2024-03-11,,,,,,,33.904998779296875,33.904998779296875,33.904998779296875,33.904998779296875,100,,,,,30.236238479614258,,,0.11167469503869638,0.14199723345166565,0.13613098838125828,0.12944311210203369,,,,,,,,,,,,30.086248276080074,33.73681114789324,29.911095069934206,33.54046257131086,29.141577243512028,32.681031267168166,28.421389803003766,32.13749195186561,,,,,0.009036577014028555,0.1955931261420396,0.21917035649465788,0.22761364976233825,0.25500532283467314,60.25530153490116,60.25047940049415,30.0461067199707,33.69179916381836,29.939143680390856,33.571857270740324,29.018340428670246,32.540714385017516,28.149002567170157,31.73889292611016,0E-15
2024-03-12,,,,,,,33.990001678466800,34.060001373291016,33.990001678466800,34.060001373291016,600,,,,,30.374469757080078,,,0.11227041687792289,0.13563340269062157,0.1362297914054479,0.12951490571767008,,,,,,,,,,,,30.182322103080075,33.844541223025836,29.95322004149292,33.58769337149087,29.18010513456103,32.72412408298451,28.436829170229664,32.152689654801776,,,,,0.004561290278564323,0.2090967632609484,0.2343236478391404,0.22391027246206027,0.2508689878355666,62.73383484945573,62.729102724012364,30.114419174194335,33.76839981079102,29.99604860941569,33.635666801815944,29.073981966291154,32.60293663872613,28.155938330150786,31.74385324357048,0.069999694824216
2024-03-13,,,,,,,33.915000915527344,33.915000915527344,33.915000915527344,33.915000915527344,200,,,,,30.245159149169922,,,0.10818159267798008,0.08776575785198322,0.13623604158202599,0.12936156481237968,,,,,,,,,,,,30.203267785110025,33.868027787193,29.979759960372647,33.61744860276692,29.213388072517557,32.76133898400147,28.451124268877415,32.16662096911581,,,,,-0.004266301406941135,0.20697829070588014,0.23195854160265128,0.22052387611082425,0.24708689858898356,59.02558996664246,59.02141342988796,30.18843879699707,33.851399993896486,30.003480275472004,33.64400009881882,29.12417487492637,32.65904777769058,28.163209226396347,31.749210395510236,0E-15
2024-03-14,,,,,,,33.754001617431640,33.754001617431640,33.669998168945310,33.669998168945310,700,,,,,30.026662826538086,,,0.11192022708912847,0.0748437060127056,0.13702782982065032,0.12760885962547802,,,,,,,,,,,,30.144399465586044,33.80201791444377,29.98402385729678,33.62222583605586,29.2388029085807,32.789734583530965,28.463579119135602,32.17850537385755,,,,,-0.007250395711712517,0.18552988572252715,0.20791775731279216,0.21352507803316484,0.23925307033374527,53.29323214190293,53.2899463341688,30.169353485107422,33.82999954223633,30.02127356756301,33.66395241873605,29.167998722621373,32.70801601712666,28.17208861547803,31.756432608952597,-0.084003448486330
2024-03-15,,,,,,,33.698001861572266,33.698001861572266,33.698001861572266,33.698001861572266,100,,,,,30.051637649536133,,,0.1041654664853786,0.07447076628396093,0.13620048590030615,0.1276091887806356,,,,,,,,,,,,30.113478860236075,33.76734589681994,29.990170565682174,33.629114565648266,29.264203994235555,32.81811793596976,28.476132941510308,32.190517203799956,,,,,0.0008314091523487279,0.16860357270438442,0.1889468646763035,0.20454077696740874,0.22919182920225692,53.84499784430407,53.841687205175646,30.186833572387695,33.84960021972656,30.036476498558407,33.681000119163876,29.208327611287434,32.753063656034925,28.181080954415457,31.763781820024764,0E-15
2024-03-18,,,,,,,33.619998931884766,33.676998138427734,33.599998474121094,33.676998138427734,400,,,,,30.032907485961914,,,0.07255068688156946,0.074560211967239,0.13625980312928765,0.12761240894317458,,,,,,,,,,,,30.08662173547802,33.73722997735587,29.99405574025306,33.63346761771913,29.288225978352006,32.84495794229657,28.488439459648266,32.202268041227846,,,,,-0.000623460297109155,0.15192666401240373,0.17025487840340503,0.19401795437640776,0.21740443904248655,53.3361123424822,53.332842584134305,30.146167373657228,33.80400009155274,30.050702776227677,33.69695245651972,29.24765172080388,32.796984263828826,28.189940111977712,31.770980221884592,0.056999206542968
2024-03-19,,,,,,,33.544998168945310,33.544998168945310,33.544998168945310,33.544998168945310,100,,,,,29.915191650390625,,,0.05072749663902735,0.07603200242351127,0.13553441448809375,0.12767200293949701,,,,,,,,,,,,30.029478373782222,33.673152707885684,29.986886277538293,33.62542494055787,29.30781865560321,32.86683419937934,28.49971813309287,32.21288250864063,,,,,-0.003927263368324005,0.1277389148889263,0.14314002118354807,0.18076214647891145,0.20255155547069884,50.12950256775013,50.12659565209502,30.054311752319336,33.7009994506836,30.06025759379069,33.7076666695731,29.288319421192956,32.842412797231525,28.19848102236551,31.777825453924756,0E-15
2024-03-20,,,,,,,33.619998931884766,33.650001525878906,33.442001342773440,33.618999481201170,1200,,,,,29.981184005737305,,,0.060738464898700904,0.07016376107592344,0.13554072987883997,0.12768010983587946,,,,,,,,,,,,30.013380251100582,33.655101632324175,29.98636788919275,33.62484080788908,29.328861322794904,32.89033936443627,28.511429325761995,32.22399805783083,,,,,0.0022035517617452374,0.11259703249917052,0.12616820045126786,0.16712912368296326,0.18727488446681265,51.87624040009827,51.873374483558294,30.00151672363281,33.64179916381836,30.060639608474006,33.70809518723261,29.329228083292644,32.88811120532808,28.207387674422492,31.785083384740922,-0.000999450683596
2024-03-21,,,,,,,33.694999694824220,33.694999694824220,33.694999694824220,33.694999694824220,100,,,,,30.048961639404297,,,0.0407420664029494,0.07034295033764026,0.13548166427128888,0.12764966318984117,,,,,,,,,,,,30.025240713868488,33.66840098649086,29.99205823012107,33.63121888851955,29.351364457688945,32.9154849997609,28.523583731403438,32.23562652926952,,,,,0.002258120873739392,0.10485734006468661,0.11749607075970658,0.15467476695930793,0.17331912172539143,53.67103232191475,53.66814397911078,30.005976486206055,33.64679946899414,30.061743690854026,33.70933332897368,29.36965603298611,32.93326992458768,28.216154726724778,31.792174649617028,0E-15
2024-03-22,,,,,,,33.479999542236330,33.613998413085940,33.479999542236330,33.613998413085940,1200,,,,,29.976724624633790,,,0.04370101961313969,0.07075939060357882,0.13459944686276787,0.12767780323307107,,,,,,,,,,,,30.009068684123587,33.65026679535588,29.990664265985863,33.62965339075285,29.370906962905973,32.9373135439273,28.535071011191818,32.24652274969495,,,,,-0.0024068712625907635,0.09183602612361597,0.10290103988538846,0.14210701879216955,0.15923550535739084,51.467858672205224,51.46522314791042,29.990993881225585,33.629998779296876,30.05809148152669,33.705237978980655,29.41203741043333,32.98079369560121,28.22455895136273,31.798857181791274,0.133998870849610
2024-03-25,,,,,,,33.494998931884766,33.494998931884766,33.494998931884766,33.494998931884766,100,,,,,29.870601654052734,,,0.048848374225945713,0.07174914444984697,0.13431325708456013,0.12772889655434982,,,,,,,,,,,,29.962913007433304,33.598510840865515,29.979749483082852,33.6174120763103,29.386522422004308,32.95474121230097,28.54562856568084,32.25639212662925,,,,,-0.003546460248397243,0.0721219275066396,0.0808006891058568,0.12811000053506355,0.14354854210708404,48.32914171412786,48.32682229544569,29.95853271484375,33.59359893798828,30.049725577944802,33.69585691179548,29.449266221788193,33.022539714026074,28.23236894607544,31.80486908413115,0E-15
2024-03-26,,,,,,,33.669998168945310,33.669998168945310,33.541999816894530,33.541999816894530,1600,,,,,29.912515640258790,,,0.04368355426703472,0.07195283196381452,0.13431341853768852,0.12766968004802626,,,,,,,,,,,,29.9461138850418,33.57967383287519,29.973637315553393,33.61055641636341,29.40295971007476,32.973093043694526,28.556433997100427,32.266555033271665,,,,,0.0014022016572742908,0.05919807219061113,0.0663141522382773,0.11432761486617307,0.1281016641333227,49.635536731903855,49.6332463361667,29.957997512817382,33.59299926757812,30.044502167474654,33.68999971662249,29.486594094170464,33.064396843077645,28.24076072753422,31.811543684157115,-0.127998352050780
2024-03-27,,,,,,,33.495998382568360,33.495998382568360,33.495998382568360,33.495998382568360,100,,,,,29.871494293212890,,,0.039393113420051036,0.07192532144161484,0.13004088501201944,0.12767881228637873,,,,,,,,,,,,29.921240687765497,33.551782016106245,29.96435158624971,33.60014204965477,29.417601415797826,32.98943383553433,28.566829730666534,32.27627395302895,,,,,-0.0013723185691078314,0.045125564447147326,0.05053895449277945,0.10048720478236792,0.11258912220521404,48.34718147026609,48.344937406417294,29.9360595703125,33.568399047851564,30.03583898998442,33.6802853175572,29.52999466184586,33.11306347922673,28.24888587376428,31.81791669603378,0E-15
2024-03-28,,,,,,,33.599998474121094,33.717998504638670,33.599998474121094,33.604000091552734,2000,,,,,29.967809677124023,,,0.04427822726806096,0.0726627310255165,0.12930730126042245,0.1276983609143557,,,,,,,,,,,,29.936763684218338,33.569188041255074,29.964665958147375,33.6004927807364,29.43479542396427,33.0086390310349,28.577904670954734,32.28676981183151,,,,,0.0032191372792029077,0.04126912245931891,0.04621904752292494,0.08864358831775812,0.09931510726875623,51.52844943115031,51.52619189439401,29.919829177856446,33.55019912719727,30.034480049496604,33.67876143682571,29.57122951083713,33.159301576160246,28.25715086195204,31.82444050955394,0.004001617431640
2024-04-01,,,,,,,33.459999084472656,33.880001068115234,33.209999084472656,33.549999237060550,3400,,,,,29.919651031494140,,,0.042484647900605785,0.07285291665098717,0.12893420726348223,0.12764182528510315,,,,,,,,,,,,29.931059466643607,33.562791773190234,29.96057369208799,33.59590245858406,29.44994716169958,33.02555653747321,28.588511361551884,32.296755815193,,,,,-0.00160830515907081,0.0339356748407198,0.03800003176057487,0.07770200562235045,0.08705209216711995,49.87440473733201,49.87232769427051,29.908414459228517,33.53739929199219,30.03150749206543,33.675428118024556,29.608614028446258,33.201222192673455,28.265660997421023,31.831250031789143,0.090000152587894
2024-04-02,,,,,,,33.575000762939450,33.650001525878906,33.520000457763670,33.650001525878906,900,,,,,30.008831024169922,,,0.03671232610162822,0.06957819393777999,0.12836892601663938,0.12735340350407998,,,,,,,,,,,,29.95698331915238,33.59186169075312,29.964960722277258,33.60082055561086,29.467412282401778,33.045070443360885,28.59973918497179,32.30745340974388,,,,,0.002976216164514713,0.0349174383747517,0.03910497371278154,0.0691450921728307,0.07746266847625227,52.89011792035105,52.88808604754984,29.93606033325195,33.568399810791014,30.02322651091076,33.66614241827102,29.649523265778072,33.24709522913373,28.273500170026505,31.83728177963741,0.075000762939456
2024-04-03,,,,,,,33.290000915527344,33.290000915527344,33.290000915527344,33.290000915527344,100,,,,,29.687786102294922,,,0.08980249724196505,0.07743836103117624,0.12860419845355922,0.1278287011659707,,,,,,,,,,,,29.867250913533226,33.49124143234453,29.93976302955159,33.572564224694176,29.474298964273437,33.05272452061609,28.608340346373552,32.31522058370264,,,,,-0.010755986938525032,0.009678285684891819,0.010807030841448295,0.05725173087524293,0.06413154094929148,42.886928529616576,42.885590333445144,29.89111442565918,33.51800003051758,30.005815324329195,33.6466186160133,29.679815928141277,33.28106350368924,28.280099989875914,31.84192464465187,0E-15
2024-04-04,,,,,,,33.799999237060550,33.799999237060550,33.062999725341800,33.062999725341800,90500,,,,,29.485345840454100,,,0.0973592337088248,0.08042067450214363,0.12823550997999164,0.12799882770607943,,,,,,,,,,,,29.73994922250685,33.34849419667695,29.898452375997273,33.526240179298505,29.474644179154083,33.05304562076377,28.61527319612913,32.32113188126501,,,,,-0.006842330125368565,-0.026355353813663385,-0.029595236218888488,0.04053031393746166,0.04538618551565548,38.00570677366786,38.00471630752252,29.813884735107422,33.431400299072266,29.979740960257395,33.61738059634254,29.702436295766677,33.30642857627263,28.285591791546533,31.8453174999782,-0.736999511718750
2024-04-05,,,,,,,33.150001525878906,33.287998199462890,33.150001525878906,33.287998199462890,1900,,,,,29.686000823974610,,,0.11283683610730795,0.08292244129573027,0.1287656093841418,0.1280659841096722,,,,,,,,,,,,29.721966422996104,33.328328864272265,29.879138598540667,33.504581817495264,29.481249074304724,33.06038788884811,28.623737446151626,32.32877509326657,,,,,0.006782193205920628,-0.03827982648681072,-0.04296357018277064,0.024768285852607187,0.027716234375970258,44.72150374136718,44.72035845858688,29.757522964477538,33.3681999206543,29.97073809305827,33.60728527250744,29.728453984336248,33.33560313875713,28.292423422374423,31.850226228199308,0.137996673583984
2024-04-08,,,,,,,33.119998931884766,33.400001525878906,32.900001525878906,33.084999084472656,29000,,,,,29.504966735839844,,,0.11660557358893511,0.07912180754452076,0.12943812989140907,0.12818682472705803,,,,,,,,,,,,29.649633193944016,33.24721893767239,29.845122974658775,33.46643793267503,29.4819902512277,33.06115698871138,28.6307036855958,32.334753148533025,,,,,-0.006116968857976194,-0.06162759043821353,-0.06914138436814454,0.0074891105944430445,0.008344710627147298,40.4626275226359,40.46170475507549,29.67458610534668,33.27519989013672,29.94135130019415,33.57433282761347,29.75018259078737,33.35996821570018,28.298851732223753,31.854690513913592,-0.034999847412110
2024-04-09,,,,,,,33.090000152587890,33.380001068115234,33.025001525878906,33.349998474121094,25700,,,,,29.741289138793945,,,0.13598616348491643,0.08329439459386877,0.12087804228337724,0.12832097006666338,,,,,,,,,,,,29.68018517556066,33.28147878315529,29.835683535034697,33.455852527351944,29.490093341464142,33.07018328513043,28.639483017241634,32.34277880328076,,,,,0.007977673958467246,-0.060365759789117845,-0.06772357939193085,-0.006081863482269133,-0.006868947376668332,47.49223922157579,47.491348672096606,29.621077728271484,33.21519927978515,29.93073472522554,33.56242806570871,29.76447956145756,33.375999935089595,28.30562923068092,31.859531773461235,0.259998321533204
2024-04-10,,,,,,,33.130001068115234,33.400001525878906,32.990001678466800,33.389999389648440,144500,,,,,29.776966094970703,,,0.11041463842327895,0.07628927825654566,0.12054984931371995,0.12600806209597767,,,,,,,,,,,,29.712445482030674,33.31765231865301,29.830345585937973,33.44986587846981,29.499058115011223,33.08017753839662,28.648474978330402,32.35105722688841,,,,,0.0011988577390153027,-0.055843192152060794,-0.062650028620439,-0.016034129216227464,-0.018025163625422464,48.481190899358786,48.480177301842986,29.638913726806642,33.235198974609375,29.908864611671085,33.537904285249255,29.777077901931037,33.39012690952846,28.315179650745694,31.867547640724787,0.259998321533206
2024-04-11,,,,,,,33.099998474121094,33.439998626708984,32.935001373291016,33.400001525878906,79300,,,,,29.785884857177734,,,0.0898056595741489,0.0739585074535989,0.1198018692452448,0.12515999088811955,,,,,,,,,,,,29.736925273746362,33.34510205439498,29.82630370150522,33.445332755506996,29.508021450703925,33.09017203800544,28.657466360771885,32.3593492766828,,,,,0.00029947398860593515,-0.05095201206489364,-0.05716317280535321,-0.023017705785960702,-0.025852765461408616,48.74110050173347,48.740118599605296,29.699021530151366,33.302599334716795,29.880836759294784,33.50647572108677,29.79264892093719,33.40758726331923,28.323138184017605,31.87373812236483,0.300003051757812
2024-04-12,,,,,,,32.924999237060550,33.060001373291016,32.560001373291016,32.669998168945310,44600,,,,,29.134872436523438,,,0.18112052164697337,0.10384743312191107,0.12329819851892114,0.1266028330777144,,,,,,,,,,,,29.536240994672053,33.120067425911756,29.763446313779607,33.3748477930923,29.496360544010788,33.07704160459731,28.661240321845018,32.361804999151275,,,,,-0.022098796560126414,-0.09847185595688757,-0.11044680800128504,-0.038108535820146075,-0.0427715739693839,34.90044071194019,34.89992438917051,29.588795852661132,33.17899932861328,29.827965963454474,33.44718987601144,29.78994523911249,33.40455548725431,28.32719765769111,31.875523824540394,-0.255001068115240
2024-04-15,,,,,,,32.520000457763670,32.549999237060550,32.340000152587890,32.439998626708984,20800,,,,,28.929759979248047,,,0.18202451647688148,0.10372631678707962,0.1240745347240595,0.12679246753015566,,,,,,,,,,,,29.334080656197383,32.8933778261775,29.687656647004008,33.28986150523927,29.47865427636195,33.0571340115383,28.663363006883777,32.36242313059442,,,,,-0.007064999877207488,-0.1509425637921602,-0.1692821345810387,-0.0606753414145489,-0.06807368609171487,31.83332015766193,31.832891136993887,29.473754501342775,33.04999923706055,29.7757324945359,33.38861846923828,29.78443878416031,33.39838088504852,28.33021124582442,31.87613096691313,-0.080001831054686
2024-04-16,,,,,,,31.670000076293945,32.000000000000000,31.530000686645508,31.530000686645508,15500,,,,,28.118230819702150,,,0.21290542526792436,0.1383059166134465,0.13634260282750021,0.12996889005739531,,,,,,,,,,,,28.92879737736564,32.438918779666835,29.54498157179475,33.12987415809438,29.436141043341333,33.009411095135405,28.659053661530564,32.35584271601775,,,,,-0.028452672759802122,-0.2550693183984798,-0.28604147530150925,-0.09955413681133508,-0.11166724393367373,23.160728098866798,23.16048266121422,29.149142837524415,32.68599967956543,29.683665502639045,33.285380318051295,29.766602894616504,33.378380881415474,28.330011382935538,31.87313493849739,-0.139999389648437
2024-04-17,,,,,,,32.119998931884766,32.200000762939450,31.979999542236328,32.000000000000000,12400,,,,,28.537372589111328,,,0.2755551701263383,0.15155861110192434,0.1397493380515122,0.1301382928790351,,,,,,,,,,,,28.798322447947537,32.29261251977789,29.453380755187165,33.02715832554035,29.408054529146643,32.97786699841242,28.65809175581974,32.353029730120376,,,,,0.014796397573146975,-0.3003075255200933,-0.3367670366205857,-0.13970481455308673,-0.15668720247105614,33.272218299175435,33.2719376464772,28.90122413635254,32.40799980163574,29.612449555169967,33.20552326384045,29.75485386924138,33.36520624917651,28.329985997033496,31.87029763630458,-0.119998931884766
2024-04-18,,,,,,,32.549999237060550,32.729999542236330,32.264999389648440,32.569999694824220,2700,,,,,29.045696258544922,,,0.3322133873456445,0.16657390558618215,0.14432372753845882,0.1312241831889833,,,,,,,,,,,,28.88078038481333,32.38507491146,29.41631852821969,32.9855984500207,29.39673083319034,32.96512114517529,28.661155823034957,32.354744907706966,,,,,0.01765577571199509,-0.29177822099650896,-0.32720142340459546,-0.17011949584177116,-0.190790046657764,43.058638225636,43.058304701074604,28.753186416625976,32.2419994354248,29.571045012701127,33.15909476507278,29.7506780170259,33.36052367800758,28.331371875036332,31.869027796245756,0.020000457763670
2024-04-19,,,,,,,32.509998321533200,32.639999389648440,31.850000381469727,32.540000915527344,1600,,,,,29.018941879272460,,,0.29568785640745576,0.16607200841720854,0.1441715094408404,0.13109682167076914,,,,,,,,,,,,28.926834216299707,32.43671691281578,29.380193378315397,32.945089583248574,29.384924928380407,32.95183613799879,28.66398417130561,32.35620938207709,,,,,-0.0009215378593198055,-0.2839048619983835,-0.31837127096099493,-0.19287656907309364,-0.2163062915184102,42.70364397006388,42.703337319665714,28.730000305175782,32.21599998474121,29.525223959059943,33.107713880993074,29.7477053687686,33.35719035920643,28.333309408218142,31.868392876216344,0.030002593994144
2024-04-22,,,,,,,32.950000762939450,33.020000457763670,32.950000762939450,33.009998321533200,300,,,,,29.438081741333008,,,0.305973644269421,0.17462008380606803,0.1458968747076656,0.13168212848261063,,,,,,,,,,,,29.097250057977476,32.62781071572159,29.38545595677154,32.950990377638085,29.386586078785175,32.95365370623424,28.670103519685274,32.3613776740886,,,,,0.014340348479312355,-0.24106523433406934,-0.2703322271604307,-0.2025143021252888,-0.22711147864681427,49.7000832755322,49.69978969745368,28.831664657592775,32.329999923706055,29.496134440104168,33.075094767979216,29.747139158703032,33.35655542403933,28.336096551683212,31.868690483153813,0.059997558593750
2024-04-23,,,,,,,33.119998931884766,33.119998931884766,33.040000915527344,33.040000915527344,4500,,,,,29.464838027954100,,,0.13754969797937888,0.17465594414201685,0.14575192148151514,0.13168108584146584,,,,,,,,,,,,29.219779381303017,32.765207448990175,29.392672508697228,32.95908224471893,29.389031452196704,32.95635205652465,28.676386005916648,32.366742284692855,,,,,0.0009084876799374173,-0.20261983669756845,-0.22722072121845116,-0.2025354090397447,-0.22713332716114165,50.118817411403676,50.118521456073935,29.100986099243165,32.63199996948242,29.471758887881325,33.04776155380976,29.745440528506325,33.35465067908878,28.338868686131068,31.868968259720575,-0.079998016357422
2024-04-24,,,,,,,33.189998626708984,33.189998626708984,32.939998626708984,33.060001373291016,1300,,,,,29.482673645019530,,,0.13907520826808875,0.17443137029688366,0.14542291359246984,0.1316546051684897,,,,,,,,,,,,29.307410802541852,32.863472090423784,29.400854430181074,32.96825671095276,29.391957770722417,32.9595910976736,28.682759821245526,32.372222593693635,,,,,0.000605135555463098,-0.16876695642788064,-0.1892590122831308,-0.1957817185173719,-0.21955846418553948,50.41514163886171,50.414856822604854,29.290046310424806,32.844000244140624,29.45328612554641,33.02704738435291,29.741760102529373,33.35052372160412,28.342005911327544,31.86966271627517,-0.129997253417968
2024-04-25,,,,,,,32.819999694824220,32.970001220703125,32.819999694824220,32.840000152587890,900,,,,,29.286478042602540,,,0.1226134174517016,0.17549172887113734,0.14583680021630088,0.13175703715991036,,,,,,,,,,,,29.300433215895417,32.85564811114516,29.390456576764844,32.95659702382868,29.388661529218673,32.95585388063967,28.687532297303683,32.375920440009004,,,,,-0.006676847483888934,-0.1559717056238874,-0.17491008970004884,-0.187819715938675,-0.21062878928844136,47.100463149008924,47.10021293218406,29.338202667236327,32.89800033569336,29.4234748113723,32.99361882890974,29.733408367823042,33.34115863981701,28.34484931400844,31.870039705246214,0.020000457763670
2024-04-26,,,,,,,33.009998321533200,33.049999237060550,32.950000762939450,33.044998168945310,1000,,,,,29.469293594360350,,,0.12365565746208472,0.17725606685843223,0.1447336594726493,0.1316101142846346,,,,,,,,,,,,29.356720008717062,32.91876479707854,29.397623578364435,32.96463349156655,29.391181281254347,32.95863963964922,28.69371222850571,32.381209592016404,,,,,0.0062229168852847945,-0.12958590436231887,-0.1453216608477561,-0.17617295362340377,-0.1975673636003043,50.37457286320878,50.37432836997189,29.428273010253907,32.998999786376956,29.40432239714123,32.97214262826102,29.722862485855345,33.32933319939507,28.347414084843226,31.870079381125315,0.034999847412110
2024-04-29,,,,,,,32.990001678466800,33.020000457763670,32.759998321533200,32.779998779296875,107300,,,,,29.232967376708984,,,0.09376353604303211,0.1784557141837481,0.14304506843636733,0.13162078840313537,,,,,,,,,,,,29.315469131381036,32.87250945781798,29.382654832759396,32.947848517723855,29.386237096737307,32.95305711276321,28.697975115052774,32.38436207571032,,,,,-0.008051733970762063,-0.12628873949011776,-0.14162330851837623,-0.16619611079674657,-0.1863785525839187,46.37843130800029,46.37824726875084,29.3872501373291,32.952999877929685,29.369329906645277,32.93290447053455,29.71507690066383,33.320602992224316,28.348123565552726,31.8680158872453,-0.210002899169925
2024-04-30,,,,,,,33.029998779296875,33.029998779296875,32.770000457763670,32.840000152587890,6000,,,,,29.286478042602540,,,0.09540335911592068,0.17874927246509578,0.14210915000216182,0.1315994450797803,,,,,,,,,,,,29.30580543512154,32.861673022741286,29.37391148819968,32.93804412089331,29.383119626295596,32.94952408275773,28.702627312108504,32.38796395774097,,,,,0.0018288170854772652,-0.1179976456358851,-0.1323253638551236,-0.15655641776457427,-0.17556791483815967,47.395994608515274,47.39577591395616,29.351578140258788,32.9129997253418,29.33917881193615,32.899094990321565,29.70431881859189,33.30853952680315,28.348699145846897,31.86579365957351,-0.189998626708985
2024-05-01,,,,,,,32.779998779296875,32.919998168945310,32.750000000000000,32.750000000000000,1000,,,,,29.206218719482422,,,0.09433635032512266,0.17823613156833942,0.13806043823232467,0.13122632306898388,,,,,,,,,,,,29.272609863241833,32.824448681827526,29.358666691043567,32.9209492008121,29.377591472957683,32.94328895517155,28.706608271850587,32.39082590273907,,,,,-0.002744252801865612,-0.11655952499458877,-0.13071216737262148,-0.14855703921057717,-0.16659676534505202,45.986409688305635,45.986164002177645,29.29628715515137,32.850999450683595,29.300959178379603,32.856237774803525,29.700369456457715,33.304110966031516,28.350133419036865,31.864563495393785,-0.029998779296875
2024-05-02,,,,,,,33.000000000000000,33.069999694824220,32.599998474121094,32.799999237060550,58800,,,,,29.250806808471680,,,0.08565642639403005,0.17506790678737555,0.13800008421091556,0.1311177786047152,,,,-0.04246974734466796,,,,,,,,29.26534217831845,32.8162988669052,29.348861247173396,32.909953749561964,29.373629452192496,32.938811151480586,28.71091023656696,32.394060474551885,,,,,0.0015255000484028362,-0.11054759403153369,-0.12397012651828732,-0.14095515017476848,-0.1580714375796991,46.93069034134359,46.93046408648739,29.289152908325196,32.84299926757812,29.280150640578498,32.8329043615432,29.698387690952845,33.30188875349741,28.352367840115985,31.864246027810232,-0.200000762939450
2024-05-03,,,,,,,32.939998626708984,32.970001220703125,32.930000305175780,32.930000305175780,10300,,,,,29.366739273071290,,,0.07582006731259944,0.17429343371740524,0.13812780041081862,0.13032036894192958,,,,0.09239840555831347,,,,,,,,29.29914120990273,32.85419934632873,29.35048652225502,32.91177616370867,29.373414134094958,32.93853581253356,28.716094655827863,32.39829715305484,,,,,0.003955560186682621,-0.09532941625444735,-0.10690468022700372,-0.13183000339070425,-0.14783808610916002,49.407295831811915,49.40710348581921,29.268642044067384,32.81999969482422,29.274502708798362,32.82657105582101,29.697000473264662,33.30033320472354,28.356734601278152,31.866361110929457,-0.009998321533204
2024-05-06,,,,,,,32.900001525878906,32.909999847412110,32.869998931884766,32.909999847412110,500,,,,,29.348903656005860,,,0.0405382212692618,0.17243772066406382,0.1379132816064882,0.13024203946838755,,,,0.09016135937483044,,,,,,,,29.315728691937107,32.87279951335652,29.35034262532328,32.91161468040899,29.372648181654675,32.937644063623516,28.721097098517017,32.40234223364265,,,,,-0.0006075252428231508,-0.08374275165079226,-0.09391150748161436,-0.12221255304272186,-0.13705277038365088,49.02821898062879,49.02801595022837,29.291829299926757,32.84599990844727,29.258450462704612,32.80857113429478,29.697141980367995,33.30049190823994,28.360500865512424,31.86778968478006,0.009998321533204
2024-05-07,,,,,,,32.849998474121094,32.865001678466800,32.779998779296875,32.865001678466800,6300,,,,,29.308774948120117,,,0.04172145820636139,0.17128469293595056,0.13787193691292474,0.13017842135545293,,,,0.119295681877918,,,,,,,,29.31341077733144,32.87020023505995,29.346563745577537,32.907377134777875,29.370652143106717,32.93537398908737,28.725742773217437,32.405999620558255,,,,,-0.0013682339670091873,-0.07691169765703876,-0.08625105219832108,-0.11315238196558523,-0.12689242674658494,48.133401512647346,48.133198545040926,29.296288681030273,32.851000213623045,29.249107996622723,32.798095067342125,29.695655641101656,33.298825248839364,28.363605855003236,31.86846429582626,0.015003204345706
2024-05-08,,,,,,,32.889999389648440,32.889999389648440,32.340000152587890,32.770000457763670,29800,,,,,29.224052429199220,,,0.0423885988250706,0.16877250827281723,0.1350460743577044,0.13008273796089212,,,,0.11010637026885642,,,,,,,,29.28362466128737,32.836800309294524,29.335426353179507,32.89488834595841,29.36607090204711,32.9302060662335,28.729681979984093,32.40887709753221,,,,,-0.0028948739325844563,-0.07744173723217784,-0.08684479797605604,-0.10601025301890375,-0.11888290099247915,46.215593037862405,46.21543026063688,29.299855422973632,32.85500030517578,29.22447767711821,32.770476114182244,29.68631302364289,33.2883490607852,28.367018631526403,31.869500016409255,-0.119998931884770
2024-05-09,,,,,,,32.909999847412110,33.049999237060550,32.849998474121094,33.040000915527344,27900,,,,,29.464838027954100,,,0.07229813450898134,0.17155895360463808,0.1343982217459696,0.13014074158183747,,,,-0.1197938825028509,,,,,,,,29.344029116842947,32.90453384470546,29.34719105088629,32.9080803977374,29.369157374731703,32.933637155273935,28.735493490244725,32.41386621862308,,,,,0.0082055376376227,-0.05776651549171774,-0.06478180105182219,-0.09636150551346655,-0.10806268100434775,52.06159062657141,52.06140229897348,29.342661666870118,32.90300064086914,29.209614435831707,32.75380952017648,29.685874242631215,33.28785702538869,28.372162448035347,31.87249605239384,0.130001068115234
2024-05-10,,,,,,,33.020000457763670,33.040000915527344,32.869998931884766,32.919998168945310,11500,,,,,29.357818603515625,,,0.07578897438867614,0.17186933347676714,0.13285935605201304,0.13005671691704493,,,,-0.3378650262258526,,,,,,,,29.348625612400504,32.909688619452076,29.34815719203441,32.909163831483575,29.3688030381312,32.93321093695116,28.74041305635754,32.41786726170863,,,,,-0.0036387184342748387,-0.05023030991816313,-0.05633059178094868,-0.08713526639440587,-0.09771626315966794,49.48698886261814,49.486858474624405,29.340877532958984,32.90100021362305,29.189230328514462,32.73095221746536,29.68870523240831,33.29103158012269,28.376189133477588,31.874222233181907,-0.100002288818360
2024-05-13,,,,,,,33.540000915527344,33.540000915527344,33.424999237060550,33.424999237060550,21000,,,,,29.808176040649414,,,0.13147295162385256,0.16161233044291132,0.12149151420224508,0.13059363426841625,,,,-0.34957282635372655,,,,,,,,29.501809088483476,33.08145882532157,29.389977087363047,32.9560579592633,29.382533444459895,32.94857932132958,28.748853870462614,32.425828779300346,,,,,0.01522381691999849,-0.00782750076675498,-0.008782344419579147,-0.07127371326887569,-0.07992947941165018,58.7350964832311,58.73495830504853,29.432732009887694,33.00400009155273,29.221292404901412,32.76690464928036,29.6842462146093,33.28603154137021,28.383024336799743,31.879123029254732,-0.115001678466794
2024-05-14,,,,,,,33.569999694824220,33.584999084472656,33.569999694824220,33.584999084472656,300,,,,,29.950862884521484,,,0.12539671097474928,0.15927406138366443,0.11826154482021617,0.13056667835678867,,,,-0.36788242698369994,,,,,,,,29.651493687162812,33.24930557837193,29.44096670528654,33.01323442519142,29.40029373946182,32.9684674389278,28.75835591800458,32.43499218092226,,,,,0.004775415321194646,0.036865701934448936,0.04133416022313696,-0.049645830228210765,-0.055676751484692755,61.161291324537146,61.16115702291892,29.56114959716797,33.1479995727539,29.269916352771578,32.82142848060245,29.688974138290163,33.29133312285892,28.39097972143264,31.88529366538638,0.014999389648436
2024-05-15,,,,,,,33.520000457763670,33.700000762939450,33.500000000000000,33.700000762939450,37100,,,,,30.053421020507812,,,0.10946507001027292,0.11566758395055828,0.11833531709301377,0.13042251174341,,,,-0.19110502428925344,,,,,,,,29.785469464944477,33.39953730656111,29.496644370306658,33.07566772862306,29.420703966994505,32.99132785530317,28.76859358679907,32.444992248764294,,,,,0.0034183637960389203,0.07964289778263023,0.08930210647078951,-0.023788084626042566,-0.0266809798935963,62.85193434472995,62.851797188007026,29.727023315429687,33.33399963378906,29.36206826709566,32.92476181756882,29.694070089431037,33.29704741826133,28.400069161066934,31.89275398708525,0.180000305175780
2024-05-16,,,,,,,33.534999847412110,33.534999847412110,33.528999328613280,33.528999328613280,100,,,,,29.900922775268555,,,0.12852581075134883,0.11089361240287463,0.11880169430584701,0.13025522638942827,,,,-0.1678015002003733,,,,,,,,29.82395390171917,33.44269131391183,29.53339695257592,33.116879692258536,29.43571080475307,33.00813008884411,28.777544805680254,32.45356147469195,,,,,-0.005087156808381959,0.10008508125960702,0.11222500285565218,0.000986548551087351,0.0011002166562533952,58.75630169025459,58.75618571226618,29.81424026489258,33.43179931640625,29.426999228341238,32.997571309407554,29.69671718657963,33.30001567658924,28.409453641800653,31.900567478603786,-0.006000518798830
2024-05-17,,,,,,,33.560001373291016,33.560001373291016,33.500000000000000,33.500000000000000,4900,,,,,29.875061035156250,,,0.1208643362578308,0.0959719579907109,0.11880766512133524,0.1299954645914882,,,,-0.18396508192460376,,,,,,,,29.840989612864863,33.46179420927455,29.564457323719587,33.151708811144125,29.44944049945317,33.02350102356773,28.78622082330457,32.461833715998736,,,,,-0.000865288702162783,0.11289742145330095,0.12659228289338387,0.023368723131530073,0.02619862990367949,58.06527249320891,58.06516732107751,29.9176887512207,33.54779968261719,29.466492789132253,33.041857038225444,29.69926513187469,33.30287282429044,28.419601069556343,31.90925795691354,-0.060001373291016
2024-05-20,,,,,,,33.630001068115234,33.630001068115234,33.450000762939450,33.450000762939450,11000,,,,,29.830471038818360,,,0.06311834980435634,0.09616215468470943,0.11755636465342198,0.1296461588005357,,,,-0.21458436399308564,,,,,,,,29.83748342151603,33.45786306049619,29.588640388728567,33.178826261307336,29.461347703808332,33.036829140423094,28.7944757657197,32.46964531320776,,,,,-0.0014936640903824184,0.11809196267834565,0.13241750865152113,0.04231337104089319,0.04744240565324782,56.82436078764633,56.82428636603069,29.922147750854492,33.552799987792966,29.505137034824916,33.08519036429269,29.697000200786288,33.30033314417279,28.428480920337496,31.91650002343314,-0.180000305175784
2024-05-21,,,,,,,33.419998168945310,33.534999847412110,33.419998168945310,33.534999847412110,600,,,,,29.906274795532227,,,0.05414888805485994,0.08392997360243368,0.11761640886291927,0.12966521622638463,,,,-0.21326864262732947,,,,,,,,29.860413879521428,33.48357532280149,29.617516243892535,33.21120567822595,29.475251675424705,33.05239697501651,28.803264690856558,32.4780670881817,,,,,0.0025379285846017204,0.12686300590958055,0.14225295427579,0.05922329801463066,0.06640451537775625,58.45003332214669,58.44991704346417,29.91323013305664,33.54280014038086,29.527431942167738,33.11019043695359,29.695103357708643,33.29820617796883,28.437609664977543,31.924019866519505,0.115001678466800
2024-05-22,,,,,,,33.450000762939450,33.520000457763670,33.450000762939450,33.520000457763670,600,,,,,29.892896652221680,,,0.04330255824711638,0.08402936919084966,0.1176017283137151,0.12961600435005463,,,,-0.2006481450112638,,,,,,,,29.871241470421513,33.49571703445555,29.64255082646791,33.2392779309112,29.48830308094961,33.067009583852354,28.811878382250747,32.486303715609225,,,,,-0.0004474357490195197,0.13122197130061863,0.1471411389464805,0.07362303267182825,0.0825518400915011,58.0347236823767,58.03466301781569,29.881125259399415,33.5068000793457,29.547815686180478,33.133047558012464,29.692555351862833,33.29534903026762,28.44704885331411,31.93189685306852,0.069999694824220
2024-05-23,,,,,,,33.389999389648440,33.419998168945310,33.290000915527344,33.417999267578125,10200,,,,,29.801933288574220,,,0.03244553347390652,0.08502096868188118,0.11775074074474273,0.1294037595675577,,,,-0.1668709639515015,,,,,,,,29.84813874313908,33.46981111216308,29.65704014120485,33.25552532515365,29.498104024937877,33.07797801146879,28.819704903249352,32.49366889783823,,,,,-0.0030476151500218865,0.12588537134394073,0.141157244084539,0.08407550040625075,0.09427292089010868,55.16458454290852,55.16450370850048,29.861327362060546,33.48460006713867,29.563018526349747,33.15009507678804,29.68867674328032,33.29099979097881,28.45697531624446,31.940341290973482,0.027999877929685
2024-05-24,,,,,,,33.580001831054690,33.580001831054690,33.508998870849610,33.508998870849610,500,,,,,29.883085250854492,,,0.04011311881668059,0.0811517903667353,0.11787956175860612,0.12926928829278544,,,,-0.16660200357453972,,,,,,,,29.85978757904422,33.48287369839192,29.677589696627543,33.27856837476237,29.510134688247774,33.09144741332443,28.828111072005125,32.50169522173555,,,,,0.0027193427856731923,0.1267433441940362,0.14211960541852875,0.09260906916380784,0.1038422577957927,57.19831366616191,57.19825997400872,29.862932205200195,33.4863998413086,29.591428393409366,33.181952158610024,29.686468457418776,33.28852356804742,28.466496747637553,31.94831350871495,-0.071002960205080
2024-05-28,,,,,,,32.909999847412110,33.140998840332030,32.909999847412110,33.140998840332030,400,,,,,29.554904937744140,,,0.0898149827902516,0.08873084640232519,0.11987573803036966,0.12954336227813487,,,,-0.16833542834660492,,,,,,,,29.758160031944193,33.368915412371955,29.66643653672905,33.26606205345052,29.511533758544534,33.09299589541842,28.833856478058397,32.50674900528177,,,,,-0.01104289182963643,0.09979155043309973,0.11189786778514588,0.09404556541766622,0.10545337979366333,47.762902997929224,47.76286053092434,29.807818984985353,33.42459945678711,29.59550512404669,33.186523619152254,29.678555503724112,33.279650521656826,28.47551220939273,31.955738105471173,0.230998992919920
2024-05-29,,,,,,,33.090000152587890,33.310001373291016,32.990001678466800,33.179000854492190,254800,,,,,29.588798522949220,,,0.08598717815787625,0.0836066547241603,0.11986168206398641,0.12937177087964052,,,,0.15946646799606062,,,,,,,,29.701706195612534,33.30561055974537,29.65937853547634,33.25814739899976,29.51394828243218,33.095683550389474,28.83982439936188,32.512063249149044,,,,,0.0011461436106364258,0.08024200883695443,0.08997617854343787,0.09128485410152386,0.10235793954361824,48.70403481644998,48.703894522355,29.74432373046875,33.353399658203124,29.612449464343843,33.205523717971076,29.67208647349524,33.27239654177711,28.48390047133915,31.962440490722656,0.089000701904300
2024-05-30,,,,,,,33.151000976562500,33.151000976562500,33.151000976562500,33.151000976562500,100,,,,,29.563825607299805,,,0.08554158219527733,0.08361481391451159,0.11986718001621505,0.1292877967231439,,,,,,,,,,,,29.65574599950829,33.25407403201775,29.65069190564211,33.24840681514183,29.515506948834293,33.097412219957384,28.8455477290689,32.51711414027484,,,,,-0.0008443553434958806,0.06201883615184656,0.06954208783781723,0.0854316505115884,0.09579476920245804,48.01758598642453,48.01752202309638,29.678509521484376,33.27959976196289,29.62565649123419,33.22033328101749,29.665447598411923,33.26495212978787,28.49163565559993,31.968396845318022,0E-15
2024-05-31,,,,,,,32.979999542236330,33.130001068115234,32.889999389648440,33.029998779296875,219000,,,,,29.455917358398438,,,0.08602350190750575,0.08411211200949452,0.11923107371636321,0.12934436680260178,,,,,,,,,,,,29.589136452471674,33.17938228111079,29.632985128619957,33.22855153915592,29.513644774133173,33.09530554993674,28.850372785427236,32.52116856429873,,,,,-0.003656687193777564,0.03842658885199057,0.04308737325423806,0.07603063817966883,0.08525329001281404,45.06212664006703,45.06203672396324,29.60930633544922,33.20199966430664,29.63754690261114,33.2336665562221,29.65391086396717,33.25201558309888,28.499011879875546,31.97395239935981,0.049999237060545
2024-06-03,,,,,,,32.990001678466800,32.990001678466800,32.720001220703125,32.770000457763670,7200,,,,,29.224052429199220,,,0.07950495539609685,0.08874355123704675,0.11992820476070032,0.12955229853523148,,,,,,,,,,,,29.467441778047522,33.042921673328415,29.59580942867262,33.18686507721117,29.50459501335399,33.08513976580633,28.853326774706066,32.52313561483996,,,,,-0.007902735354612967,0.0010083769418862687,0.0011291139766598235,0.06102618593211232,0.0684284548055832,39.444235575966914,39.44414259665568,29.477499771118165,33.05419998168945,29.63627288455055,33.23223804292225,29.640746283152748,33.237253673492916,28.5050525286841,31.978000020223952,-0.220001220703130
2024-06-04,,,,,,,32.979999542236330,33.029998779296875,32.880001068115234,33.029998779296875,3200,,,,,29.455917358398438,,,0.09325963481232609,0.09197917923708353,0.12108248164695538,0.1295558344273279,,,,,,,,,,,,29.46360030483116,33.038614041984566,29.583091967738604,33.17260450467351,29.503073836636627,33.08341660997792,28.85809033663249,32.5271424382744,,,,,0.007902735354613008,-0.009823029797338734,-0.011016426633908338,0.04685634278622211,0.05253947851768489,46.61209082167145,46.61202490352367,29.457702255249025,33.03199996948242,29.640519460042317,33.23699987502325,29.631587709699357,33.2269838423956,28.511147703443253,31.982087316967192,0.049999237060545
2024-06-05,,,,,,,33.000000000000000,33.240001678466800,33.000000000000000,33.240001678466800,900,,,,,29.643196105957030,,,0.10603998989415353,0.09437912782650588,0.12137431284325277,0.12969466769640609,,,,,,,,,,,,29.523465571873118,33.10574325414531,29.588555980303912,33.1787315204729,29.50745265755289,33.08830989336819,28.86429670635047,32.53277768918501,,,,,0.006337806557869131,-0.0032576161291260064,-0.0036542522311009407,0.036833551003152484,0.04130073236792772,51.595822953521825,51.595786981142815,29.468581771850587,33.04420013427735,29.65453338623047,33.25271424793062,29.627907313997785,33.22285688491095,28.51782332526313,31.98682144709996,0.240001678466800
2024-06-06,,,,,,,33.049999237060550,33.049999237060550,33.040000915527344,33.040000915527344,1800,,,,,29.464838027954100,,,0.115736260132731,0.09687903524469374,0.12073383341160882,0.12984227622202027,,,,,,,,,,,,29.503923057233443,33.08382914127266,29.57730889372666,33.16611964729603,29.506120950377927,33.086800237810664,28.869044068576585,32.53678735895847,,,,,-0.006035004274859268,-0.012304644507491247,-0.013798999788392052,0.02700591190102374,0.03028078593666377,47.08758181993436,47.08750969502686,29.448784255981444,33.02200012207031,29.661964961460658,33.261047544933504,29.617474752759176,33.21115847996303,28.523659607720752,31.99061113690573,-0.009998321533206
2024-06-07,,,,,,,33.060001373291016,33.080001831054690,32.421001434326170,32.979999542236330,2600,,,,,29.411327362060547,,,0.11346128397130358,0.09650921063027312,0.1203615449835674,0.12971026530745036,,,,,,,,,,,,29.473057825509144,33.04921927492722,29.562219663575192,33.14919963774515,29.503158650743007,33.08346271607397,28.873330893031003,32.54029101258122,,,,,-0.0018177366094783928,-0.023521205393649325,-0.02637634460675997,0.016900488442089127,0.01894935982797902,45.79475431872127,45.794725423262676,29.439866256713866,33.012000274658206,29.670882815406436,33.27104750133696,29.60869840591673,33.20131722707597,28.52994507835025,31.99761510273767,-0.080001831054686
2024-06-10,,,,,,,33.120998382568360,33.130001068115234,33.120998382568360,33.130001068115234,300,,,,,29.545097351074220,,,0.09360071262206004,0.09351562304659379,0.11927521747742006,0.1297281493554328,,,,,,,,,,,,29.497071000697503,33.07614653932322,29.56066308971147,33.14745431323334,29.504469235128358,33.08491703957526,28.878641299813953,32.54495275215066,,,,,0.004537935236857649,-0.02136995106241102,-0.02396387088030849,0.009246400541189097,0.01036671368632152,49.525608741514354,49.525600181568876,29.504075241088866,33.08400039672851,29.674704687935964,33.27533322288876,29.597727911812918,33.18901567610483,28.536322714790465,32.00472224704803,0.009002685546874
2024-06-11,,,,,,,31.530000686645508,31.549999237060547,31.489999771118164,31.549999237060547,1500,,,,,29.449886322021484,,,0.08358505109064979,0.09331760088892016,0.11898405717841735,0.12977388851241378,,,,,,,,,,,,29.481342774472164,32.56743077190233,29.550592474466924,33.00223112449036,29.50276351909377,33.03695085824667,28.883157070740495,32.53708750697208,,,,,-0.0032277697454175286,-0.027036144988723976,-0.14784069569864755,0.001989891435206483,-0.021274768190672293,47.043722254809666,27.81154789174521,29.502869033813475,32.78800048828125,29.679088865007675,33.2100951785133,29.583051984272306,33.14917437235514,28.542318995036776,32.00555557674832,0.019998550415039
2024-06-12,,,,,,,31.679000854492188,31.679000854492188,31.679000854492188,31.679000854492188,100,,,,,29.570301055908203,,,0.07368174361930199,0.07723404877886973,0.11907854225326728,0.12972847990435676,,,,,,,,,,,,29.510995534950844,32.27128746609895,29.55238416368886,32.88193746358144,29.50487406711922,32.99451492062934,28.888589039002692,32.53030421327659,,,,,0.004080464882057889,-0.021561632740727532,-0.2329196665082307,-0.00272041339998032,-0.06360374785418398,50.42726762108681,30.49116885199788,29.48829002380371,32.475800323486325,29.667761484781902,33.126952398391,29.57233995104593,33.113682307894265,28.54819525612725,32.00623018022568,0E-15
2024-06-13,,,,,,,31.549999237060547,31.559999465942383,30.940000534057617,31.559999465942383,600,,,,,29.459220886230470,,,0.06405258585433153,0.07569929523758892,0.11846085467610984,0.12978824582045176,,,,,,,,,,,,29.493737318710718,32.034191466046764,29.543914774829005,32.76176128197788,29.50344740521645,32.94968631267038,28.89309996269619,32.52263382001703,,,,,-0.0037635507501185897,-0.02588786451227776,-0.30641561290707386,-0.007353903622439808,-0.11216612086476195,47.41748809235445,29.40675682985777,29.487166595458984,32.179800033569336,29.644349961053756,33.030523845127654,29.56333293612041,33.08019026498946,28.553556427123056,32.00634922300066,0.010000228881836
2024-06-14,,,,,,,31.520000457763672,31.565000534057617,31.450000762939453,31.565000534057617,2600,,,,,29.463890075683594,,,0.06210024050153334,0.07424516306364069,0.118442310058482,0.129753753164903,,,,,,,,,,,,29.483788237701678,31.877794488717047,29.536639802179423,32.652964850348766,29.502211238668544,32.906414882088725,28.897612137502417,32.51506359641261,,,,,0.00015848414609051907,-0.028609872986468332,-0.3601070456729687,-0.011605097495245513,-0.1617543058264033,47.5591745723323,29.520200517314795,29.497679138183592,31.896800231933593,29.61627705891927,32.92885716756185,29.554003609551323,33.046333101060654,28.558582374027797,32.00609129194229,0.045000076293945
2024-06-17,,,,,,,31.643999099731445,31.698999404907227,31.530000686645508,31.698999404907227,400,,,,,29.588968276977540,,,0.060844511532317284,0.07471187551237253,0.11878888910974529,0.12906108127218816,,,,,,,,,,,,29.51884825079363,31.818196127447106,29.541396936251978,32.56624071894499,29.504922396115703,32.868683148426804,28.90307740342712,32.5086124960845,,,,,0.004236150182286653,-0.0204387140184501,-0.38737983041410473,-0.013371820799886431,-0.2068794107439436,51.34159471931183,32.64354216868296,29.50645332336426,31.61059989929199,29.601422082810174,32.841714314052034,29.54695695544046,33.01493629576668,28.56251273079524,32.00457937755282,0.055000305175782
2024-06-18,,,,,,,31.610000610351562,31.715000152587890,31.610000610351562,31.715000152587890,200,,,,,29.603904724121094,,,0.05240841879879996,0.07477803688011804,0.11855967160833353,0.1290606859243906,,,,,,,,,,,,29.547200408569452,31.7837974691607,29.547079462421898,32.488855212912526,29.50801559386587,32.83263055480684,28.908617540349603,32.50233888072089,,,,,0.0005046704680239134,-0.012612377573155698,-0.4030563989243632,-0.013219932154540284,-0.2461148083800275,51.78879146047629,33.02521389533736,29.53725700378418,31.643600082397462,29.588509877522785,32.75671432131813,29.542015893118723,32.98588870820545,28.566431620764355,32.003051606435626,0.104999542236328
2024-06-20,,,,,,,31.610000610351562,31.684999465942383,31.569999694824220,31.684999465942383,500,,,,,29.575899124145508,,,0.045787505196468764,0.07470433831339687,0.11847113191889647,0.12904431257089263,,,,,,,,,,,,29.556766647094804,31.75086480142126,29.5496994316695,32.41577741773342,29.510136954187107,32.796767083279825,28.91389249358119,32.4958776995764,,,,,-0.0009464580902622631,-0.00857096665169621,-0.4131385925730626,-0.01229013905397147,-0.2795195652186345,50.84522351722442,32.65162738801826,29.53837661743164,31.6447998046875,29.576387405395508,32.672666640508744,29.53558279976012,32.955190295264835,28.57048701483106,32.00168256154136,0.074998855590821
2024-06-21,,,,,,,31.559999465942383,31.635000228881836,31.540000915527344,31.635000228881836,1100,,,,,29.529228210449220,,,0.03592675421576019,0.07401682737488259,0.11839396814508499,0.12903472762924706,,,,,,,,,,,,29.547587168212942,31.712243277241452,29.547838411558565,32.34479767329237,29.5107335559453,32.76046186907989,28.918756807548526,32.48907234407684,,,,,-0.0015792512596069313,-0.009029980080438094,-0.42031815815938245,-0.011638107259264794,-0.3076792838067841,49.23531848329459,32.00188973695908,29.55237808227539,31.65979995727539,29.55843280610584,32.58219046819778,29.527333062792582,32.92249189104353,28.574604836721267,32.000392883542986,0.075000762939453
2024-06-24,,,,,,,31.440000534057617,31.482000350952150,31.420000076293945,31.482000350952150,300,,,,,29.386413574218750,,,0.052474289204237565,0.07545528571679565,0.1186728219414782,0.12912816903835878,,,,,,,,,,,,29.493862636881545,31.63549563514502,29.533163426345855,32.266361553079626,29.506848556516346,32.720509946638394,28.922453698984654,32.48111130065293,,,,,-0.004848115428539711,-0.020679320784239508,-0.4333583418791278,-0.013446349964259736,-0.33281509542125287,44.5833778362788,30.032476986176317,29.53688278198242,31.643199920654297,29.534314564296178,32.485142844063894,29.517963046119327,32.88865065196204,28.57804271909926,31.998369073110915,0.041999816894533
2024-06-25,,,,,,,31.229999542236328,31.274999618530273,31.159999847412110,31.274999618530273,1200,,,,,29.193191528320312,,,0.04655395653820917,0.07774622796446666,0.11916616359960631,0.12930182624202474,,,,,,,,,,,,29.393638934027802,31.515330296273437,29.502256890161714,32.17623774084787,29.49704677438522,32.67533774888502,28.924593918979404,32.47157682095235,,,,,-0.006596928958573703,-0.044984359802942464,-0.45514933237264543,-0.01975395193199628,-0.35728194281153136,39.18846636037606,27.561182767971314,29.457727432250977,31.558399963378907,29.505326861426944,32.383095241728284,29.507210504441034,32.853412567623074,28.580650185781813,31.99545241159106,0.045000076293945
2024-06-26,,,,,,,31.049999237060547,31.049999237060547,30.860000610351562,30.943000793457030,1500,,,,,28.883293151855470,,,0.06292700234425012,0.08334949580797439,0.12087335463130465,0.12972855619186435,,,,,,,,,,,,29.223523673303692,31.324553795334634,29.445987459406602,32.06412529108506,29.477866973681163,32.62120221902789,28.924267430701743,32.45949321599191,,,,,-0.010672178920581744,-0.08823536502216811,-0.4935193955016466,-0.03345023455003065,-0.3845294333495544,32.413790998092175,24.13141000746418,29.313605117797852,31.404000091552735,29.457717713855562,32.260904857090544,29.490873639545743,32.8121586148701,28.58176257118346,31.990920672340998,-0.106998443603517
2024-06-27,,,,,,,31.100000381469727,31.204999923706055,31.100000381469727,31.204999923706055,300,,,,,29.127849578857422,,,0.11444446132514699,0.08290976778343663,0.12218733867068246,0.12987473258246848,,,,,,,,,,,,29.191632308488266,31.284702504791774,29.41706583390213,31.986022984959696,29.466928930092923,32.57694589729908,28.925876775746453,32.44957627296989,,,,,0.008431410389608308,-0.10160717419351784,-0.497057042599927,-0.04708162247872809,-0.40703495519962896,41.07144935544182,31.38774274931356,29.223995208740234,31.30800018310547,29.437381744384766,32.1687144324893,29.479069755190896,32.775793559967525,28.583190963381814,31.98669447974553,0.104999542236328
2024-06-28,,,,,,,31.188999176025390,31.188999176025390,31.188999176025390,31.188999176025390,400,,,,,29.112915039062500,,,0.11555463182147963,0.08264480830858364,0.12196580053154465,0.1298446474426092,,,,,,,,,,,,29.16539321867968,31.25280139520298,29.38941576164398,31.913566275056578,29.45586599599822,32.53357256225928,28.927355339092824,32.439611236630405,,,,,-0.0005128552216042861,-0.1121171056453818,-0.49544064863036397,-0.060088719112058826,-0.4247160938857759,40.728336902506975,31.191534605484716,29.14073257446289,31.21879997253418,29.414720626104447,32.07395244780041,29.465499999031188,32.737460212102015,28.584878474947008,31.982761935582236,0E-15
2024-07-01,,,,,,,31.122999191284180,31.122999191284180,31.122999191284180,31.122999191284180,100,,,,,29.051309585571290,,,0.11418253458439621,0.08277656875676083,0.12198959125559015,0.12986162404721172,,,,,,,,,,,,29.127365340976883,31.209533993896713,29.358678836546463,31.84169654016818,29.44322360817238,32.48949214441631,28.92833521455906,32.42920323627194,,,,,-0.0021183288155465774,-0.12398808976058362,-0.4937931518685552,-0.07286859324176378,-0.4385315054823318,39.27093383833437,30.348807774452805,29.073711776733397,31.146999740600585,29.39031510126023,31.977380934215727,29.451716801476856,32.69893640185159,28.586250766875253,31.9784881198217,0E-15
2024-07-02,,,,,,,31.059999465942383,31.290000915527344,31.059999465942383,31.290000915527344,800,,,,,29.207197189331055,,,0.1172802749579407,0.08476257372604636,0.12235410273762555,0.12992264610919715,,,,,,,,,,,,29.15397595709494,31.236356301106923,29.3449077777087,31.791542392473556,29.43584778258359,32.45200804351353,28.930539657047373,32.420197684329295,,,,,0.005351595309783472,-0.11944027029438331,-0.4735530307979552,-0.0821829286522877,-0.4455358105454565,44.6666270870846,35.12507637482923,29.07651290893555,31.15,29.37847128368559,31.894523893083846,29.438992454892112,32.66147607470315,28.588630804939875,31.975313519674636,0.230001449584961
2024-07-03,,,,,,,31.375000000000000,31.375000000000000,31.375000000000000,31.375000000000000,0,,,,,29.286537170410156,,,0.06799791829371635,0.08081406984663361,0.12068786805527504,0.12994095614071155,,,,,,,,,,,,29.19816302820001,31.282570867404615,29.339601358863376,31.753674902248687,29.431181825953168,32.41835154215373,28.933353866639173,32.411935252042106,,,,,0.0027127702002131427,-0.1081869058938203,-0.44551821660182256,-0.08738372410059421,-0.4455322917567297,47.23614901574221,37.475198781373216,29.157161712646484,31.236399841308593,29.38144674755278,31.828095299857004,29.432623424227277,32.63107923477415,28.59114879275125,31.97227780781095,0E-15
2024-07-05,,,,,,,31.579999923706055,31.579999923706055,31.579999923706055,31.579999923706055,100,,,,,29.477890014648438,,,0.05866180952501814,0.07925160280349515,0.1206631833081232,0.12951650283635155,,,,,,,,,,,,29.291405357016153,31.381713886171763,29.35217305484384,31.737886267835723,29.432641456849897,32.39215305407724,28.937658500220277,32.40535868818174,,,,,0.006512563117939026,-0.08287265383569675,-0.4021232176442382,-0.08648151004761472,-0.4368504769342314,52.91517268859464,42.85216763219256,29.227169799804688,31.311399841308592,29.382493064517067,31.75904773530506,29.432505077785915,32.607539555383106,28.593011076488192,31.96846828006563,0E-15
2024-07-08,,,,,,,31.950000762939453,32.060001373291016,31.950000762939453,31.954999923706055,3300,,,,,29.827928543090820,,,0.08114201950380967,0.08664692414357,0.12221935461200864,0.13001545388848793,,,,,,,,,,,,29.470246419041043,31.572809232016528,29.39542355377538,31.75762387291484,29.444994178294923,32.37849201875314,28.944696208069054,32.40179853984597,,,,,0.011804662738661117,-0.03417183124961909,-0.33362715615161065,-0.07601957428801559,-0.41620581277770724,61.15218009515132,51.13119261349139,29.37017250061035,31.464599990844725,29.391289847237722,31.69785717555455,29.434757898724268,32.586380852593315,28.596580785418315,31.96650399102105,0.004999160766602
2024-07-09,,,,,,,32.119998931884766,32.119998931884766,32.119998931884766,32.119998931884766,100,,,,,29.981943130493164,,,0.053502117307816885,0.08499725944457431,0.12197610638719944,0.13005503622867418,,,,,,,,,,,,29.640811989525083,31.755205798639274,29.44874351529518,31.790567060093927,29.46177383305112,32.370414109788506,28.952895788483474,32.3995708749609,,,,,0.0051501507532733855,0.01665957041258892,-0.2629978177923995,-0.057483745347894695,-0.3855642137806457,64.12590075765759,54.27034301540078,29.556299209594727,31.663999938964842,29.415913899739582,31.654047557285853,29.442328952607653,32.571063389853826,28.600301772829088,31.96467858269101,0E-15
2024-07-10,,,,,,,32.103000640869140,32.103000640869140,32.103000640869140,32.103000640869140,100,,,,,29.966077804565430,,,0.07289049435011852,0.08460813610885093,0.12096926975655489,0.12983732844949325,,,,,,,,,,,,29.749233927871867,31.871137412715896,29.495773905228837,31.818970112891673,29.47753333216094,32.362057438884776,28.960905132484122,32.3972264462329,,,,,-0.0005293027543085823,0.05502927995527429,-0.20602030448323916,-0.034981140287260896,-0.3496554319211644,63.58593477067174,53.88631098662605,29.708075332641602,31.826599884033204,29.44233058747791,31.6122857048398,29.44589702666752,32.551269773453,28.603075405908008,31.961793657333132,0E-15
2024-07-11,,,,,,,32.125000000000000,32.125000000000000,32.125000000000000,32.125000000000000,100,,,,,29.986610412597656,,,0.07834490855626738,0.08356116070545931,0.12095499850719509,0.12962072590826823,,,,,,,,,,,,29.828359422780462,31.95575827514393,29.54039540589873,31.846791011719702,29.493441990924588,32.35464939391963,28.969013474619405,32.395074458515644,,,,,0.0006849604061331864,0.08610183274535288,-0.1572770582336176,-0.01076454568073814,-0.31117975718365504,64.00832588624158,54.33667313491979,29.848089981079102,31.976599884033202,29.463355018979026,31.564428511120024,29.4492247142489,32.531190418061755,28.605046120900955,31.958003967527358,0E-15
2024-07-12,,,,,,,32.245998382568360,32.245998382568360,32.245998382568360,32.245998382568360,100,,,,,30.099555969238280,,,0.07680956698865665,0.08291931624518653,0.12117461984745337,0.12931865856999955,,,,,,,,,,,,29.918758271599735,32.05250497761874,29.591228184384146,31.883082590887764,29.51238305274689,32.3512540498149,28.97795056943853,32.39389599151211,,,,,0.003759457341623924,0.11847510987420762,-0.10764328141454982,0.015083385430251011,-0.270472462029834,66.32249570945605,56.833742636408104,29.97242317199707,32.10979957580567,29.494291668846493,31.597571327572776,29.454203620789542,32.51287290785048,28.60633299085829,31.95342458997454,0E-15
2024-07-15,,,,,,,32.270000457763670,32.270000457763670,32.270000457763670,32.270000457763670,100,,,,,30.121959686279297,,,0.03782998414147862,0.08217955492958724,0.11241024522726051,0.1289908010875408,,,,,,,,,,,,29.986492076492922,32.12500347100038,29.63947650273825,31.918256942421937,29.53143232254478,32.3487148750633,28.986994119769285,32.39291658017813,,,,,0.0007440436472150728,0.14427583593713322,-0.06561501971548367,0.040921875531627454,-0.22950097356696392,66.77878917316998,57.33218777707888,30.031229400634764,32.17279968261719,29.52056112743559,31.6257141658238,29.46987167237297,32.50652373783172,28.60661212224809,31.947710309709823,0E-15
2024-07-16,,,,,,,32.238998413085940,32.238998413085940,32.238998413085940,32.238998413085940,100,,,,,30.093023300170900,,,0.029298088144630727,0.0807451245596666,0.11139252699477192,0.12885577566623915,,,,,,,,,,,,30.02200248438558,32.163001785028904,29.68070802977758,31.947415257936846,29.548982040595597,32.34528623562651,28.99573743344835,32.39169983577424,,,,,-0.0009611025994089553,0.1605375952320678,-0.034412242521387526,0.06484501947171552,-0.19048322735784864,65.54357192282988,56.425876233051056,30.053445434570314,32.19659957885742,29.55074219476609,31.65804744902111,29.488336169530474,32.5033332582504,28.607483947087847,31.942666659279475,0E-15
2024-07-17,,,,,,,32.220001220703125,32.220001220703125,32.213001251220700,32.213001251220700,12200,,,,,30.068756103515625,,,0.0301100191762761,0.08094291264328672,0.09450160999695814,0.12870255245596499,,,,,,,,,,,,30.037587024095597,32.1796682737595,29.71598512739013,31.971559439144468,29.565224980061846,32.341152329863824,29.004219794476548,32.39028719874219,,,,,-0.0008067313903255002,0.1695129568241711,-0.01164730757484378,0.08577860694220664,-0.15471604340124767,64.46661171999986,55.63169147873818,30.073981094360352,32.21859970092773,29.579545338948567,31.68890462602888,29.519296888321165,32.51417453705319,28.609002370682973,31.938353175208682,-0.006999969482425
2024-07-18,,,,,,,32.150001525878906,32.150001525878906,32.009998321533200,32.122001647949220,1900,,,,,29.983814239501953,,,0.0390966732891378,0.08104825157755494,0.09058537883130542,0.12863477977130405,,,,,,,,,,,,30.01966276256438,32.16044606515607,29.740333228491206,31.985236003581264,29.57830589441935,32.334303871054,29.011963624081492,32.38816636434857,,,,,-0.0028289187349043086,0.16783717453970226,-0.0009380270933760926,0.10219032046170576,-0.12396044013967336,60.70657454746794,52.82876359152948,30.07342185974121,32.21800003051758,29.598347527640207,31.70904758998326,29.542256279597208,32.51611107114761,28.609582325768848,31.933003970554896,-0.027999877929686
2024-07-19,,,,,,,32.000000000000000,32.009998321533200,31.879999160766600,31.981000900268555,2800,,,,,29.852197647094727,,,0.03161514342467627,0.08290381245325319,0.08441966404528271,0.128710295321863,,,,,,,,,,,,29.96384105740783,32.10063101019357,29.750502721091525,31.9848509941892,29.586865011690456,32.32326315321695,29.01860579027132,32.38494766502778,,,,,-0.004399250569229431,0.15411223603887336,-0.0037847983021492837,0.11257470357713928,-0.09992531177216854,55.32225635397977,48.731742493968106,30.0239501953125,32.16500053405762,29.61017100016276,31.72171429225377,29.555057888939267,32.50676188393245,28.609675361996604,31.92713493014139,-0.018999099731445
2024-07-22,,,,,,,32.299999237060550,32.299999237060550,32.299999237060550,32.299999237060550,300,,,,,30.149963378906250,,,0.0895428408506326,0.08901184623641067,0.08647371373115348,0.12909207536488757,,,,,,,,,,,,30.025881831240635,32.16708708581589,29.78681732634741,32.013500834450234,29.604461835665948,32.322536155837064,29.0275493285214,32.384276135952945,,,,,0.009925248395663075,0.16535620600707546,0.019475117768990913,0.12313100406312652,-0.07604522586393665,63.26129009412578,56.87942320729544,30.02955093383789,32.17100028991699,29.637507393246604,31.750999995640345,29.573010611155677,32.50295233348059,28.610964162009104,31.922547620440287,0E-15
2024-07-23,,,,,,,32.256999969482420,32.256999969482420,32.256999969482420,32.256999969482420,100,,,,,30.109825134277344,,,0.08988039706081098,0.08892867143700918,0.08191788937701033,0.12903721016333977,,,,,,,,,,,,30.053862932252873,32.19705804703807,29.81618167252286,32.035637119453156,29.620254438747555,32.32048815001348,29.03610486848785,32.38327000024962,,,,,-0.0013321736287273064,0.16907927172678683,0.0340466190689952,0.1323206575958586,-0.05402685687735028,61.67046661089472,55.59681885186333,30.03291130065918,32.17460060119629,29.66515486580985,31.78061903090704,29.583673204694474,32.49099997868613,28.61256064309014,31.918313488127694,0E-15
2024-07-24,,,,,,,32.220001220703125,32.270999908447266,32.180000305175780,32.270999908447266,900,,,,,30.122894287109375,,,0.089512578303148,0.08645444779433699,0.0819104287506686,0.12847893362563537,,,,,,,,,,,,30.076873383871707,32.221705334174466,29.844064637485268,32.05703373663444,29.63596193400886,32.31894164246454,29.044696089188417,32.38238248964249,,,,,0.0004339552709116054,0.17111192775330863,0.0461918460554287,0.1400789116273486,-0.033983116290794486,62.00549261050119,55.945141015675134,30.04373893737793,32.186200332641604,29.700225375947497,31.81819043840681,29.594118542141384,32.47879361349439,28.61560281117757,31.915698407188295,0.050998687744141
2024-07-25,,,,,,,32.450000762939450,32.450000762939450,32.450000762939450,32.450000762939450,100,,,,,30.289979934692383,,,0.09042273252798755,0.08284343083901449,0.08256262286225048,0.12815256323588217,,,,,,,,,,,,30.14790890081193,32.297803810429464,29.884602391776824,32.09275801175308,29.656399996530222,32.32303723997938,29.054540230259594,32.382917021447206,,,,,0.00553147241425984,0.184083240655319,0.06946020492389238,0.14887977743294267,-0.013294452047857112,66.086723147571,60.239804868131515,30.104972076416015,32.25180015563965,29.75245339529855,31.874142873854865,29.606932927691748,32.46911106412373,28.618052172282386,31.912384918757848,0E-15
2024-07-26,,,,,,,32.474998474121094,32.474998474121094,32.474998474121094,32.474998474121094,100,,,,,30.313312530517578,,,0.07303610714033745,0.06964526587408251,0.08129122932692616,0.12814985605001727,,,,,,,,,,,,30.203043444047147,32.35686869832667,29.923576040753257,32.12750714469563,29.676928513217327,32.327786028546306,29.06449099943159,32.38364493806913,,,,,0.0007700108700018099,0.1940094251810649,0.08889295074217785,0.15790570698256712,0.007143028510149881,66.62584774585403,60.81430839978566,30.197195053100586,32.350599670410155,29.82054955618722,31.947095144362677,29.623231887817383,32.46331738668775,28.620710857330806,31.909301583729093,0E-15
2024-07-29,,,,,,,32.459999084472656,32.554000854492190,32.430000305175780,32.554000854492190,900,,,,,30.387056350708008,,,0.04107910131022503,0.06599656652219235,0.08056550806293987,0.1279729006446448,,,,,,,,,,,,30.264381079600767,32.42257941704851,29.965710614385507,32.16627930013168,29.699120008138912,32.33485524185711,29.07494606149702,32.38499162515548,,,,,0.002429766336848213,0.20545811466592667,0.10940719560669976,0.16741618851923903,0.027595861929459856,68.33898246826753,62.65104655127703,30.244613647460938,32.40139999389648,29.8805117834182,32.01133328392392,29.637799550616553,32.45552377852182,28.62448289659288,31.907452378954208,0.094001770019534
2024-07-30,,,,,,,32.380001068115234,32.504001617431640,32.369998931884766,32.504001617431640,500,,,,,30.340385437011720,,,0.04200527404419834,0.06658368686328807,0.07879328526744728,0.1279424531435646,,,,,,,,,,,,30.289715865404418,32.449720150509556,29.999771961896982,32.196981328977124,29.719159552791186,32.340141066093814,29.084949534821245,32.38593241560826,,,,,-0.001537062043482816,0.20836344676330398,0.12024426089907791,0.17560564016805202,0.04612554172338347,66.0289349078759,60.71150705323525,30.290725708007812,32.45080032348633,29.938962754749117,32.07395244780041,29.655377615065802,32.45114287119063,28.62767705463228,31.904964288075764,0.124000549316406
2024-07-31,,,,,,,32.720001220703125,32.786998748779300,32.720001220703125,32.786998748779300,200,,,,,30.604545593261720,,,0.06363599205651652,0.0686973446186681,0.08040147936096008,0.12819781202734956,,,,,,,,,,,,30.394659108023518,32.5621463499328,30.05475138293014,32.25061927623187,29.74682786655589,32.354105368677736,29.096962151884018,32.389102900455455,,,,,0.008668868963164073,0.2293377969477035,0.14993980388922523,0.1863520715239823,0.06688839415655182,71.8326279712285,66.94837385472047,30.387055969238283,32.55400009155274,30.012926374162948,32.15319052196684,29.676299322219123,32.45030157906668,28.63223078894237,31.903948413001167,0.066997528076175
2024-08-01,,,,,,,32.310001373291016,32.346000671386720,32.229999542236330,32.346000671386720,3200,,,,,30.192901611328125,,,0.12928836387255843,0.08738259364148684,0.08504669777470641,0.12844069464374813,,,,,,,,,,,,30.327406609125056,32.490097790417444,30.067310494602683,32.25929031215504,29.76076767108002,32.353852096887394,29.1056257049231,32.38876217137191,,,,,-0.013541695954781986,0.21031945967926546,0.13631749317624298,0.19114554915503895,0.08077421396049005,55.8268285378203,52.864949465037085,30.36764030456543,32.533200073242185,30.059864679972332,32.20347622462681,29.69196095542302,32.44388889131092,28.636435160561213,31.902623017628986,0.035999298095704
2024-08-02,,,,,,,32.040000915527344,32.141998291015625,32.020000457763670,32.141998291015625,1700,,,,,30.002479553222656,,,0.13413141602926607,0.09142413536092954,0.08611541708259955,0.12821441805354516,,,,,,,,,,,,30.21909759049092,32.37406462395017,30.061416772659044,32.248627401142365,29.76832116739698,32.347231665453904,29.1127154586646,32.3868114687604,,,,,-0.006326820749901066,0.17783188641860903,0.1078175727512587,0.18848281660775296,0.08618288571864378,50.24902258630468,47.850346605069866,30.305473709106444,32.466600036621095,30.093957174391974,32.23999995277042,29.70389226883177,32.433444431849885,28.6410159156436,31.901757929060196,0.101997375488281
2024-08-05,,,,,,,30.850000381469727,31.166000366210938,30.850000381469727,31.166000366210938,1400,,,,,29.091449737548828,,,0.23439081096861059,0.14159830501922857,0.1060791822640709,0.13188854801949182,,,,,,,,,,,,29.84321497284356,31.97137653803709,29.973237951285387,32.150206761603144,29.747168935214226,32.31031818735256,29.112547350197282,32.37716078810784,,,,,-0.030835722469825536,0.07767734217011224,0.006402500664634658,0.16632172172022483,0.07022680870784195,33.17251999650578,32.14176951207499,30.04635238647461,32.18899993896484,30.07555525643485,32.22028568812779,29.699522593664746,32.4054444328187,28.64172677388267,31.89673412413824,0.315999984741211
2024-08-06,,,,,,,31.569999694824220,31.569999694824220,31.569999694824220,31.569999694824220,200,,,,,29.468555450439453,,,0.28009226549024724,0.14283099677492164,0.10922533038002884,0.13250926011891703,,,,,,,,,,,,29.71832846537552,31.837584256966135,29.927357723935756,32.09746066462324,29.738462263815013,32.28718323446105,29.115361643479826,32.37078006800282,,,,,0.012879470367100495,0.02840597728100036,-0.040898848695213985,0.13873857283237992,0.04800167722723077,41.96438665811228,40.804536236986664,29.871986389160156,32.00219955444336,30.05844225202288,32.20195234389532,29.701421828497026,32.38417458912683,28.64404727542211,31.893440466078502,0E-15
2024-08-07,,,,,,,31.795000076293945,31.899999618530273,31.459999084472656,31.629999160766600,5600,,,,,29.524560928344727,,,0.2615198748641198,0.14162724870975954,0.1092465703652291,0.13248763083133633,,,,,,,,,,,,29.65373928636526,31.76838922489962,29.89073983342748,32.05496416427264,29.731777847081567,32.266646232158095,29.11859642043528,32.36492409245155,,,,,0.0018987128725719972,-0.006052985318099502,-0.07270594451514256,0.10978026120228404,0.0238601528787561,43.16038132509812,41.98898419654036,29.65598945617676,31.77079963684082,30.03666214715867,32.178619021461124,29.704847002786302,32.36457137456016,28.646236260732014,31.889988081795828,-0.165000915527345
2024-08-08,,,,,,,32.046001434326170,32.046001434326170,32.046001434326170,32.046001434326170,300,,,,,29.912872314453125,,,0.28768823134252636,0.14948531011697785,0.11208544248136158,0.1331083296564808,,,,,,,,,,,,29.740116962394545,31.860926628041806,29.892751877157085,32.05414937064114,29.73743704918693,32.25975108222585,29.124875281257555,32.36240296471934,,,,,0.0130664091513035,-0.0020053612794761477,-0.06361210950872476,0.087423136705932,0.00636570040125993,50.74024225012962,49.529456378993736,29.599983596801756,31.710799789428712,30.034128552391415,32.175904773530505,29.71578065175859,32.35307932656909,28.6501784324646,31.888424600873673,0E-15
2024-08-09,,,,,,,32.043998718261720,32.043998718261720,32.043998718261720,32.043998718261720,100,,,,,29.911003112792970,,,0.28499026990177756,0.1494592467126065,0.11095016295220292,0.13259762892750737,,,,,,,,,,,,29.797079012527355,31.92195065811511,29.89441108039671,32.05322658406119,29.742860988674618,32.25300882085197,29.131089730518706,32.359885935103065,,,,,-0.0000624901562265694,0.0010395971514469693,-0.055922146503050385,0.07014642879503499,-0.006091868979602133,50.70518941039031,49.49610088163675,29.58168830871582,31.69119987487793,30.030528204781668,32.17204756963821,29.72286263723222,32.33726976788233,28.65542208959186,31.88832142239525,0E-15
2024-08-12,,,,,,,31.959999084472656,31.959999084472656,31.895999908447266,31.895999908447266,200,,,,,29.772855758666992,,,0.12660878189305705,0.14954053768867925,0.11110844136131504,0.1326638960719963,,,,,,,,,,,,29.7890045945739,31.91330040822583,29.8833605966031,32.03893324991447,29.743798325236877,32.241852292339324,29.13616297975308,32.3562188518884,,,,,-0.00462931195979324,-0.007606900670857897,-0.06106613015613149,0.054595762901856415,-0.017086721214908004,48.06248846184713,46.97828184236774,29.717969512939455,31.837199783325197,30.014971051897323,32.15538097563244,29.72945052858383,32.321015827239506,28.66036518036373,31.887908723619248,-0.063999176025390
2024-08-13,,,,,,,31.756000518798828,31.756000518798828,31.756000518798828,31.756000518798828,100,,,,,29.642175674438477,,,0.11453298357186094,0.15005328703592555,0.10720273576640146,0.13272172088587672,,,,,,,,,,,,29.740061621195427,31.860867111750164,29.861434694588134,32.01321209254032,29.740622617399428,32.22666942441618,29.140163080106323,32.351474042931166,,,,,-0.004398896770774387,-0.02471915610347608,-0.07556844894281767,0.03873277910078992,-0.028783066760489938,45.63930576903646,44.66375936437989,29.752693557739256,31.874399948120118,29.992124194190616,32.130904788062686,29.726815602136035,32.2945237840925,28.66503732166593,31.887218248276483,0E-15
2024-08-14,,,,,,,32.105998992919920,32.105998992919920,32.105998992919920,32.105998992919920,100,,,,,29.968877792358400,,,0.1344754439197601,0.15544340440145996,0.1090416062359352,0.13290466965279685,,,,,,,,,,,,29.81633367824975,31.942577738806747,29.871202248930885,32.02164726530211,29.747755591616897,32.222898473431925,29.146714184551005,32.34953352870183,,,,,0.010961235206631285,-0.011782786638512732,-0.05814937941341469,0.028629665952929387,-0.034656329291074886,52.136312114977585,51.14420735615759,29.84155693054199,31.96959991455078,29.9862125033424,32.12457148234049,29.727101553054084,32.271047592163086,28.670050757271902,31.88684522537958,0E-15
2024-08-15,,,,,,,32.380001068115234,32.409999847412110,32.310001373291016,32.310001373291016,800,,,,,30.159297943115234,,,0.10871096382092663,0.1570501845581887,0.10956669360003571,0.1328753763674509,,,,,,,,,,,,29.93065509987158,32.065052283634834,29.89739276658401,32.04786127511928,29.76061629010122,32.22562043905252,29.154718799243213,32.34922102154443,,,,,0.006333828858894028,0.013677033790575166,-0.027565595115319752,0.025639139520458543,-0.03323818245592386,55.476445163621115,54.489691136135725,29.890842056274415,32.02239990234375,29.99052401951381,32.129190535772416,29.728782139127215,32.24898410978771,28.676562725551545,31.88811507300725,-0.069999694824218
2024-08-16,,,,,,,32.619998931884766,33.110000610351560,32.479999542236330,33.110000610351560,20100,,,,,30.906047821044922,,,0.19198963864468943,0.17764101964432516,0.11942126782352143,0.13500571074645565,,,,,,,,,,,,30.25578600692936,32.41336839254041,29.989088680625912,32.144419396504034,29.79641102544321,32.25325731940561,29.168563297439274,32.35523508944014,,,,,0.024458621995834262,0.09303811374746473,0.060527800041754176,0.03911893436585978,-0.014484985956388254,65.61134999184965,64.69849950414869,30.089850997924806,32.235600280761716,30.034439904349192,32.17623810541062,29.74473650493319,32.24233333648197,28.686462493169877,31.893035707019624,0.490001678466794
2024-08-19,,,,,,,32.650001525878906,32.712001800537110,32.650001525878906,32.712001800537110,100,,,,,30.534540176391600,,,0.22400255442829484,0.18275505944413303,0.12203523173540436,0.13552319664982773,,,,,,,,,,,,30.348704063416772,32.51291286187264,30.038675180240972,32.19601779687068,29.81947756141035,32.267593084440975,29.179361533636524,32.358055379646444,,,,,-0.012093379457951777,0.12451939717442073,0.09710787352672412,0.05619902692757197,0.007833585940234221,58.47937453674155,57.75709299070789,30.242187881469725,32.398800659179685,30.06693240574428,32.211047672090075,29.755204427809943,32.22982542855399,28.69442814115494,31.89586111099001,0.062000274658204
2024-08-20,,,,,,,32.689998626708984,32.700000762939450,32.564998626708984,32.564998626708984,2000,,,,,30.397323608398438,,,0.2242828434563645,0.18077659016949962,0.12236779322364326,0.13557227477352254,,,,,,,,,,,,30.36491057841066,32.53027478348476,30.07127958280074,32.22956150867416,29.837535250378725,32.27688700763685,29.188989692330296,32.359691294642985,,,,,-0.004503942319459739,0.1368191448949574,0.11293408391723858,0.07232305052104905,0.028853685535635092,56.055700922802686,55.39313979143067,30.393217468261717,32.56060028076172,30.078711464291526,32.22366669064476,29.764202087644545,32.21577777559795,28.70216766993205,31.898460312495157,-0.125000000000000
2024-08-21,,,,,,,32.785999298095700,32.785999298095700,32.785999298095700,32.785999298095700,100,,,,,30.603610992431640,,,0.21921320429795252,0.18197661874921622,0.12297239292496226,0.13542854236611915,,,,,,,,,,,,30.444477383084322,32.615516288355074,30.11967334731264,32.280146762257935,29.86147511731788,32.29279676671369,29.200172469406194,32.36306131838569,,,,,0.006763442945677845,0.16135248049750928,0.14167622158262816,0.0901289365163411,0.05141819274503371,58.81894759722825,58.16532063276407,30.52016410827637,32.696600341796874,30.10222507658459,32.248857134864444,29.77527091616676,32.203888877989755,28.71170217271835,31.90303173519316,0E-15
2024-08-22,,,,,,,32.819999694824220,32.840000152587890,32.819999694824220,32.840000152587890,500,,,,,30.654018402099610,,,0.2188533331436505,0.18199645326382058,0.12298738273511559,0.13536753076202124,,,,,,,,,,,,30.51432438942275,32.69034424309935,30.168250170475094,32.3310425250152,29.886242094967308,32.30989687252226,29.211665322629067,32.366831585849745,,,,,0.001645751608201551,0.182756084028604,0.1668882070454032,0.10865436601879368,0.0745121956051076,59.48928494784374,58.83845733073814,30.619108200073242,32.80260009765625,30.127516701107933,32.27595238458542,29.78735221378387,32.19309522235204,28.721875357249427,31.908309512668186,0.020000457763670
2024-08-23,,,,,,,32.759998321533200,33.000000000000000,32.759998321533200,32.919998168945310,700,,,,,30.728691101074220,,,0.11618885384936802,0.18130360661421996,0.12285148406382738,0.13522888443690848,,,,,,,,,,,,30.58577995997324,32.76689555171467,30.219199345984105,32.38458394719067,29.91256862640815,32.328962538035476,29.223657621272903,32.371204444214136,,,,,0.0024330218204772157,0.20339939515745442,0.1911209353419423,0.12760337184652584,0.09783394355247454,60.51466290994458,59.868639378030814,30.583636856079103,32.764599609375,30.148407709030877,32.298333213442845,29.802062655252122,32.185190443008665,28.731584291609508,31.91305156738039,0.159999847412110
2024-08-26,,,,,,,32.860000610351560,32.860000610351560,32.860000610351560,32.860000610351560,100,,,,,30.672689437866210,,,0.06823713820313772,0.18151082160050777,0.12285184721765863,0.13514451282692444,,,,,,,,,,,,30.614749785937562,32.797930571260295,30.260425717973387,32.427803643841656,29.936322401766212,32.34555747779535,29.235112418242018,32.375068445527475,,,,,-0.001824117902392974,0.21278761854771133,0.20314254474239846,0.14464022118676292,0.11889566379045932,59.302363666942256,58.68240827670305,30.611266708374025,32.79419937133789,30.1655208950951,32.31666664850144,29.81459605504596,32.17488888331822,28.74161932203505,31.918170618632484,0E-15
2024-08-27,,,,,,,32.970001220703125,32.970001220703125,32.840000152587890,32.840000152587890,2000,,,,,30.654018402099610,,,0.052606400285882836,0.18142187804679824,0.12064948478268447,0.13514463886263386,,,,,,,,,,,,30.627839324658247,32.811953765036165,30.29620687107577,32.46527605372768,29.958750401776634,32.361008811382625,29.246329066335754,32.3787437949904,,,,,-0.0006089039180842112,0.21622870674333683,0.208650691718951,0.1589579182980777,0.13684666937615766,58.87885651256078,58.2679406369031,30.662605667114256,32.84919967651367,30.178233373732795,32.330285662696475,29.83204230051192,32.1701111263699,28.751438753945486,31.923051569196915,-0.130001068115235
2024-08-28,,,,,,,32.775001525878906,32.775001525878906,32.775001525878906,32.775001525878906,100,,,,,30.593345642089844,,,0.031975466210661725,0.18148865598589436,0.1207518816278344,0.1351641165661367,,,,,,,,,,,,30.61634143046878,32.79963635198374,30.323219486622506,32.49343291483233,29.97858150303642,32.373946083710635,29.25697741871326,32.381876267171336,,,,,-0.0019812372598618138,0.21162057895573128,0.20540333019138757,0.16949045042960842,0.15055800153920365,57.44324240514728,56.862357653999226,30.6605525970459,32.84700012207031,30.190279097784135,32.343190420241584,29.84798749287923,32.163698438614134,28.76094666738359,31.92759522937593,0E-15
2024-08-29,,,,,,,32.764999389648440,32.764999389648440,32.764999389648440,32.764999389648440,22200,,,,,30.584009170532227,,,0.028163996827452183,0.17897909670694426,0.12073175449698877,0.1351561939037218,,,,,,,,,,,,30.60556401048993,32.78809069787197,30.346927639705207,32.51812077617925,29.997501117645665,32.38616649952119,29.267467788292855,32.384904908455745,,,,,-0.00030522639165094856,0.2048538021436883,0.1997204311734393,0.1765631207724244,0.16039048746605078,57.21206802216875,56.6359493902205,30.646550750732423,32.831999969482425,30.189301172892254,32.34214283171154,29.86418088277181,32.15757142929804,28.770559030865865,31.932257924761092,0E-15
2024-08-30,,,,,,,32.830001831054690,33.090000152587890,32.790000915527344,33.090000152587890,5900,,,,,30.887376785278320,,,0.07930624725662788,0.1750441946266647,0.12184729879066664,0.13543144162486118,,,,,,,,,,,,30.69950160208606,32.88872718277728,30.396059380211852,32.57010981039822,30.025309732259185,32.408161301179526,29.280273393012106,32.390478783903426,,,,,0.009870285920148637,0.22141794567930972,0.218917987890471,0.18553408575380145,0.17209598755093483,62.49378495917333,61.93897998916396,30.67828788757324,32.86600036621094,30.222371419270832,32.377571378435405,29.886902460976252,32.15852383204869,28.780879974365234,31.937654752579945,0.259998321533200
2024-09-03,,,,,,,32.687000274658200,32.687000274658200,32.687000274658200,32.687000274658200,100,,,,,30.511203765869140,,,0.12458966902826009,0.17935628434066522,0.12340435140271284,0.1358380060068299,,,,,,,,,,,,30.63673565668042,32.82148488007092,30.406527051635244,32.580736216240034,30.040493920809496,32.41687501910073,29.29000406789635,32.392822827308606,,,,,-0.012253629413920487,0.20186416546883024,0.19931587838502907,0.18880010169680722,0.17753996571775366,53.65020125757296,53.24397253512252,30.645990753173827,32.831400299072264,30.24659638177781,32.403523853846956,29.907333434574188,32.157206368824795,28.790451064942374,31.94228570423429,0E-15
2024-09-04,,,,,,,32.625000000000000,32.625000000000000,32.625000000000000,32.625000000000000,100,,,,,30.453329086303710,,,0.12463469559496479,0.1383734902486972,0.12262853010621151,0.13585390891951865,,,,,,,,,,,,30.575600133221517,32.75598992004728,30.41078178205965,32.584760196581854,30.05339501973119,32.423378924753834,29.299200313101153,32.3946582199781,,,,,-0.001898634968347557,0.17962702231330852,0.17674080340506038,0.18696548582010747,0.177380133255215,52.421112253863605,52.03375222704637,30.60585289001465,32.78840026855469,30.311447779337566,32.473000026884534,29.92316536676316,32.15077781677246,28.7996686829461,31.946531734769305,0E-15
2024-09-05,,,,,,,32.689998626708984,32.764999389648440,32.669998168945310,32.764999389648440,500,,,,,30.584009170532227,,,0.13032300546972192,0.13310076315482422,0.12230118122745749,0.13514365395293218,,,,,,,,,,,,30.57840314565842,32.758993076581,30.426529726466246,32.60114557776972,30.06997671194372,32.43405456428179,29.309356904859502,32.39758581815731,,,,,0.004281978462119394,0.1705823496676544,0.168207681117444,0.18368885858961687,0.1755456428276608,54.93177249595508,54.54611421653433,30.603985595703126,32.786399841308594,30.364564623151505,32.52990477425711,29.938098907470703,32.143238097902326,28.810961413005042,31.953079352303156,0.075000762939456
2024-09-06,,,,,,,32.740001678466800,32.740001678466800,32.616001129150390,32.619998931884766,1800,,,,,30.448661804199220,,,0.13405532888196112,0.13482051900809508,0.1219954275425404,0.13522952172423378,,,,,,,,,,,,30.535156031838685,32.71266169501559,30.42854173353288,32.602859519052906,30.081810621076706,32.43986532576938,29.318363267700132,32.399344024589944,,,,,-0.004435250368189499,0.1507551683754933,0.14803830171303645,0.17710212054679214,0.17004417460473595,51.878363273279035,51.53533122668811,30.576916122436522,32.75739974975586,30.408569426763627,32.577047620500835,29.95371515788729,32.13657139974927,28.821699361952525,31.959031725686692,-0.120002746582034
2024-09-09,,,,,,,32.620998382568360,32.620998382568360,32.620998382568360,32.620998382568360,100,,,,,30.449594497680664,,,0.09753764154508882,0.12808404392977243,0.12190736046486547,0.13465534990379371,,,,,,,,,,,,30.50663552045268,32.68210725753318,30.43045562118268,32.604508506645224,30.09330386722058,32.44552573379435,29.327305807067567,32.40109623295341,,,,,0.00003063120483762067,0.13357744726048892,0.1306287634682377,0.1683971858895315,0.16216109237743628,51.89820577797815,51.55518027367325,30.489359664916993,32.66359939575195,30.434127625964937,32.60442842755999,29.97019558861142,32.13087296864343,28.831025971306694,31.96340076507084,0E-15
2024-09-10,,,,,,,32.750000000000000,32.750000000000000,32.540000915527344,32.540000915527344,54300,,,,,30.373989105224610,,,0.05248788251468068,0.12857504852852578,0.12178294220967767,0.1346746691226695,,,,,,,,,,,,30.46242004870999,32.63473847686457,30.42532230155013,32.59864418017996,30.102075280908206,32.448478083223506,29.335579983337585,32.40219429368521,,,,,-0.0024860564576211015,0.1125656692421444,0.10903882857268599,0.15723088256005407,0.15153663961648622,50.094985146515796,49.775963604156594,30.461916732788087,32.63419952392578,30.45617457798549,32.62804757981073,29.983352600582062,32.12150788685632,28.839836771526034,31.96720632674202,-0.209999084472656
2024-09-11,,,,,,,32.541000366210940,32.541000366210940,32.541000366210940,32.541000366210940,100,,,,,30.374921798706055,,,0.05196321750752767,0.1271322390806372,0.12155831677193689,0.13463791235637382,,,,,,,,,,,,30.433253965375343,32.60349243998002,30.420740437655212,32.593403833455504,30.110601734589387,32.45136940456686,29.343796124170535,32.40329157489095,,,,,0.000030706508730486,0.0948950532463293,0.09096075794183633,0.1447637166973091,0.13942146328155625,50.11801075634073,49.79898563527397,30.446235275268556,32.61739959716797,30.484844389415922,32.65876188732329,29.99803570338658,32.1372380635095,28.848265670594714,31.970583310202947,0E-15
2024-09-12,,,,,,,32.520000457763670,32.520000457763670,32.520000457763670,32.520000457763670,100,,,,,30.355319976806640,,,0.030744947275074107,0.1257991208940512,0.12135840244305485,0.13455802562414146,,,,,,,,,,,,30.407275969185775,32.57566177924124,30.414793123032617,32.586730799301705,30.11824917965868,32.453514124979264,29.351792360159756,32.40421417475556,,,,,-0.0006455374458272604,0.07840545032604851,0.07408523118464672,0.131492063423057,0.12635421686217435,49.60005662078632,49.28776093595041,30.400497436523438,32.568399810791014,30.518803641909646,32.69514283679781,30.010496321178618,32.150587263561434,28.85711205194867,31.974432521396214,0E-15
2024-09-13,,,,,,,32.594001770019530,32.594001770019530,32.594001770019530,32.594001770019530,100,,,,,30.424396514892578,,,0.02707819419364108,0.1207444146461371,0.12111371105274073,0.13446784267736828,,,,,,,,,,,,30.41298281775471,32.58177510950067,30.415666158656247,32.587391796639686,30.127816283884737,32.457904363886776,29.360271444386893,32.40571447195132,,,,,0.0022730138215180428,0.07010311546002157,0.0659226270826423,0.11921427383044991,0.11426789890626793,51.50217925009887,51.18933295129992,30.39564437866211,32.56320037841797,30.54049500964937,32.71838106427874,30.02581656925262,32.166999998546785,28.865606383671835,31.977873007456463,0E-15
2024-09-16,,,,,,,32.520999908447266,32.520999908447266,32.520999908447266,32.520999908447266,200,,,,,30.356254577636720,,,0.030645617038662455,0.11936582560866496,0.12123727986183426,0.13444153117383884,,,,,,,,,,,,30.39407340438205,32.56151670914954,30.41026510583629,32.58135617044037,30.134954980564487,32.45987609965429,29.36814482883946,32.4066258192754,,,,,-0.002242225595812875,0.057363717188906094,0.052952659104278155,0.10684416250214115,0.10200485094586997,49.51686086569214,49.22826032731417,30.37697639465332,32.54320068359375,30.549873897007533,32.72842861357189,30.039981085156636,32.18217459179106,28.87420882875957,31.981448400588263,0E-15
2024-09-17,,,,,,,32.330001831054690,32.330001831054690,32.290000915527344,32.313999176025390,2700,,,,,30.163030624389650,,,0.05123808339874206,0.0830328596504566,0.12175749108081513,0.1345453322694583,,,,,,,,,,,,30.317059144384583,32.47901086477482,30.387789243886598,32.55705098912992,30.13583234443402,32.45531744579088,29.374428511017722,32.405893592846546,,,,,-0.006385554924038171,0.03131511296033196,0.0256746752345407,0.09173835259377931,0.08673881580360412,44.30182450360072,44.07237454879533,30.334784698486327,32.49800033569336,30.514492125738236,32.69052378336588,30.04909318590921,32.19193649291992,28.882469025869216,31.98467855604868,-0.016002655029300
2024-09-18,,,,,,,32.380001068115234,32.430000305175780,32.360000610351560,32.430000305175780,1800,,,,,30.271310806274414,,,0.06244350790602748,0.07432251131642878,0.12193358034415094,0.13458578611675417,,,,,,,,,,,,30.30180969834786,32.46267401157514,30.377200295012763,32.54550092695227,30.140066046366535,32.45452628514666,29.381518489636353,32.40608415974243,,,,,0.0035834029192084176,0.019187530276781217,0.013264097887230264,0.0772281881303797,0.07204387222032935,47.63038398730443,47.39722756726925,30.3140625,32.475800323486325,30.501957393827894,32.677095140729634,30.05968693324498,32.20328570169116,28.89112352946448,31.98832935000223,0.049999237060546
2024-09-19,,,,,,,32.459999084472656,32.700000762939450,32.459999084472656,32.584999084472656,7600,,,,,30.415992736816406,,,0.0734990682908597,0.07482947550320973,0.12222118466085763,0.1346288176936556,,,,,,,,,,,,30.339870711170708,32.50344903587431,30.380726880631276,32.54909166854503,30.148688755443093,32.4586035601256,29.389696151669394,32.407498506973496,,,,,0.004768121046962279,0.021008780123196402,0.0157541282526239,0.06598430652894303,0.06078592342678826,51.77722648083506,51.542541689655046,30.32619705200195,32.488800048828125,30.502846399943035,32.67804754348028,30.073021752493723,32.217571409921796,28.900638716561453,31.992916644565643,0.125000000000000
2024-09-20,,,,,,,32.650001525878906,32.650001525878906,32.555000305175780,32.555000305175780,1000,,,,,30.387989044189453,,,0.07184874584644495,0.07073892015744143,0.12218397196182333,0.1345123784028552,,,,,,,,,,,,30.35591015551029,32.520632792308135,30.381387077318383,32.54962881732965,30.156166889466416,32.461615958408416,29.397587795088526,32.40866452909368,,,,,-0.0009211138411228817,0.01996235617367148,0.015132407503791967,0.05677991645788873,0.051655220242189,50.936503400937546,50.70962946317269,30.318915557861327,32.48099975585937,30.492578688121977,32.66704759143648,30.086652876838805,32.23217458573599,28.910640625726607,31.998055533757285,-0.095001220703126
2024-09-23,,,,,,,32.529998779296875,32.610000610351560,32.310001373291016,32.470001220703125,17900,,,,,30.308649063110350,,,0.07254733171681553,0.07077393540429844,0.12187118013546427,0.13439000509775742,,,,,,,,,,,,30.340156458043644,32.50375560177313,30.374774530572196,32.542389944909054,30.16093195739279,32.461877997855126,29.404789860448382,32.40914940412616,,,,,-0.0026143136997855616,0.012585901811767997,0.007692301517529643,0.04794111352866458,0.042862636497257134,48.532113657449116,48.32667538141306,30.309394454956056,32.47080001831055,30.476132529122488,32.64942859468006,30.10129153539264,32.247857139224095,28.920999844868977,32.003611095367916,-0.059997558593750
2024-09-24,,,,,,,32.560001373291016,32.560001373291016,32.491001129150390,32.491001129150390,1100,,,,,30.328250885009766,,,0.04874067501678166,0.07009582324156777,0.12101707280259291,0.1343837366688135,,,,,,,,,,,,30.336187933699016,32.49950411089888,30.37054510824834,32.53771823438554,30.16616067388082,32.462788095708106,29.412089947599064,32.40979645333584,,,,,0.0006465311583866239,0.008226877471063432,0.003450703466910454,0.03999826631714435,0.034980249891187795,49.17049567078588,48.96476719613185,30.34243850708008,32.50620040893555,30.457063947405135,32.629000164213636,30.119308350578187,32.26715875050378,28.93154297177754,32.00936903272356,-0.069000244140626
2024-09-25,,,,,,,32.650001525878906,32.650001525878906,32.650001525878906,32.650001525878906,300,,,,,30.476669311523438,,,0.0535548504068901,0.07245933483459009,0.11910879706697922,0.13382218945801636,,,,,,,,,,,,30.383015059640492,32.549669915892224,30.38019276309153,32.547925806339485,30.175864068807154,32.46863851540094,29.42050559474471,32.41169530766424,,,,,0.004881799722537073,0.016557580430617946,0.012771982186599473,0.03531012913983907,0.03053859635027013,53.83917395741232,53.63337844134689,30.383510208129884,32.550200653076175,30.447729655674525,32.619000207810174,30.14460003565228,32.29425400022476,28.944054732247004,32.01730554822891,0E-15
2024-09-26,,,,,,,32.819999694824220,32.819999694824220,32.819999694824220,32.819999694824220,400,,,,,30.635349273681640,,,0.05531849971652954,0.07489941999076791,0.11844550810190607,0.13388933811081882,,,,,,,,,,,,30.467126464320874,32.63977984220289,30.40338880950881,32.572659796201734,30.19022298145948,32.47961855225792,29.43010910208809,32.41492301032954,,,,,0.005193096953489097,0.03555402468300173,0.03349053617416331,0.0353589082484716,0.031128984315048767,58.25398432721144,58.051749480689125,30.42738151550293,32.59720077514648,30.446840649559384,32.618047805059526,30.168528602236794,32.31988891722664,28.956913168468173,32.025599199628076,0E-15
2024-09-27,,,,,,,32.590000152587890,32.619998931884766,32.540000915527344,32.619998931884766,5300,,,,,30.448661804199220,,,0.07720783593706688,0.07757559805399113,0.11922485700068104,0.1340340200333525,,,,,,,,,,,,30.460971577613655,32.633186205430185,30.40750453629885,32.5769633539911,30.198299194670096,32.48400543912126,29.438160902104777,32.41654416385962,,,,,-0.006112501371461733,0.0351396569484308,0.03338688614446994,0.03531505798846344,0.031580564680933,51.957934914841076,51.79798285454933,30.439516067504883,32.61020050048828,30.439950942993164,32.61066672915504,30.18973093184214,32.34260319906568,28.96920765770806,32.03329760687692,0.029998779296876
2024-09-30,,,,,,,32.240001678466800,32.240001678466800,32.020000457763670,32.020000457763670,4800,,,,,29.888603210449220,,,0.15760585852118317,0.1002770903135326,0.1251995165380297,0.13534794770642591,,,,,,,,,,,,30.270182121892176,32.42879095620801,30.360331688494337,32.52633036342497,30.188621195163194,32.469505283453834,29.441721710866393,32.41340943100511,,,,,-0.018564801668024287,-0.010262480885760539,-0.014937924619438547,0.026199550213618646,0.022276866820858693,38.51084012783831,38.42465454027408,30.355506896972656,32.52020034790039,30.406836373465403,32.57519058954148,30.2030213068402,32.35684131440662,28.9789613087972,32.03825792433724,-0.220001220703130
2024-10-01,,,,,,,32.250000000000000,32.250000000000000,31.909999847412110,31.982999801635742,16200,,,,,29.854064941406250,,,0.15563590544496297,0.09201919530782826,0.12484019329393532,0.13526697843647256,,,,,,,,,,,,30.131476395063533,32.28019390468392,30.31430743875906,32.476936675989585,30.17816631223329,32.45430198714702,29.44498134114734,32.41000698334211,,,,,-0.001156234696547848,-0.048472194601039575,-0.055580630127074926,0.011265201250687001,0.006705367431271968,37.86009625983166,37.776919835598726,30.260669708251953,32.41860008239746,30.35763104756673,32.52247628711519,30.21328904893663,32.3678412967258,28.989073178124805,32.04362697449942,-0.267000198364258
2024-10-02,,,,,,,31.719999313354492,31.833999633789062,31.719999313354492,31.833999633789062,100,,,,,29.714981079101562,,,0.13839192088348615,0.08441288820280328,0.12514449149107124,0.135183625302317,,,,,,,,,,,,29.99264462307621,32.1314624810523,30.25982322424474,32.41848785397136,30.163691773697924,32.43491753860458,29.44711572642761,32.40545356555908,,,,,-0.004669677435961101,-0.08895119926721762,-0.09867586144844154,-0.008778078852893924,-0.014370878344670733,35.27512061096989,35.20336520589116,30.108332061767577,32.25539970397949,30.31971568153018,32.48185720897856,30.220089745899987,32.37512700519864,28.999340632605175,32.04919840040661,0.114000320434570
2024-10-03,,,,,,,31.280000686645508,31.280000686645508,31.280000686645508,31.280000686645508,300,,,,,29.197860717773438,,,0.1258576778808912,0.10158562354088292,0.12941872063909501,0.13611659351976266,,,,,,,,,,,,29.727716654641952,31.847641882916705,30.163281178201895,32.314989020578096,30.133509553200284,32.398826386980865,29.44514533110228,32.3965567048562,,,,,-0.017555888572308494,-0.16090359699747125,-0.17550906853561798,-0.03920318248180939,-0.04659851638286018,27.701855210425165,27.65862488670668,29.820834350585937,31.94739990234375,30.259931473504928,32.41780962262835,30.21564483642578,32.37036511254689,29.008405049641926,32.053523797837514,0E-15
2024-10-04,,,,,,,31.549999237060547,31.669000625610350,31.549999237060547,31.669000625610350,400,,,,,29.560966491699220,,,0.20293250387337938,0.11127546297393454,0.12963158172110753,0.13662860973453864,,,,,,,,,,,,29.672133266994376,31.78809479714792,30.108525297610743,32.256262802853755,30.115617582528376,32.37601933193803,29.44606091339949,32.390805273399714,,,,,0.01235934797537161,-0.18647719619378478,-0.20267458814763017,-0.06865798522420447,-0.07781373073581418,37.799793171915994,37.747488873941634,29.643295288085938,31.757200241088867,30.21121515546526,32.3656192052932,30.21140734354655,32.365825441148544,29.018627348400297,32.05907538580516,0.119001388549803
2024-10-07,,,,,,,31.399999618530273,31.399999618530273,31.309999465942383,31.353000640869140,900,,,,,29.266000747680664,,,0.1767792034460684,0.11469263344124868,0.1306630255499341,0.13699072753968655,,,,,,,,,,,,29.53675576055647,31.64306341172166,30.031932156708006,32.17414806085515,30.089067056439383,32.34404999784213,29.444637512879975,32.38260128420975,,,,,-0.010028333257793867,-0.2279184264693761,-0.2468564089837173,-0.10051007347323879,-0.11162226638539481,33.68401037281405,33.64288753147192,29.518774795532227,31.62380027770996,30.154897962297714,32.305285953340075,30.200043178740003,32.353650865100676,29.027962162381126,32.06369046559409,-0.046998977661133
2024-10-08,,,,,,,31.489999771118164,31.600999832153320,31.489999771118164,31.600999832153320,700,,,,,29.497493743896484,,,0.1970832767389517,0.1194683446762643,0.13170291331440154,0.13666997495432587,,,,,,,,,,,,29.523668421669807,31.629042218532213,29.983346846452413,32.122043676427715,30.070580390422418,32.32082968016435,29.445055348698286,32.376422616604565,,,,,0.007878843684643718,-0.2393225880815315,-0.2588752059581694,-0.12827257639489734,-0.14107285429994973,39.27255815546778,39.22802837931665,29.447460556030272,31.547400283813477,30.109559831165132,32.2567145937965,30.19260533650716,32.34568259829567,29.03688899297563,32.06780157391987,0.111000061035156
2024-10-09,,,,,,,31.590000152587890,31.715000152587890,31.590000152587890,31.715000152587890,700,,,,,29.603904724121094,,,0.199818411599944,0.12069799715783418,0.13191602015966467,0.13318470410595748,,,,,,,,,,,,29.55041385582024,31.65769486321744,29.94885210805866,32.085039719715006,30.055996775850502,32.30189750742759,29.446311074986212,32.371193980525376,,,,,0.0036009670826243527,-0.23704152439129444,-0.2562474548811693,-0.15002636599417676,-0.16410777441619365,41.70447758939813,41.658898554660894,29.42524528503418,31.523600387573243,30.07288914635068,32.217428843180336,30.18653064303928,32.33917466420976,29.049474996233744,32.07599602048359,0.125000000000000
2024-10-10,,,,,,,31.625000000000000,31.625000000000000,31.625000000000000,31.625000000000000,300,,,,,29.519895553588867,,,0.14028433151135494,0.12073226241935692,0.13177049273469463,0.13321329447990182,,,,,,,,,,,,29.54024108840978,31.64679657547829,29.909856057652313,32.043217927013636,30.039243612654825,32.28074446032048,29.446892770469237,32.365295213880906,,,,,-0.0028418074168059487,-0.23925462456941915,-0.2584479759830529,-0.16787201770922525,-0.18297581472956548,40.33128579168768,40.288760885773655,29.489652252197267,31.59260025024414,30.03217361086891,32.173809778122674,30.177329684060716,32.329317547026136,29.061869136870854,32.08399204980759,0E-15
2024-10-11,,,,,,,31.610000610351562,31.663999557495117,31.610000610351562,31.663999557495117,100,,,,,29.556297302246094,,,0.10801672812127536,0.12104706528652721,0.13178996705881205,0.13290223898623224,,,,,,,,,,,,29.54559315968855,31.652530902817233,29.877714352615385,32.00874352978468,30.024151540454554,32.26147118210719,29.447757628427947,32.3597513747,,,,,0.001232366254646332,-0.23535814333952132,-0.25411567908625443,-0.18136924283528444,-0.1972037876009033,41.23421415742354,41.191367723711224,29.48871841430664,31.591600036621095,29.99412491208031,32.13304783049084,30.16835091606019,32.31969848511711,29.07530981396872,32.093154748280845,0.053998947143555
2024-10-14,,,,,,,31.530000686645508,31.635000228881836,31.530000686645508,31.635000228881836,2900,,,,,29.529228210449220,,,0.06614266562682794,0.12037308491325681,0.13178908469817863,0.13289902288945937,,,,,,,,,,,,29.540138176608775,31.646687344838767,29.846033794236643,31.974766866066243,30.008685186391887,32.24189396481889,29.44840166464946,32.35402211663028,,,,,-0.0009162681877094603,-0.23178255832165817,-0.25013886096148497,-0.1914519059325592,-0.2077908022730196,40.74050728658441,40.69872027671047,29.54136390686035,31.647999954223632,29.95149784996396,32.087381090436665,30.15940178765191,32.31011121235196,29.088766892751057,32.10234125833663,0.104999542236328
2024-10-15,,,,,,,31.795000076293945,31.795000076293945,31.795000076293945,31.795000076293945,100,,,,,29.678579330444336,,,0.05104682119216435,0.1223777638116476,0.1322166348046288,0.13148508190361988,,,,,,,,,,,,29.586285227887295,31.696124921990492,29.830810661164616,31.958424430632398,29.998369378393527,32.22792853080249,29.45022125094033,32.349602970066364,,,,,0.005044991293243684,-0.21442572791407954,-0.23140901436406125,-0.19604667032886328,-0.21251444469122793,44.67638402836669,44.63327142856526,29.577581024169923,31.686800003051758,29.919227600097656,32.052809669857936,30.153208505539666,32.30347627306741,29.104797696310378,32.11438490852477,0E-15
2024-10-16,,,,,,,31.780000686645508,31.825000762939453,31.750000000000000,31.825000762939453,2600,,,,,29.706581115722656,,,0.046538224694806764,0.12099619341054912,0.13212783536003836,0.12809318221844207,,,,,,,,,,,,29.62638385716575,31.739083535640148,29.819517066124437,31.946295006296676,29.98925099518506,32.21533703805677,29.452247811136235,32.3454559170456,,,,,0.0009430567213504592,-0.19614971292395467,-0.21170427619362897,-0.19606727884788155,-0.21235241099170815,45.40848440812788,45.365246728206635,29.598116302490233,31.70880012512207,29.897491909208753,32.02952403113956,30.148807979765394,32.29876197330535,29.117826522342742,32.123055548894975,0.045000076293945
2024-10-17,,,,,,,31.879999160766600,31.930000305175780,31.745000839233400,31.745000839233400,5900,,,,,29.631908416748047,,,0.045015715953035905,0.12010057827232154,0.13193512379627123,0.1258779051378774,,,,,,,,,,,,29.628225377026514,31.74105597017123,29.802461734362947,31.92799553656365,29.978084039608905,32.20063903184354,29.45366805307783,32.34070923658858,,,,,-0.0025168398784902934,-0.18555236989634238,-0.2002352669689138,-0.1939642970575737,-0.20992898218714928,43.74599390414421,43.70592374777321,29.62051887512207,31.73280029296875,29.86704417637416,31.996905008951824,30.145311325315443,32.29501594059051,29.127983668493847,32.12851983781845,-0.134998321533200
2024-10-18,,,,,,,31.750000000000000,32.229999542236330,31.579999923706055,31.610000610351562,6100,,,,,29.505893707275390,,,0.056736155112203895,0.11868563968491422,0.13059003337440095,0.12420259081673711,,,,,,,,,,,,29.58744815377614,31.69737085023134,29.775501004627714,31.899086906908007,29.963328091723483,32.18218158117192,29.454080904099158,32.334932883812,,,,,-0.004261737693121228,-0.18518750679963603,-0.19973694162424138,-0.19220893900598618,-0.2078905740745677,41.01683755538578,40.98179139317546,29.61043815612793,31.722000503540038,29.8237061273484,31.950476510184153,30.135087997194322,32.2840635814364,29.139826986524795,32.13590079262143,-0.139999389648438
2024-10-21,,,,,,,31.540000915527344,31.601999282836914,31.530000686645508,31.601999282836914,2500,,,,,29.498424530029297,,,0.05650768379999092,0.11874544098136333,0.13057463529392982,0.12393033470310943,,,,,,,,,,,,29.557773612527193,31.66558032776653,29.750312234209677,31.872078941083362,29.94879985542054,32.164050884348946,29.45443144659663,32.32913894230232,,,,,-0.00025317392045609105,-0.18338707826430323,-0.19770859385822348,-0.1904445668576496,-0.20585417803129885,40.85414694770202,40.81939860861716,29.604277420043946,31.715400314331056,29.781345912388392,31.905095509120397,30.125383225698318,32.27366674514044,29.15072796836732,32.14222618890187,0.061998367309570
2024-10-22,,,,,,,31.440000534057617,31.440000534057617,31.270000457763672,31.360000610351562,9100,,,,,29.272535324096680,,,0.05417589958924074,0.12067569812016378,0.1313902542667392,0.12357185752546081,,,,,,,,,,,,29.462694183050356,31.56372042196154,29.70687796965395,31.82552636556229,29.927666588816667,32.13892431328653,29.45299353258477,32.32147776971773,,,,,-0.00768714068473371,-0.19790625662851724,-0.21317108052062395,-0.19193690481182313,-0.20731755852916386,36.18024870354317,36.15324821111528,29.523068618774413,31.62840042114258,29.73200716291155,31.852238337198894,30.11188546438066,32.25920643882146,29.161999013688828,32.14901190712338,-0.079999923706055
2024-10-23,,,,,,,31.275999069213867,31.275999069213867,31.275999069213867,31.275999069213867,100,,,,,29.194124221801758,,,0.043682042672926136,0.12042597520627785,0.13089528795271566,0.12361028518881927,,,,,,,,,,,,29.373170862634154,31.467813304378982,29.66026399257648,31.775569338621523,29.904743389847454,32.111957899409255,29.450947134871072,32.3132131159588,,,,,-0.0026822517282321027,-0.21328135602425036,-0.22955724195063354,-0.19620579505430857,-0.2117654952134578,34.696384716105364,34.671665869726965,29.420577239990234,31.518600082397462,29.678001131330216,31.794381096249534,30.09449092925541,32.240571491302006,29.172898769378662,32.15539682479132,0E-15
2024-10-24,,,,,,,31.305000305175780,31.305000305175780,31.305000305175780,31.305000305175780,100,,,,,29.221195220947266,,,0.054072467505583505,0.11841745364493328,0.13090226206151132,0.12336722610783106,,,,,,,,,,,,29.32251231540519,31.413542304644583,29.620348649701093,31.732790335581,29.883382509569323,32.08674047458946,29.449130914207643,32.305243054213484,,,,,0.0009268459486887934,-0.22073730740218878,-0.23746587676122033,-0.20111209752388462,-0.21690557152301032,35.67722596628757,35.65211859784695,29.338434600830077,31.430599975585938,29.61821665082659,31.730333419073197,30.077155733865403,32.22200009179494,29.18467360451108,32.16275793408591,0E-15
2024-10-25,,,,,,,31.239999771118164,31.295999526977540,31.239999771118164,31.295999526977540,4500,,,,,29.212793350219727,,,0.054622629653283496,0.11571190764278708,0.13076085301826476,0.12280967342132648,,,,,,,,,,,,29.285939327010038,31.37436137875557,29.58329816793006,31.69308208025341,29.862426598339646,32.06202981997659,29.447262633069396,32.297264844512014,,,,,-0.00028756793745838004,-0.22473357458080656,-0.24167394757437677,-0.205836392935269,-0.2218592467332836,35.499015094600686,35.47417367563468,29.279814529418946,31.367799758911133,29.5504758925665,31.65776198250907,30.058516638619558,32.202031816755024,29.197582509782578,32.17139284951346,0.055999755859376
2024-10-28,,,,,,,31.924999237060547,31.924999237060547,31.924999237060547,31.924999237060547,100,,,,,29.799924850463867,,,0.1669697049673983,0.13778954167678187,0.13703140870233746,0.12287882112678823,,,,,,,,,,,,29.45726783482798,31.557907331523893,29.602991502705862,31.714165458144972,29.860473418718527,32.057747614260464,29.450050476685163,32.29432203338592,,,,,0.019899129955482948,-0.17846678588838571,-0.1920401350415979,-0.20036247152589234,-0.21589542439494647,53.12131552379048,53.093472143641144,29.34011459350586,31.43239974975586,29.51958365667434,31.62466675894601,30.049937899150546,32.19284130278088,29.21469621809702,32.18462697286454,0E-15
2024-10-29,,,,,,,31.993000030517578,31.993000030517578,31.993000030517578,31.993000030517578,200,,,,,29.863399505615234,,,0.14391788018261475,0.1223856458016454,0.13591406297712721,0.1226902570585874,,,,,,,,,,,,29.59264505842373,31.702938231188455,29.626664957515803,31.73951405563339,29.86056485893405,32.0557242522685,29.453318057941527,32.29194004126838,,,,,0.002127762064357001,-0.13512056258865002,-0.1455401885929497,-0.18731408973844388,-0.2018243772345471,54.56649617262605,54.53872832626043,29.45828742980957,31.558999633789064,29.518383480253675,31.623381024315243,30.03817367553711,32.180238148522754,29.232698584359788,32.19884522755941,0E-15
2024-10-30,,,,,,,31.850000381469727,31.936000823974610,31.850000381469727,31.936000823974610,500,,,,,29.810194015502930,,,0.1414089917999555,0.1224769257896437,0.13329850215344144,0.12236913471823788,,,,,,,,,,,,29.665161377450133,31.780625762117175,29.643349417332814,31.757376489118954,29.85899077007683,32.051982895134316,29.45613921175624,32.28912629251507,,,,,-0.0017832177039022882,-0.10386432345863028,-0.11199697422101806,-0.17062413648248115,-0.1838588966318413,53.08911358113603,53.0628794932811,29.581501388549803,31.69099998474121,29.51629438854399,31.621142977759952,30.032098951793852,32.17373021443685,29.24949929070851,32.211726181090825,0.086000442504883
2024-10-31,,,,,,,32.090000152587890,32.090000152587890,32.074001312255860,32.074001312255860,500,,,,,29.939008712768555,,,0.13852057056618702,0.12217836321626487,0.1330096631242307,0.12207150323877257,,,,,,,,,,,,29.75644382255627,31.878417612163403,29.670227535099702,31.786160563949583,29.861491330785945,32.05267097066936,29.459956361961872,32.28742569978575,,,,,0.004311853245277036,-0.06791636169786486,-0.07343177330637474,-0.1500825815255579,-0.161773471966748,56.182326909750884,56.15631066156989,29.725064086914063,31.844800186157226,29.526962371099565,31.632571629115514,30.03109147813585,32.17265089731368,29.265802951086137,32.22402380383204,-0.015998840332030
2024-11-01,,,,,,,32.257999420166016,32.257999420166016,32.080001831054690,32.169998168945310,400,,,,,30.028615951538086,,,0.13269014257457942,0.10352891942960692,0.1174674049515536,0.12206182301173325,,,,,,,,,,,,29.84716786555021,31.975611131090705,29.702808300230462,31.821054891676468,29.86671397518445,32.05633744561548,29.464451694685796,32.28649741890954,,,,,0.0029885227558479055,-0.03182987276183269,-0.03472217406974565,-0.12643203977281287,-0.13636321238734753,58.244894457343385,58.21913620989397,29.888228607177734,32.01959991455078,29.566522144135973,31.67495246160598,30.045967132326158,32.18858737037296,29.282692152356343,32.236960305107964,-0.088001251220706
2024-11-04,,,,,,,32.130001068115234,32.130001068115234,32.130001068115234,32.130001068115234,100,,,,,29.991281509399414,,,0.042435822425700875,0.09570784163855454,0.11478488242069133,0.12094004550211733,,,,,,,,,,,,29.895205746833277,32.02707444343221,29.729033137427642,31.849140907716354,29.870606710628667,32.0586394338186,29.468616357252703,32.28526029360682,,,,,-0.0012440690015574386,-0.006172495073588635,-0.007189098106465508,-0.10238013083296801,-0.11052838953117111,57.04016128411492,57.01547479606882,29.926499938964845,32.06060028076172,29.587013335455033,31.69690486363002,30.054264371357267,32.19747628106011,29.297664400130984,32.247753960745676,0E-15
2024-11-05,,,,,,,32.304000854492190,32.304000854492190,32.304000854492190,32.304000854492190,100,,,,,30.153697967529297,,,0.05186802313332674,0.08859999098495602,0.11519868825767696,0.12093904147968934,,,,,,,,,,,,29.98136982039862,32.119383247118876,29.767639031073244,31.890491811968705,29.87945331240681,32.06630697821465,29.474032022156074,32.285408440333185,,,,,0.005400844903023111,0.02695607949107881,0.0283446520384949,-0.07651288876815865,-0.08275378121723792,60.83534149660923,60.81128500555924,29.984559631347658,32.12280044555664,29.6292846316383,31.742190588088263,30.064250673566544,32.20817472064306,29.31271513681563,32.25860317169674,0E-15
2024-11-06,,,,,,,32.290000915527344,32.393001556396484,32.290000915527344,32.393001556396484,200,,,,,30.236774444580078,,,0.04002911349093981,0.08562278714945147,0.11237777873443891,0.12095417593580232,,,,,,,,,,,,30.066504695125772,32.21058935021141,29.81028770502841,31.936174516007593,29.890619597787225,32.076516183782836,29.480061606523062,32.286258978800085,,,,,0.002751312455028689,0.0592315069689775,0.0629612398875814,-0.04936400962073142,-0.05361077699627405,62.65278413269089,62.62912247718614,30.069875717163086,32.21420059204102,29.664488474527996,31.779904955909366,30.069391977219354,32.21368265908862,29.328155676523846,32.26987302114093,0.103000640869140
2024-11-07,,,,,,,32.319999694824220,32.500000000000000,32.319999694824220,32.390998840332030,700,,,,,30.234905242919922,,,0.04190766595018961,0.08525653644482695,0.11237777309029644,0.12093903315454929,,,,,,,,,,,,30.122638211057154,32.27072584691828,29.848889299382186,31.977522181855267,29.90137852419762,32.0863437668,29.48602874989379,32.2870869618952,,,,,-0.00006182072898950171,0.08369440976687059,0.08920523034099404,-0.022752325743211017,-0.025047575528820434,62.58241512011831,62.5588001762829,30.12905502319336,32.27760009765625,29.69453611828032,31.812095369611466,30.074533280872163,32.21919059753418,29.343740917387464,32.28130555531335,0.070999145507810
2024-11-08,,,,,,,32.340000152587890,32.411998748779300,32.319999694824220,32.411998748779300,1400,,,,,30.254508972167970,,,0.041606037024770025,0.08412240477854795,0.11195639966409325,0.12070295545188531,,,,,,,,,,,,30.166595131427428,32.31781681420529,29.885763815089984,32.017020051575635,29.912413850696694,32.09652048498685,29.49210369236236,32.288074406850804,,,,,0.0006481705993936316,0.10347054950846513,0.11042538387331291,0.002492249307124213,0.0020470163516062355,63.05113077094129,63.02758896985766,30.174233627319335,32.32600021362305,29.72951770964123,31.84957150050572,30.082178569975355,32.22738105531723,29.36012915959434,32.29363491421654,0.071998596191410
2024-11-11,,,,,,,32.490001678466800,32.569999694824220,32.490001678466800,32.569999694824220,600,,,,,30.401992797851562,,,0.03873107940660882,0.08509059735243961,0.11192404045654492,0.12075321080535865,,,,,,,,,,,,30.24506102023547,32.4018777744116,29.932693722613763,32.0672909282346,29.927713192795284,32.11131671029427,29.49929649161524,32.29030306525376,,,,,0.004862928524464963,0.12955061603280527,0.13839651542645726,0.027903922652260424,0.029316916166576442,66.45556228026545,66.43298165682702,30.256375885009767,32.41399993896484,29.76978892371768,31.89271436418806,30.09423915923588,32.240301677158904,29.377297219775972,32.30680951618013,0.079998016357420
2024-11-12,,,,,,,32.610000610351560,32.610000610351560,32.610000610351560,32.610000610351560,100,,,,,30.439329147338867,,,0.031118625823183484,0.08469643312407872,0.10986556941048012,0.12060279266610062,,,,,,,,,,,,30.30981706260327,32.47125205305825,29.978751488497863,32.116628172063415,29.94370119137477,32.12690058217106,29.506727579802778,32.29283031857469,,,,,0.0012273354023355524,0.1514857545390953,0.1619250075921954,0.0526202890296274,0.055838534451700235,67.27754275298533,67.25527301806576,30.31350212097168,32.47519989013672,29.813127063569567,31.939142953781854,30.101706641060964,32.24830170283242,29.393923608083572,32.3193690436227,0E-15
2024-11-13,,,,,,,32.540000915527344,32.620998382568360,32.540000915527344,32.620998382568360,1500,,,,,30.449594497680664,,,0.031603227401337135,0.08374014618527019,0.1091676684430524,0.12034095899466253,,,,,,,,,,,,30.356409540962403,32.52116749622829,30.021555398423573,32.162480009382044,29.95951035719683,32.14234113843347,29.514181073224737,32.295424532519306,,,,,0.0003371828511503309,0.16776395932725663,0.17939102735652313,0.07564902308915325,0.08054903303266481,67.51325049616848,67.49106831146868,30.356066131591795,32.520799255371095,29.849842071533203,31.97847620646159,30.106314522879465,32.25323816329714,29.411351317451114,32.33282538822719,0.080997467041016
2024-11-14,,,,,,,32.599998474121094,32.599998474121094,32.580001831054690,32.580001831054690,100,,,,,30.411327362060547,,,0.035937081672030205,0.0841780991543306,0.0973736935174031,0.11994120422633832,,,,,,,,,,,,30.37471548132845,32.54077894117042,30.056989213299662,32.20043653862501,29.973629638598823,32.156018035077885,29.52127313874913,32.297674155432624,,,,,-0.0012575274739084056,0.17555304958956697,0.18776050850576098,0.09562982838923599,0.10199132812728405,65.61578820437958,65.59483958069684,30.391350555419923,32.558599853515624,29.88340141659691,32.0144286382766,30.0984618171813,32.24482548426068,29.427530515761603,32.34488888392373,-0.019996643066404
2024-11-15,,,,,,,32.430000305175780,32.509998321533200,32.130001068115234,32.130001068115234,1400,,,,,29.991281509399414,,,0.11365014647606524,0.09841843049775516,0.09833344926257122,0.12052786412978438,,,,,,,,,,,,30.246904157352105,32.40385298348536,30.051015785672366,32.19403331403321,29.97418125956134,32.155205004860306,29.524988619940043,32.2963486764815,,,,,-0.013908426532498283,0.1461470773652529,0.1562805766530886,0.10573327818443937,0.11284917783244496,49.25257735583977,49.24093901951781,30.33870506286621,32.502200317382815,29.900514421008882,32.032761982509065,30.08983866373698,32.23558737739684,29.441123091985308,32.35413492293585,-0.299999237060546
2024-11-18,,,,,,,32.529998779296875,32.619998931884766,32.529998779296875,32.619998931884766,500,,,,,30.448661804199220,,,0.1636794138509119,0.10879972179227618,0.10265824566680037,0.1214093653028154,,,,,,,,,,,,30.314156706301144,32.47590163295183,30.08716542372026,32.23275746111063,29.989008776581276,32.16972981507982,29.532290384242486,32.29890717652422,,,,,0.015135322801569165,0.15792889384174202,0.16892398582530888,0.1161724013158999,0.12406413943101774,60.73495258694787,60.723731549637236,30.34803886413574,32.51220016479492,29.94540813991002,32.08085714067732,30.090653555733816,32.23646039811392,29.45660142293052,32.36540475724235,0.090000152587891
2024-11-19,,,,,,,32.904998779296875,32.904998779296875,32.904998779296875,32.904998779296875,100,,,,,30.714691162109375,,,0.1745601312296155,0.11137365407887895,0.10324581954522193,0.1214921700124965,,,,,,,,,,,,30.447668191570553,32.61893401506684,30.144213218119273,32.293870308218466,30.01168635112903,32.1927069702116,29.541637425964755,32.303698414490796,,,,,0.008699033738783044,0.18658161742336787,0.19963976162758712,0.13025424453739348,0.1391792638703316,65.60909435623503,65.59842578090178,30.403111267089844,32.57119979858398,30.003325598580496,32.14290473574684,30.092416733030287,32.238349278767906,29.472357144431463,32.37693253017607,0E-15
2024-11-20,,,,,,,32.549999237060550,32.680000305175780,32.520000457763670,32.680000305175780,1800,,,,,30.504669189453125,,,0.185501195434211,0.11050909406360647,0.10411218257551307,0.12159117086088289,,,,,,,,,,,,30.466668524198077,32.63928944510316,30.176981942785986,32.32897303521459,30.027092064826657,32.20793488692923,29.549250325280866,32.306673132994234,,,,,-0.006861319536681412,0.19015015668513158,0.20348113491455422,0.1422334269669411,0.15203963807917614,59.345812430733105,59.337141672182916,30.414126205444337,32.58300018310547,30.061998639787948,32.2057618640718,30.09004611060733,32.23580959865025,29.48781008190579,32.38816268860348,0.130001068115230
2024-11-21,,,,,,,32.673000335693360,32.819999694824220,32.673000335693360,32.819999694824220,16500,,,,,30.635349273681640,,,0.18661388310301966,0.10944684727524956,0.10435756930176798,0.12164836808022625,,,,,,,,,,,,30.522895440692597,32.69952619501018,30.218651700140136,32.37361182245183,30.046100102603376,32.22706191217595,29.55783608771882,32.310731050479056,,,,,0.004274787169360039,0.20120368953026713,0.21533992700689453,0.15402747947960632,0.1646996958647198,61.79005173412765,61.781552967922,30.458930587768556,32.63099975585938,30.13062840416318,32.27928570338658,30.08856449429951,32.23422232128325,29.50370731051006,32.399865067194376,0.146999359130860
2024-11-22,,,,,,,32.599998474121094,32.720001220703125,32.599998474121094,32.720001220703125,400,,,,,30.542009353637695,,,0.1404675338460442,0.11093087480964771,0.10447126523279664,0.12165300691786703,,,,,,,,,,,,30.529266745007632,32.70635120357449,30.248047850458097,32.4051017677474,30.061597266698197,32.24246626556742,29.565616113536358,32.31396638779308,,,,,-0.0030514554588569995,0.2001250257498164,0.21419990091566632,0.16324698873364835,0.17459973687490912,59.058775792405044,59.05097028999807,30.569076156616212,32.748999786376956,30.193524315243675,32.34666669936407,30.086490207248264,32.23200010874915,29.518813171083966,32.410698406280034,0.120002746582031
2024-11-25,,,,,,,32.509998321533200,32.904998779296875,32.340000152587890,32.560001373291016,26700,,,,,30.392656326293945,,,0.10460583823583475,0.11331119170926163,0.1049135640869366,0.12177132265194769,,,,,,,,,,,,30.483729938769734,32.657567926813336,30.261194075534082,32.41918355006955,30.071942862310564,32.252389237683786,29.572153980830887,32.3159113283899,,,,,-0.004902080770000312,0.18508509011378038,0.19810217297751365,0.16761460900967473,0.17930022409543003,54.8787181742439,54.87209929283874,30.557875061035155,32.7370002746582,30.249708266485307,32.40685726347424,30.082341602870397,32.22755568368094,29.53318485381111,32.4207380915445,0.050003051757816
2024-11-26,,,,,,,32.569999694824220,32.615001678466800,32.569999694824220,32.615001678466800,800,,,,,30.443998336791992,,,0.07355135590139363,0.09247873499352706,0.10490789377584178,0.121651107348688,,,,,,,,,,,,30.470486071443823,32.64337917736449,30.27781264473935,32.43698519810566,30.083569595888108,32.26372087645826,29.579046031075638,32.3182756789834,,,,,0.001687864757565751,0.1752880919188513,0.18761990708013343,0.16914930559151006,0.1809641606923707,56.030817036852206,56.02416237788324,30.50373649597168,32.67900085449219,30.28037843250093,32.43971452258882,30.07997101072281,32.22501600356329,29.5482909187438,32.43159127613855,0.045001983642580
2024-11-27,,,,,,,32.400001525878906,32.400001525878906,32.360000610351560,32.360000610351560,1000,,,,,30.205970764160156,,,0.07805582240938377,0.09730288418914466,0.10605315080332665,0.12185523586784741,,,,,,,,,,,,30.382314302349265,32.54891965502684,30.271281564686692,32.42998659921892,30.08739463239661,32.26672961814242,29.58400195781939,32.31860552033809,,,,,-0.007849263511617266,0.1466268414773353,0.156927221446729,0.1646448127686751,0.17615677284324235,49.69555032297546,49.69035549952378,30.443996810913085,32.61500091552735,30.2966913495745,32.457190740676154,30.073970401097856,32.218587451510956,29.561921785748194,32.44083730758182,-0.040000915527346
2024-11-29,,,,,,,32.619998931884766,32.619998931884766,32.619998931884766,32.619998931884766,100,,,,,30.448661804199220,,,0.09861635088630963,0.10021617814199918,0.10539620428799878,0.1218095623756044,,,,,,,,,,,,30.40443013629925,32.57261274731282,30.287407041006013,32.44726044764309,30.098684231515442,32.27776928419687,29.590837213521997,32.3209880769511,,,,,0.008002433611446926,0.1418604536818009,0.1518325079651177,0.16008794095130027,0.17129191986761744,55.251150469831884,55.246000944345006,30.4066593170166,32.57500076293945,30.327094577607653,32.489762079148065,30.067006671239458,32.211127114674404,29.57732936314174,32.45202778256129,0E-15
2024-12-02,,,,,,,32.779998779296875,32.779998779296875,32.679000854492190,32.679000854492190,400,,,,,30.503736495971680,,,0.09897105016416959,0.09954949141442691,0.10258918021846962,0.12102797485471711,,,,,,,,,,,,30.43753225619006,32.60807544970594,30.307073355093802,32.46832775735665,30.1113421147797,32.2903077707686,29.598053808640174,32.32381821748503,,,,,0.0018071383012553026,0.1409028836280406,0.15081734441442762,0.15625092948664834,0.16719700477697946,56.427193276936514,56.42206301161382,30.3990047454834,32.56680068969727,30.353986376807804,32.51857158115932,30.06688814314585,32.21100013975113,29.591434334951735,32.46174604173691,-0.100997924804685
2024-12-03,,,,,,,32.720001220703125,32.720001220703125,32.720001220703125,32.720001220703125,100,,,,,30.542009353637695,,,0.08998575184614725,0.0992696843740211,0.10254626768859498,0.12075469840487277,,,,,,,,,,,,30.472357955339273,32.64538404003834,30.328431173143247,32.49120716311542,30.12480046599401,32.303735691079055,29.605515907810116,32.32695009893339,,,,,0.0012539076113495667,0.14160002526721982,0.15157395666458484,0.15332074864276263,0.16407239515450053,57.26766172024756,57.26251633243598,30.428875350952147,32.59880065917969,30.37843368166969,32.5447622026716,30.068295766436865,32.21250809563531,29.60650481118096,32.472539697374614,0E-15
2024-12-04,,,,,,,32.810001373291016,32.810001373291016,32.810001373291016,32.810001373291016,100,,,,,30.626016616821290,,,0.09082035972385546,0.099193206679113,0.10233426831010406,0.12059573003291243,,,,,,,,,,,,30.52357750916661,32.7002564844559,30.355484395295797,32.52018845494956,30.140463470707363,32.31955649364818,29.613583107090836,32.330768686082465,,,,,0.0027467721793744586,0.1472339774576632,0.15761890485431707,0.15210339440574275,0.16278169709446386,59.13107719000087,59.12603559657823,30.465279006958006,32.63780059814453,30.408659162975493,32.57714316958473,30.068962551298597,32.21322241283598,29.62254542396182,32.48440478340028,0E-15
2024-12-05,,,,,,,32.849998474121094,32.849998474121094,32.849998474121094,32.849998474121094,100,,,,,30.663351058959960,,,0.045412270272872264,0.09790342911688238,0.10195742723210377,0.1205872057673664,,,,,,,,,,,,30.57016869243106,32.75017048101096,30.38347227381072,32.550171183965155,30.156803707840258,32.33613280553796,29.621881667975178,32.33487326938712,,,,,0.0012183009279519567,0.15294840857568204,0.16374940045546538,0.1522723972397306,0.16297523776666414,59.9665900448953,59.961584307500374,30.55675506591797,32.735800170898436,30.432928357805526,32.603143056233726,30.072370317247177,32.216873199220686,29.638840312049503,32.49654763085501,0E-15
2024-12-06,,,,,,,32.750000000000000,32.862998962402344,32.750000000000000,32.862998962402344,100,,,,,30.675485610961914,,,0.013763851887265836,0.09765103473486524,0.10195886377868205,0.12054675262786793,,,,,,,,,,,,30.605274331941345,32.78777997480809,30.410018940824465,32.57861007291399,30.17301251731281,32.35259737293997,29.630210552899975,32.339048176051264,,,,,0.0003956564166860042,0.15665052361616105,0.1677234812542352,0.1531480225150167,0.16392488646417835,60.251026089983434,60.246044300639625,30.602119827270506,32.784400177001956,30.45381936572847,32.62552388509115,30.075955890473864,32.22071447826567,29.654794231293693,32.50830556475927,0.112998962402344
2024-12-09,,,,,,,32.959999084472656,32.959999084472656,32.959999084472656,32.959999084472656,500,,,,,30.766029357910156,,,0.01735902797683067,0.09791669868972704,0.10197406530664496,0.12041480961698446,,,,,,,,,,,,30.658859340597616,32.84518634469628,30.44238352419589,32.613281801237505,30.191544293581476,32.371578676425365,29.639189357682664,32.34395687888464,,,,,0.0029473170555055187,0.16498871295010886,0.1766636000935904,0.15551616060203513,0.16647262919006078,62.397839247172705,62.39294022437848,30.654578399658202,32.840599822998044,30.479110990251815,32.65261913481213,30.082178751627605,32.22738111586798,29.670399923173207,32.51965476596166,0E-15
2024-12-10,,,,,,,32.869998931884766,32.869998931884766,32.869998931884766,32.869998931884766,100,,,,,30.682022094726562,,,0.0365152257499008,0.09869348253265672,0.10214291585422522,0.12045672600488938,,,,,,,,,,,,30.666580258640597,32.85345720709244,30.46416884878959,32.63661972220544,30.20687172486726,32.38715430940847,29.647433094734392,32.34811531408622,,,,,-0.0027342548229022158,0.16293983501818587,0.17447520695395724,0.15700089548526527,0.16807314474284007,59.202957517889,59.19848445831393,30.682580947875977,32.870599365234376,30.499468757992698,32.67442866734096,30.087053359500946,32.23260331532312,29.685530753362748,32.530488097478475,0E-15
2024-12-11,,,,,,,32.882999420166016,32.882999420166016,32.882999420166016,32.882999420166016,100,,,,,30.694154739379883,,,0.03269931338555364,0.09750721316743867,0.10213077801175582,0.12022714430226608,,,,,,,,,,,,30.67577175222036,32.863304611450296,30.48507665702507,32.65901787656549,30.22209931907078,32.402649469119645,29.655707574138706,32.352343646940604,,,,,0.0003953535536809066,0.16044557085562872,0.17180940846580484,0.15768983055933797,0.16882039748743302,59.52528133571633,59.52088336109213,30.696208572387697,32.885198974609374,30.51338123139881,32.68933341616676,30.0924316890656,32.23836520361522,29.69986070905413,32.540420638190376,0E-15
2024-12-12,,,,,,,32.820999145507810,32.820999145507810,32.540000915527344,32.540000915527344,2200,,,,,30.373989105224610,,,0.08265570282369487,0.10452815730491036,0.10423221403964375,0.12056337676844782,,,,,,,,,,,,30.57517753655511,32.75553671280932,30.474977788679574,32.64819815283475,30.226845874888088,32.40694170181988,29.66138568900895,32.35382710360928,,,,,-0.010485616475684802,0.13112265722464755,0.14040117385615503,0.15237639589239987,0.16313655276117742,48.610855352115145,48.607943673781406,30.638336181640625,32.82319946289063,30.51026980082194,32.68600009736561,30.091631571451824,32.23750804719471,29.71219494986156,32.5481785819644,-0.280998229980466
2024-12-13,,,,,,,32.851001739501950,32.851001739501950,32.851001739501950,32.851001739501950,700,,,,,30.664287567138672,,,0.11684769865143314,0.10971736317154548,0.10585498291610086,0.12060448126446106,,,,,,,,,,,,30.604880880082963,32.78735838837353,30.49218776853949,32.66663484253177,30.240515927770918,32.42081857799745,29.66931376709693,32.357757337885104,,,,,0.0095120854185918,0.12981230125934218,0.13900275179976518,0.14786357696578833,0.15830979256889496,56.414480115274856,56.411587445261034,30.636096572875978,32.82080001831055,30.52049328031994,32.696952638171965,30.0965209839836,32.24274617149716,29.72470832249475,32.55607938009595,0E-15
2024-12-16,,,,,,,32.639999389648440,32.799999237060550,32.639999389648440,32.685001373291016,600,,,,,30.509338378906250,,,0.11764402214874671,0.1111968466440035,0.10555578033526891,0.12072355799471003,,,,,,,,,,,,30.573033379690727,32.75323938334602,30.49374691493647,32.66830452714625,30.248916629368896,32.42907429035037,29.67595427786222,32.3603442472559,,,,,-0.005065892930531775,0.11494570762399547,0.12308085058435836,0.14128000309742977,0.15126400417198765,51.88550157936378,51.883038816578946,30.584758377075197,32.76580047607422,30.52516047159831,32.701952616373696,30.10201793246799,32.24863509526328,29.736429948655385,32.563123036944674,0.045001983642576
2024-12-17,,,,,,,32.201999664306640,32.201999664306640,32.201999664306640,32.201999664306640,100,,,,,30.509336471557617,,,0.1176953854643341,0.09878042157746693,0.10532939388473886,0.12047171307177687,,,,,,,,,,,,30.55180107697969,32.569492810332896,30.495164147356576,32.62591317597901,30.257054749437295,32.421978208286504,29.682542279393413,32.35909251142231,,,,,-6.251688151622696e-8,0.10198801678075498,0.07067374492014267,0.13342160583409482,0.13514595232161866,51.885446361361566,41.45520528987767,30.550221252441407,32.63220062255859,30.549829755510604,32.70538112095424,30.105796117631215,32.24501603747171,29.748954591296968,32.56915081114996,0E-15
2024-12-18,,,,,,,31.965000152587890,31.965000152587890,31.600000381469727,31.600000381469727,13000,,,,,29.938980102539062,,,0.16988532797238082,0.10659946620905744,0.11152225095951254,0.12199938311128025,,,,,,,,,,,,30.347527418832815,32.246328667378506,30.444601961464073,32.532648376478164,30.247114916721724,32.39629140119848,29.684569455860967,32.353091783122295,,,,,-0.018871436891837998,0.0451752094259561,-0.0192140868655315,0.11577232655246707,0.10427394448418863,38.642132943214804,32.64769436961234,30.39918632507324,32.375600814819336,30.52555919828869,32.65680976141067,30.0982244885157,32.22938113742404,29.75901428101555,32.57256351198469,-0.364999771118163
2024-12-19,,,,,,,32.020000457763670,32.020000457763670,31.899999618530273,31.899999618530273,2700,,,,,30.223209381103516,,,0.18725892440894512,0.10746976418639227,0.11318506666374951,0.12229634061048672,,,,,,,,,,,,30.306088072923046,32.13088565109576,30.424475363249478,32.47513485302836,30.246367868733657,32.3807822829901,29.688827478985413,32.34951002688046,,,,,0.009448838071866774,0.02282249415397075,-0.06548849927551714,0.0971823600727678,0.07032145573224748,46.03436500623684,39.541233743226485,30.369030380249022,32.24760055541992,30.502155303955078,32.60895265851702,30.09560893830799,32.21898430112808,29.76981272773137,32.576730175623815,-0.120000839233397
2024-12-20,,,,,,,31.780000686645508,31.780000686645508,31.780000686645508,31.780000686645508,900,,,,,30.109519958496094,,,0.16239640706606082,0.10578118896311021,0.11331334537012172,0.12213555049860926,,,,,,,,,,,,30.240565368114062,32.01392399627901,30.39584305372644,32.41194083790264,30.24209137153873,32.362007858104334,29.69215311123451,32.34500797676002,,,,,-0.0037687523311947012,-0.004019644049510163,-0.11056963747613224,0.07694195924831221,0.03414323709057153,43.76319178725835,37.87151108468491,30.258076858520507,32.03340034484863,30.483338673909504,32.566095533825106,30.09244815886967,32.2080319116986,29.780935037703742,32.58133334962149,0E-15
2024-12-23,,,,,,,31.799999237060547,32.099998474121094,31.799999237060547,31.860000610351562,1300,,,,,30.185314178466797,,,0.16708533303088285,0.10492685420680181,0.11342517233504765,0.12191719453711482,,,,,,,,,,,,30.222148304898308,31.962616200969862,30.376704065066473,32.361764453579816,30.240317084255235,32.34632013161206,29.696051617694845,32.34117392643269,,,,,0.0025141211839774494,-0.018957738837482196,-0.13824780440346984,0.05776201963115333,-0.000334971208236745,45.687046330731356,39.699656700716204,30.193272018432616,31.868400192260744,30.46190843128023,32.52038129170736,30.090179322257875,32.198016030447825,29.791491099766322,32.58528176565019,0.060001373291015
2024-12-24,,,,,,,32.331001281738280,32.331001281738280,32.331001281738280,32.331001281738280,100,,,,,30.631557464599610,,,0.2066892024439457,0.11718428802246346,0.11680553081202634,0.12275092749256349,,,,,,,,,,,,30.35861802479874,32.08541122789267,30.399872555933122,32.358967801594225,30.252543346140996,32.3458414175535,29.70344692083243,32.34109351026909,,,,,0.01467524661278494,0.005152423271852058,-0.12078480123702207,0.047240100359293075,-0.02442493721399381,55.36800122445114,49.180868897028674,30.217716217041016,31.89420051574707,30.46617262704032,32.501857485089985,30.092637864370193,32.19295253450908,29.803676408434672,32.5909404981704,0E-15
2024-12-26,,,,,,,32.290000915527344,32.500000000000000,32.200000762939450,32.450000762939450,4300,,,,,30.744300842285156,,,0.11161805919956058,0.11629782217155714,0.11657454294768953,0.12174926612791179,,,,,,,,,,,,30.48717896396088,32.206941072908265,30.431184218328763,32.36724352535288,30.2679107678955,32.349096397096815,29.711675015073165,32.34195443716767,,,,,0.0036738713757129256,0.03297720806437354,-0.09623366007076584,0.04438752190030917,-0.038786681785348213,57.432419845358254,51.26577440373991,30.378780364990234,32.06420059204102,30.48291760399228,32.49661936078753,30.09436725434803,32.18707953559028,29.817990068405393,32.59895637300279,0.159999847412106
2024-12-27,,,,,,,32.349998474121094,32.349998474121094,32.256000518798830,32.256000518798830,100,,,,,30.560499191284180,,,0.12815821838192115,0.1183764396211187,0.11654978721386243,0.1216526508530731,,,,,,,,,,,,30.51161903973531,32.22329422153845,30.442940124961073,32.35713052475706,30.277054156126397,32.3461871509,29.718385087612383,32.34127495955211,,,,,-0.005996339654721385,0.039739204524934735,-0.0913775585748553,0.04345785842523428,-0.049304857143249635,53.11879202775474,47.821304075136865,30.446238327026368,32.13540077209473,30.488465263730003,32.47952406747,30.096142450968426,32.181301783001615,29.83065072316972,32.60516669258239,-0.093997955322264
2024-12-30,,,,,,,32.240001678466800,32.240001678466800,31.950000762939453,31.950000762939453,13600,,,,,30.270584106445312,,,0.14982317488163718,0.11994787053219737,0.11199446960139647,0.12187609367598827,,,,,,,,,,,,30.43127406197198,32.132196402005455,30.427271396005096,32.32011872822819,30.276851967073863,32.33380632627623,29.722750297247426,32.33818188289904,,,,,-0.009531879564857269,0.021457067297205867,-0.11094181788649848,0.0390577001996286,-0.0616322492918994,47.1085571155421,42.922567309952015,30.47845115661621,32.16940078735352,30.491542089553107,32.46000026521229,30.10220563979376,32.18019067673456,29.841389444139267,32.60929764641656,-0.290000915527347
2024-12-31,,,,,,,32.229999542236330,32.229999542236330,32.222999572753906,32.222999572753906,700,,,,,30.529232025146484,,,0.15921925355208486,0.12037966900411701,0.11317992617255851,0.12203422814579787,,,,,,,,,,,,30.46392671636348,32.16246412558827,30.43654054410886,32.31128971409416,30.284738843888633,32.330343615228664,29.729125646875087,32.337271350803036,,,,,0.008508232276012382,0.027521812929169442,-0.1032279642236773,0.036750522745536765,-0.06995139227825498,52.29457364429615,48.03682625788836,30.547234725952148,32.242000579833984,30.495378766741073,32.441095533825106,30.112922577630904,32.18400019691104,29.853681836809432,32.615103199368434,-0.006999969482424
2025-01-02,,,,,,,32.200000762939450,32.200000762939450,32.200000762939450,32.200000762939450,400,,,,,30.507440567016600,,,0.11499792077758554,0.12025274085378639,0.11274180084893556,0.12142544401391168,,,,,,,,,,,,30.478431333247855,32.17497633803866,30.442986000736834,32.30117253671646,30.291698272736383,32.326270401094625,29.735278333990827,32.33618620781597,,,,,-0.0007140447907890656,0.0302214054346841,-0.09784262251609732,0.035444699283366236,-0.07552963832582345,51.83344663962283,47.64947435941063,30.522411346435547,32.21580047607422,30.495555151076545,32.41828600565592,30.125501299661302,32.18980973864358,29.86450759948246,32.6192698705764,0E-15
2025-01-03,,,,,,,32.243999481201170,32.243999481201170,32.243999481201170,32.243999481201170,100,,,,,30.549127578735350,,,0.11040082723788311,0.12026795803072432,0.10666871783201276,0.12103950618593795,,,,,,,,,,,,30.501996748410352,32.197984052426165,30.452635235100335,32.29597498621507,30.29974293854885,32.32369943484795,29.741711924858375,32.33545745898898,,,,,0.0013655211703634356,0.03531752693156065,-0.08899845279820084,0.03541926481300512,-0.07822340122029893,52.69283605281786,48.50496659711127,30.483376693725585,32.174600219726564,30.495894114176433,32.39561925615583,30.146949979994034,32.20511130681113,29.874384047493102,32.622361137753444,0E-15
2025-01-06,,,,,,,32.569999694824220,32.569999694824220,32.465000152587890,32.465000152587890,500,,,,,30.758512496948242,,,0.11334907738832543,0.12225407200011226,0.10477256228891804,0.12121062910314544,,,,,,,,,,,,30.58750199792298,32.28698941914674,30.48044225890469,32.31134091043078,30.31407948724883,32.32811508227733,29.749749874044856,32.336481511902804,,,,,0.006830657062482568,0.055610806173369554,-0.0634253494294228,0.039457573085078,-0.0752637908621237,56.85661758621594,52.68723240265984,30.5229793548584,32.216400146484375,30.502203441801527,32.37919062659854,30.165958646744016,32.217746219937766,29.88514446833777,32.62638891310919,-0.104999542236330
2025-01-07,,,,,,,32.700000762939450,32.729999542236330,32.555000305175780,32.555000305175780,23800,,,,,30.843780517578125,,,0.060816302924513094,0.12253345662128967,0.10258432805678028,0.12120186020581931,,,,,,,,,,,,30.672928171141365,32.37632638115642,30.513473009693186,32.333491764498504,30.33063264444662,32.3352052454929,29.758398337630098,32.3382089331935,,,,,0.0027683409468398064,0.07767836498944192,-0.03548714687502752,0.047101731465950786,-0.06730846206470446,58.46005640151052,54.31450010363018,30.637618637084962,32.33740005493164,30.51079532078334,32.365143094744,30.191002770075723,32.23682557968866,29.89588937305269,32.63037701258584,-0.145000457763670
2025-01-08,,,,,,,32.779998779296875,32.790000915527344,32.669998168945310,32.734001159667970,1400,,,,,31.013372421264650,,,0.04844495296747578,0.12385464013979643,0.10202599279228136,0.11882181271246191,,,,,,,,,,,,30.786409587849125,32.495551307326934,30.558918410745136,32.36990170951391,30.351968262472184,32.34766761781087,29.768319081374244,32.341337725497645,,,,,0.005483353842134522,0.10761123825919938,0.0010854406341991307,0.059203632824600505,-0.05362968152492375,61.52302627879518,57.449125736473114,30.734446716308593,32.43960037231445,30.526885168892996,32.35900034223284,30.215064336383154,32.25480972774445,29.90451156525385,32.63194050864568,-0.045997619628905
2025-01-10,,,,,,,32.819999694824220,33.740001678466800,32.650001525878906,32.729999542236330,2700,,,,,31.009582519531250,,,0.04557040313553713,0.12355324953647807,0.1018814998758309,0.11873082382642486,,,,,,,,,,,,30.8608005650765,32.5737007189634,30.599887875180237,32.40263787612504,30.37251870800528,32.359615490449166,29.77813144056916,32.34441015092641,,,,,-0.00012220964775813432,0.12953425235495786,0.02940759024792783,0.07326975673067197,-0.03702222717035343,61.414044963897055,57.35438449569678,30.834875106811523,32.54560012817383,30.538482938494003,32.34804798307873,30.237376682342045,32.270920829167444,29.912552485390314,32.63285320524185,-0.090000152587890
2025-01-13,,,,,,,32.569999694824220,32.770000457763670,32.569999694824220,32.693000793457030,800,,,,,30.974529266357422,,,0.054665804861842276,0.12316904038082958,0.10169457168857443,0.11856314825385644,,,,,,,,,,,,30.89871013217014,32.613467410461276,30.63394618346907,32.4290345049734,30.391331537953786,32.37003378116817,29.7875891308916,32.34716580817962,,,,,-0.0011310400649682689,0.14243795827531613,0.04831071223356531,0.08710339703960081,-0.01995563928956968,60.349237216885975,56.42780023489125,30.919955444335937,32.635400390625,30.552411851428804,32.33961950029646,30.260466106354244,32.28787322271438,29.921162083035423,32.634412735227556,0.123001098632810
2025-01-14,,,,,,,32.733001708984375,32.733001708984375,32.733001708984375,32.733001708984375,100,,,,,31.012426376342773,,,0.04124515172168836,0.12319760532716628,0.10169439320906408,0.11734255118399238,,,,,,,,,,,,30.936615546894352,32.653312176635644,30.668353473730317,32.45666788715622,30.41074075165344,32.38137652891242,29.79727163876078,32.35021589435198,,,,,0.001222744827975634,0.15394760606616487,0.06576125733865013,0.10047223884491362,-0.00281225996392572,61.13381828133791,57.23225608415359,30.970738220214844,32.6890007019043,30.567567643665132,32.33247675214495,30.283579266260542,32.304841510833256,29.92793677345155,32.6339048052591,0E-15
2025-01-15,,,,,,,33.005001068115234,33.180000305175780,33.005001068115234,33.089000701904300,10000,,,,,31.349714279174805,,,0.07814267709408321,0.12136991331283989,0.10359652457073748,0.11781309280847418,,,,,,,,,,,,31.07431512432117,32.79854168505853,30.730295365134364,32.51415268849696,30.440083674388482,32.40348978431842,29.809543912598045,32.35605609045912,,,,,0.010817178119803263,0.18811690520438518,0.10708270086087168,0.11800117211680793,0.01916673220103376,67.32988751657902,63.662296793869416,31.07192497253418,32.79580078125,30.61403074718657,32.35861959911528,30.312475870526026,32.327920883420916,29.93616315296718,32.63493655976795,0.083999633789066
2025-01-16,,,,,,,33.049999237060550,33.268001556396484,33.005001068115234,33.240001678466800,207700,,,,,31.492774963378906,,,0.07673700349524439,0.11842807800871885,0.10352211818965606,0.11788154156744507,,,,,,,,,,,,31.213801737340415,32.94569501619462,30.799611692247503,32.5801389603124,30.472980277169434,32.42963078101055,29.822850086912517,32.363043802617284,,,,,0.004553000145710803,0.22415618953460736,0.1502823974674783,0.13923217560036782,0.04538986525432267,69.54743286790965,65.99749608840754,31.167805480957032,32.89700088500977,30.653482527959916,32.37714340573265,30.341272626604354,32.350857416788735,29.945095228770423,32.636722277081205,0.190002441406250
2025-01-17,,,,,,,33.080001831054690,33.189998626708984,33.020000457763670,33.131000518798830,2300,,,,,31.389505386352540,,,0.08754261121883931,0.11738352508931785,0.10386662415352294,0.11793208762531686,,,,,,,,,,,,31.272369620344456,33.00746351706269,30.853238391711596,32.63021728381116,30.501621686831406,32.45154858531644,29.83523471378556,32.369114606697764,,,,,-0.003284539596626281,0.2415995806341371,0.17372044449381008,0.1597056566071217,0.07105598110222015,66.06159091239095,62.85728982792763,31.243790054321288,32.97720108032227,30.695395242600213,32.398381460280646,30.367985710265145,32.371587571643644,29.95347595971728,32.63791671631828,0.050998687744140
2025-01-21,,,,,,,33.452999114990234,33.759998321533200,33.391998291015625,33.759998321533200,204600,,,,,31.985441207885742,,,0.1368925894062845,0.13183913389691013,0.10963228643872257,0.11937695576904941,,,,,,,,,,,,31.510060149524886,33.258308451886194,30.9561659204547,32.732924650876804,30.547991046864354,32.49243763957321,29.852232393580817,32.38010973487828,,,,,0.01880722333486601,0.30005182346252113,0.24028032948192646,0.18777488997820158,0.10490085077816141,74.1221696814724,71.33359586638873,31.445972442626953,33.1906005859375,30.765685944330123,32.47257187252953,30.405343373616535,32.403571658664276,29.96409765122429,32.641468290298704,0.306999206542966
2025-01-22,,,,,,,33.790000915527344,33.959999084472656,33.759998321533200,33.759998321533200,7800,,,,,31.985441207885742,,,0.14005761223522792,0.10775276872713045,0.1090972803979465,0.11931484214877343,,,,,,,,,,,,31.668520502311836,33.425538408435195,31.04973640113025,32.82629498457284,30.592911364396272,32.53204891088446,29.869095704365836,32.39101794504947,,,,,0,0.342428346208834,0.2896901501480329,0.21870558122432804,0.1418587106521357,74.1221696814724,71.33359586638873,31.640575408935547,33.395999908447266,30.863136473156157,32.57542891729446,30.44470127045162,32.43769860646081,29.975126311892556,32.64547622014606,-0.030002593994144
2025-01-23,,,,,,,33.849998474121094,33.849998474121094,33.340000152587890,33.369998931884766,59400,,,,,31.615940093994140,,,0.17853328669999244,0.11658543432821772,0.11207460160509013,0.11958849932891964,,,,,,,,,,,,31.65099369953927,33.407025249585054,31.101209464117876,32.875722616146646,30.624881012196205,32.55823484904072,29.882904750924165,32.39875692518255,,,,,-0.011619410256052533,0.3422511358995344,0.2939891734313207,0.2434146921593693,0.1722848032079727,63.30957823489802,61.27772200689102,31.693820571899415,33.45219955444336,30.929456983293807,32.64542888459705,30.478312628609793,32.46576209295364,29.983627054426407,32.64674606020488,-0.479999542236328
2025-01-24,,,,,,,33.669998168945310,33.669998168945310,33.580001831054690,33.580001831054690,500,,,,,31.814905166625977,,,0.18067563676782583,0.11535026968628781,0.11109926618782179,0.1197002632753396,,,,,,,,,,,,31.70563085523484,33.464684110074934,31.166090891618612,32.939747999320105,30.662069267022137,32.59016506722866,29.89817748148307,32.408094829576804,,,,,0.00627346914139045,0.35408385571444967,0.3107594181205897,0.2655485248703854,0.19997972619049612,66.17121098669055,64.20394185160315,31.758246612548827,33.520199584960935,31.01066580272856,32.73114322480701,30.518667705475337,32.50100020756797,29.992528060125927,32.64841273474315,-0.089996337890620
2025-01-27,,,,,,,34.250000000000000,34.490001678466800,34.200000762939450,34.490001678466800,1500,,,,,32.677074432373050,,,0.24072719921850677,0.14241124255193635,0.1218514564633838,0.12250721121868943,,,,,,,,,,,,32.02944538094758,33.80645663287222,31.303453031687198,33.08068015196981,30.725038178439352,32.64953496132985,29.920145046312243,32.42455259122811,,,,,0.02673884842652216,0.42809639693144064,0.39294966126761466,0.29805809928259647,0.23857371320591983,75.19822829326631,73.53639424509245,32.01576042175293,33.79199981689453,31.129321052914573,32.85638137090774,30.57395262945266,32.55201612200056,30.004284147232298,32.6530555997576,0.240001678466800
2025-01-28,,,,,,,34.229999542236330,34.229999542236330,34.111999511718750,34.209999084472656,2000,,,,,32.411788940429690,,,0.24084220650017893,0.14235408781567782,0.12345472838057676,0.1227679503547008,,,,,,,,,,,,32.15689323410828,33.940970783405696,31.40421084157288,33.183345509470065,30.77774913975155,32.69829946517806,29.93984183598906,32.43866679275573,,,,,-0.008151531526512422,0.46004246380475067,0.4305292783289474,0.3304549721870273,0.2769648262305253,69.08918065379767,67.68873081941358,32.10102996826172,33.88199996948242,31.214093980335054,32.94585745675223,30.624596974206348,32.59812721373543,30.014598240928045,32.65615083300878,-0.020000457763674
2025-01-29,,,,,,,34.209999084472656,34.209999084472656,34.069999694824220,34.069999694824220,1400,,,,,32.279148101806640,,,0.24539938790454835,0.1442126133409423,0.12393196974787664,0.12240366212134851,,,,,,,,,,,,32.1976448566744,33.98398042054521,31.48375059250322,33.26395043541135,30.82466785731577,32.741165097354504,29.95833437563979,32.45156270502505,,,,,-0.004100760649457047,0.4692477488574447,0.443897639207556,0.3582135275211108,0.31035138882593144,66.1936339774328,64.90942356986291,32.1597713470459,33.944000244140625,31.287181945074174,33.02300026303246,30.673269271850586,32.64215896243141,30.02311198673551,32.657261939275834,-0.139999389648436
2025-01-30,,,,,,,34.290000915527344,34.290000915527344,34.290000915527344,34.290000915527344,600,,,,,32.487583160400390,,,0.21461202769760124,0.14158622815282668,0.11865820035568313,0.12174959378202548,,,,,,,,,,,,32.294290957916395,34.08598725220592,31.575008098675692,33.35722775178554,30.876633960537166,32.789566216672405,29.9783284371794,32.466095813408465,,,,,0.006436507575089477,0.48773961220412687,0.466862718593525,0.384118744457714,0.3416536547794502,68.43255201142998,67.18933930787762,32.33409996032715,34.12800064086914,31.37894784836542,33.119857424781436,30.715930514865452,32.67969867161342,30.034080732436408,32.66107145945231,0E-15
2025-01-31,,,,,,,34.174999237060550,34.174999237060550,34.174999237060550,34.174999237060550,200,,,,,32.378623962402344,,,0.22298583876351383,0.1362655043266606,0.11902284652214222,0.12155870967790679,,,,,,,,,,,,32.322401959411714,34.11565791382413,31.648064086287206,33.43157061408326,30.92357114809545,32.83286099855953,29.99730310536298,32.479604931382,,,,,-0.003359508912571337,0.48797735131403286,0.4703610062280035,0.40489046582897775,0.36739512506916083,65.97284854023644,64.81855833377743,32.44684371948242,34.24700012207031,31.47933069864909,33.225809733072914,30.75585471259223,32.71433357965378,30.04366163223509,32.663353208511595,0E-15
2025-02-03,,,,,,,34.520000457763670,34.655998229980470,34.520000457763670,34.648998260498050,800,,,,,32.827709197998050,,,0.14231497598312653,0.1400170516945772,0.1214362153683384,0.12103374846605082,,,,,,,,,,,,32.490837705607156,34.2934380293821,31.75530455098819,33.542245854666426,30.983075462154908,32.88961528799511,30.019677857083416,32.496754285762364,,,,,0.013774500557707499,0.5184270819312609,0.5055534783955693,0.4275977890494344,0.39502679573444255,70.6546117098745,69.58255781270562,32.47697067260742,34.27879943847656,31.588781992594402,33.341333480108354,30.80375177898104,32.757397031027175,30.057045285663907,32.669781775701615,0.128997802734380
2025-02-04,,,,,,,34.819999694824220,34.819999694824220,34.750000000000000,34.750000000000000,1000,,,,,32.923400878906250,,,0.1173758751480822,0.13921738149581733,0.12133807376407135,0.12101815659295156,,,,,,,,,,,,32.63502543004019,34.445625352921404,31.86149512625347,33.652041686060386,31.04371063142839,32.947752310245264,30.04263218927174,32.514566504847245,,,,,0.00291072647616795,0.5440092319524652,0.5354217537190848,0.45088007763004057,0.423105787331371,71.55277207997572,70.4992575549406,32.57929306030273,34.38679962158203,31.703827721732004,33.46276201520647,30.85112308320545,32.79987320067391,30.07112363028148,32.67696432083372,-0.069999694824220
2025-02-05,,,,,,,34.709999084472656,34.748001098632810,34.689998626708984,34.748001098632810,900,,,,,32.921512603759766,,,0.10448002141221464,0.13959563597798144,0.12133996321991988,0.12099875122172016,,,,,,,,,,,,32.730521154613385,34.546417268158535,31.957860351481315,33.751674359930604,31.102391943063743,33.004010084882374,30.065390137212358,32.53222211428429,,,,,-0.0000573552320787361,0.5577020599408407,0.5525616952028685,0.4722444740922006,0.4489969689056705,71.50626341325834,70.45400352189678,32.70776596069336,34.52239990234375,31.816798437209357,33.58200018746512,30.89704207768516,32.840793882097515,30.084883069235183,32.68378972250318,0.038002014160154
2025-02-06,,,,,,,34.650001525878906,34.650001525878906,34.389999389648440,34.520000457763670,3700,,,,,32.705493927001950,,,0.12395840973867883,0.14332145848935768,0.12228971318101241,0.12112571305620624,,,,,,,,,,,,32.72217874540957,34.53761166469358,32.025827040165005,33.82152218700634,31.152488880061814,33.051384784034916,30.086260522902393,32.547935777078585,,,,,-0.006583248828465676,0.5448422209317769,0.5415053395985723,0.4867640234601158,0.4674986430442509,66.20466614812332,65.30472110863603,32.75134811401367,34.568399810791014,31.909511838640487,33.67985734485445,30.9401248144725,32.87873038034591,30.098238248673695,32.6902182896932,-0.130001068115236
2025-02-07,,,,,,,34.490001678466800,34.490001678466800,34.490001678466800,34.490001678466800,100,,,,,32.677074432373050,,,0.11918314214257766,0.14392352276587314,0.12209358850670775,0.12112067247835895,,,,,,,,,,,,32.7071439743974,34.52174166928465,32.08503134854756,33.882293049866384,31.20013217857154,33.096341561985916,30.10674126526975,32.563288076694306,,,,,-0.0008693294598797818,0.5262907381374049,0.5242788866929118,0.4946693663955737,0.47885469177398304,65.51645332381104,64.6353555304579,32.811038208007815,34.63140029907227,31.996811548868816,33.772000267392116,30.98017840915256,32.91342880612328,30.111232931651767,32.69625003754147,0E-15
2025-02-10,,,,,,,34.709999084472656,34.862998962402344,34.590000152587890,34.799999237060550,1000,,,,,32.970775604248050,,,0.09009821217905908,0.14524701318679775,0.12302342678396062,0.120672662479682,,,,,,,,,,,,32.79502118434762,34.61449419187662,32.16555355361124,33.96572088506585,31.25546478562393,33.149580864331995,30.129381852929658,32.58096958784345,,,,,0.008947837020635294,0.5291876386829735,0.5295368398119891,0.5015730208530537,0.48899112138158424,69.09227027657805,68.2562539870806,32.83965148925781,34.661600494384764,32.09002122424898,33.87038112822033,31.023575252956814,32.95163511851477,30.12376522639441,32.70168654123942,0.090000152587894
2025-02-11,,,,,,,34.959999084472656,34.959999084472656,34.875000000000000,34.875000000000000,500,,,,,33.041831970214844,,,0.08917247105761605,0.1448610061452066,0.1229981012508423,0.12016008769607076,,,,,,,,,,,,32.87729144630336,34.70132946125108,32.24521522784793,34.04838262278714,31.311288760142396,33.20350021232162,30.152405174014916,32.599104215607525,,,,,0.0021528128041241323,0.5310949758407304,0.5336046777345089,0.507477411850589,0.4979138326521692,69.90535276090581,69.08108204786619,32.863337707519534,34.68660049438476,32.18679500761486,33.97252400716146,31.06812964545356,32.99106370835077,30.137849951547288,32.70884527478899,-0.084999084472656
2025-02-12,,,,,,,34.944999694824220,34.944999694824220,34.944999694824220,34.944999694824220,100,,,,,33.108154296875000,,,0.08924461398998819,0.1441334584914365,0.12299391978855681,0.1196497444186963,,,,,,,,,,,,32.954245729827235,34.782552872442125,32.32366423412312,34.1298932656996,31.36744080816529,33.25792207114983,30.175770779729223,32.61764884390173,,,,,0.0020052112668677096,0.5318276338507104,0.536294786489016,0.5123474562506133,0.5055900234195385,70.6806413809559,69.86803338567697,32.900666046142575,34.726000213623045,32.28839619954427,34.07976205008371,31.113425602988592,33.031270072573705,30.153439983489022,32.71767463381328,0E-15
2025-02-13,,,,,,,35.119998931884766,35.264999389648440,35.119998931884766,35.264999389648440,400,,,,,33.411331176757810,,,0.07160504041523764,0.14537632426892375,0.12376789136609066,0.11607436412534164,,,,,,,,,,,,33.106607545470766,34.94336837817757,32.42254304708991,34.23308473151313,31.431312382183805,33.32064323735291,30.201348332274904,32.638576516200125,,,,,0.009115493814323018,0.5505259901300832,0.5578178412371955,0.5199831630265073,0.51603558698307,73.98049174032762,73.2232430814087,33.04183349609375,34.875,32.402629761468795,34.200333368210565,31.161192878844247,33.07404784550742,30.166623463706365,32.723726212032254,0.145000457763674
2025-02-14,,,,,,,35.360000610351560,35.360000610351560,35.250000000000000,35.345001220703125,2700,,,,,33.487129211425780,,,0.0599353621479834,0.1429870767483152,0.12377608641560016,0.11510523546288226,,,,,,,,,,,,33.233448100789104,35.07724599235275,32.519323607484075,34.33416804871222,31.495556658097616,33.383904424332606,30.22732288467926,32.6599711778958,,,,,0.002266063125030092,0.5649484658765545,0.574705647391994,0.5289762235965167,0.5277695990648548,74.74577185637153,74.00263616774339,33.203844451904295,35.045999908447264,32.50441142490932,34.30776196434384,31.209570657639276,33.11746055360825,30.181838247511124,32.73203574286567,-0.014999389648435
2025-02-18,,,,,,,35.340000152587890,35.507999420166016,35.340000152587890,35.395000457763670,200,,,,,33.534500122070310,,,0.05106988367183301,0.1430099572572853,0.1237531849182596,0.11508805936096012,,,,,,,,,,,,33.33379877454951,35.18316414748973,32.61161238153737,34.43060735862599,31.559273641346763,33.44675117537732,30.253466578255473,32.681591962716894,,,,,0.001413600922685154,0.5735888432692064,0.5853760255706106,0.5378987475310546,0.5392908843660059,75.23598048800065,74.5021531018486,33.31658935546875,35.16500015258789,32.60163643246605,34.41038095383417,31.25853741358197,33.1614923325796,30.196926041254923,32.740190505981445,0.055000305175780
2025-02-19,,,,,,,35.555999755859375,35.555999755859375,35.555999755859375,35.555999755859375,100,,,,,33.687038421630860,,,0.05022837248480214,0.14124102632241536,0.12376511027661104,0.11515885790762283,,,,,,,,,,,,33.451545323576624,35.30744268361294,32.709378385182234,34.53291575837448,31.625766290730642,33.512665193517385,30.280609438677413,32.70431455396703,,,,,0.004538383520621719,0.5859900421227522,0.5999083054666698,0.5475170064493942,0.5514143685861387,76.79778998247657,76.09493434601123,33.445630645751955,35.30120010375977,32.711042767479306,34.52585710797991,31.31053282722594,33.20873039487808,30.212612083980016,32.748976223052495,0E-15
2025-02-20,,,,,,,35.744998931884766,35.744998931884766,35.744998931884766,35.744998931884766,500,,,,,33.866100311279300,,,0.047926262717953326,0.12992994233752767,0.11986827997080157,0.11525307590598115,,,,,,,,,,,,33.58973031947752,35.45329476637021,32.81453492391833,34.6431051377845,31.695776728872787,33.58242562284137,30.308953240041856,32.7283515846225,,,,,0.005301376438717235,0.6033122712577779,0.619534290305026,0.5586760594110709,0.5650383529299161,78.5110784349749,77.84459165134102,33.59721984863281,35.46119995117188,32.800597962878996,34.62038094656808,31.372037887573242,33.26611131335061,30.229086527748713,32.758599235897975,0E-15
2025-02-21,,,,,,,35.869998931884766,35.869998931884766,35.619998931884766,35.622001647949220,800,,,,,33.749568939208984,,,0.05466028983023065,0.13137991084481054,0.11728028854089474,0.11502973960498662,,,,,,,,,,,,33.643009859388,35.50953039356322,32.899538016217484,34.73209572961766,31.759957735445795,33.64616237362599,30.336151783118275,32.75122628868042,,,,,-0.0034468781789043137,0.6007125148735355,0.6180388051743435,0.5670833505035638,0.5756384433788017,74.64791403273017,74.0463133036879,33.66486740112305,35.53260040283203,32.884604045322966,34.70904777163551,31.424433238922603,33.31376215011355,30.244072270771813,32.76658336699955,-0.247997283935546
2025-02-24,,,,,,,35.664001464843750,35.664001464843750,35.664001464843750,35.664001464843750,200,,,,,33.789360046386720,,,0.05488991903516991,0.12105489844606514,0.11640002548261547,0.1150247347736413,,,,,,,,,,,,33.69179325505424,35.56102075065673,32.98043092805105,34.81681443282003,31.823376557662698,33.70921984522654,30.36344987215597,32.77425217940108,,,,,0.0011783163393114945,0.595004161414316,0.6131743642666834,0.5726675126857143,0.583145627556378,75.0984877110219,74.50379160751622,33.72531356811523,35.59640045166016,32.98810023353214,34.8182859874907,31.473237506927006,33.357555843534925,30.259007128458176,32.77450004456535,0E-15
2025-02-25,,,,,,,35.779998779296875,35.779998779296875,35.622001647949220,35.622001647949220,1000,,,,,33.749568939208984,,,0.05896346435799168,0.12139641074645194,0.11528754472554471,0.11503560496532064,,,,,,,,,,,,33.71105181643916,35.58134771642089,33.050352565429044,34.89001327055905,31.88357006958602,33.76899427656163,30.390217611816468,32.79676403290739,,,,,-0.0011783163393115235,0.5805769111353527,0.5990250378287385,0.574249392375642,0.5863215096108501,73.68811387609576,73.11586108389373,33.76832733154297,35.64180068969726,33.08022707984561,34.91552407400949,31.524743852161226,33.4042542775472,30.273674382103813,32.78212703220428,-0.157997131347655
2025-02-26,,,,,,,35.612998962402344,35.612998962402344,35.612998962402344,35.612998962402344,100,,,,,33.741039276123050,,,0.0516307242893371,0.08487791506008709,0.11521691091318828,0.11503569924073209,,,,,,,,,,,,33.721047636333786,35.591898131748046,33.113142266401226,34.9557392425448,31.9416159822903,33.82661942299415,30.416706320625217,32.819026759622766,,,,,-0.0002527659286796946,0.5619768198599573,0.580394724104913,0.571794877872505,0.5851361525096627,73.37002224813078,72.80278728297921,33.779127502441405,35.65320053100586,33.13089207240513,34.96900013514927,31.574040518866646,33.44858759925479,30.28833610292465,32.789750038631375,0E-15
2025-02-27,,,,,,,35.599998474121094,35.599998474121094,35.487998962402344,35.487998962402344,400,,,,,33.622611999511720,,,0.03240804113508861,0.0795717849680278,0.11529576518933599,0.11509760113847725,,,,,,,,,,,,33.6882357573931,35.557265075299476,33.159457696684,35.00412648980458,31.99414710782847,33.87853753360066,30.44204944852155,32.840125354111144,,,,,-0.0035160623385277123,0.531552614374796,0.5492126296021453,0.5637464251729633,0.5779514479281592,68.92151635165986,68.42198728617502,33.73042984008789,35.601800537109376,33.188550313313804,35.029857272193546,31.62293897356306,33.49252407134525,30.302623423319016,32.79698415786501,-0.111999511718750
2025-02-28,,,,,,,35.529998779296875,36.750000000000000,35.439998626708984,36.750000000000000,15400,,,,,34.818275451660156,,,0.2562005782026487,0.137375310996312,0.1325214764132108,0.12015454608956198,,,,,,,,,,,,34.06491565548212,35.95484338353298,33.31025931077274,35.16284226345871,32.08240111857321,33.96827073567564,30.476644120483122,32.87103345407864,,,,,0.03494358879265023,0.5970389667800333,0.6191958277390839,0.5704049334943773,0.5862003238903442,81.26934133033188,80.91091085566573,33.94417114257813,35.82740020751953,33.3094611394973,35.15747633434477,31.693186896187918,33.55903198605492,30.321531575823588,32.80908732944064,1.220001220703125
2025-03-03,,,,,,,36.119998931884766,36.119998931884766,35.700000762939450,35.839000701904300,2000,,,,,33.955162048339844,,,0.34233067774549697,0.1689910595250818,0.14330025710381633,0.12284602140002485,,,,,,,,,,,,34.028331119768026,35.916229156323425,33.368886832369746,35.22431121240831,32.140924897628416,34.02673104712028,30.504142285920725,32.89449564576106,,,,,-0.025101514592351843,0.572689723906386,0.594297297340276,0.570861891576779,0.5878197185803306,62.09127515441529,61.88422382585454,33.97733154296875,35.86240005493164,33.3793458484468,35.23123822893415,31.748919653514076,33.61020657372853,30.33724115765284,32.817829389420766,-0.280998229980466
2025-03-04,,,,,,,35.889999389648440,35.889999389648440,35.720001220703125,35.720001220703125,1300,,,,,33.842414855957030,,,0.34352081113989935,0.1689774478921787,0.1423533684673721,0.12290161412076522,,,,,,,,,,,,33.966359031831026,35.85081984444999,33.41193483451405,35.26937394043511,32.19409645882619,34.07964574004475,30.530531792403224,32.916831658211194,,,,,-0.0033259978148930864,0.5380922251240605,0.5585244468483594,0.5643079582862353,0.5819606642339363,60.09625165191284,59.90263422600159,33.99590072631836,35.88199996948242,33.44905017671131,35.304809751964754,31.8066409883045,33.66353991674998,30.352559967646524,32.82616273183671,-0.169998168945315
2025-03-05,,,,,,,35.712001800537110,35.797000885009766,35.712001800537110,35.797000885009766,300,,,,,33.915370941162110,,,0.34359152708536345,0.16357476673265017,0.14179783913248864,0.1227561426132982,,,,,,,,,,,,33.949363001608056,35.832880191303246,33.457701753300235,35.31734002630553,32.247886286399186,34.133313088324904,30.557289414132544,32.93959979439142,,,,,0.002153438532267774,0.5106736761784987,0.5302747571842943,0.553581101864688,0.5716234828240079,60.97013793614599,60.77780756558704,34.03076705932617,35.918800354003906,33.50084359305246,35.35947654360817,31.861668117462642,33.71396851918054,30.36737202841138,32.83390876225063,0.084999084472656
2025-03-06,,,,,,,35.520000457763670,35.535999298095700,35.520000457763670,35.535999298095700,1500,,,,,33.668087005615234,,,0.34779544424482217,0.1663190295424721,0.142942651141522,0.12291095164382015,,,,,,,,,,,,33.85560433627712,35.733919893567396,33.47682768532887,35.33721814192282,32.292267558874684,34.17714703238024,30.581880699440706,32.9601246916539,,,,,-0.007317916147003821,0.46364591019543155,0.48127815285396736,0.5355940635308367,0.5535544168299997,56.457004951843494,56.292733929186134,34.039862060546874,35.92840042114258,33.536304837181454,35.39690508161272,31.911895903330002,33.759317700825044,30.381715941050697,32.84119447072347,0.015998840332030
2025-03-07,,,,,,,35.455001831054690,35.669998168945310,35.455001831054690,35.590000152587890,1900,,,,,33.719249725341800,,,0.17675340662951458,0.16627460827649707,0.14294127751149757,0.12291028230252198,,,,,,,,,,,,33.81015279929868,35.68594664657423,33.49886605260277,35.36019832471055,32.336860751576786,34.22129869238673,30.60668203561384,32.980914220989355,,,,,0.0015184671791230828,0.4255984368798167,0.4417136090463387,0.5135949382006327,0.5311862552732676,57.16351314277852,56.99976347044893,33.8200569152832,35.69640045166015,33.57429231916155,35.4370002746582,31.962328290182448,33.804873239426385,30.39634428327046,32.84878574855744,0.134998321533200
2025-03-10,,,,,,,35.360000610351560,35.409999847412110,35.273998260498050,35.273998260498050,1700,,,,,33.419860839843750,,,0.07960850469074054,0.1678308657787821,0.1444472874504098,0.1231349981270448,,,,,,,,,,,,33.680055479480366,35.54863051788217,33.491683760533775,35.35236195523669,32.37070450433513,34.254195553890206,30.62892060323621,32.99904136754673,,,,,-0.00891852356773863,0.367056164220962,0.3804738456224115,0.48428718340469856,0.5010437733430964,51.86072561429227,51.726596135587386,33.71299667358399,35.58339996337891,33.608309791201634,35.47290493193127,32.006675023881215,33.84398430112808,30.410410949162074,32.855825424194336,-0.086002349853510
2025-03-11,,,,,,,34.930999755859375,34.930999755859375,34.860000610351560,34.860000610351560,2200,,,,,33.027622222900390,,,0.10059779272005112,0.1735676464929324,0.1468376175191697,0.1234924762648675,,,,,,,,,,,,33.46257772728704,35.319087215371965,33.44949634802165,35.307601832974406,32.39123318304029,34.27312696190462,30.647882671375847,33.01375250780606,,,,,-0.011806110776322496,0.2857170448121664,0.29513263614044405,0.4445731556861921,0.4598615459025659,45.858595293347726,45.7545194652187,33.55003814697265,35.411399841308594,33.62500254313151,35.490523928687686,32.04420313759456,33.875889096941265,30.421940841372052,32.860123043968564,-0.070999145507815
2025-03-12,,,,,,,35.169998168945310,35.169998168945310,35.095001220703125,35.095001220703125,500,,,,,33.250270843505860,,,0.12333978770450514,0.17236953330836996,0.14724450608908043,0.12352586486098155,,,,,,,,,,,,33.39180876602665,35.24439188381569,33.43138493852021,35.288274504586106,32.41807810992984,34.29881053249208,30.66845490989071,33.030205066801294,,,,,0.00671866433412444,0.2364949233315059,0.24365301772945003,0.40295750921525486,0.41661984026794274,49.43595787173764,49.33064416764971,33.41701812744141,35.270999908447266,33.63831184023903,35.50457164219448,32.085072744460334,33.91131770421588,30.434980657365585,32.86605559455024,-0.074996948242185
2025-03-13,,,,,,,34.810001373291016,34.860000610351560,34.639999389648440,34.720001220703125,1400,,,,,32.894981384277344,,,0.1313487142744392,0.17645919957156916,0.14914757431152598,0.12372292982219656,,,,,,,,,,,,33.22619963877688,35.0695949961115,33.38262097904359,35.236613296960385,32.4329813372532,34.31197274149867,30.686055909688232,33.043563139164156,,,,,-0.010742808113676847,0.1668933052149626,0.1706287808806124,0.3557446684151964,0.36742162839047665,44.39498509308594,44.31064000206701,33.26239700317383,35.10780029296875,33.63131895519438,35.49719074794224,32.11886563376775,33.93925424606081,30.445531224447585,32.86928973122249,-0.090000152587891
2025-03-14,,,,,,,34.750000000000000,34.930000305175780,34.750000000000000,34.919998168945310,800,,,,,33.084468841552734,,,0.14640458278688478,0.1775231811583316,0.1492342969392048,0.12376913438829353,,,,,,,,,,,,33.178956039702165,35.0197293870561,33.355516239271694,35.20783010350446,32.45334032176256,34.33097353610638,30.705015695710877,33.05839661766045,,,,,0.005743848352402652,0.12557601347936043,0.1274257446806928,0.30971093742802924,0.3194224516485199,47.471434437537525,47.38579551811167,33.135440826416016,34.97379989624024,33.63019107636951,35.496000199090865,32.156999709114196,33.97179391649034,30.456285189068506,32.87270241691952,0.169998168945310
2025-03-17,,,,,,,34.680000305175780,34.816001892089844,34.680000305175780,34.816001892089844,500,,,,,32.985935211181640,,,0.13922147151871272,0.1745892421153181,0.14946077409371733,0.12372783030581701,,,,,,,,,,,,33.114615763528654,34.95182022206735,33.32191796399078,35.17220935701223,32.469983912056904,34.34613067223086,30.723046680022897,33.072290730501784,,,,,-0.002982688083524308,0.08391361766283723,0.08382906751359087,0.2645514734749908,0.27230377482153406,46.04482423338869,45.964461535337655,33.0486557006836,34.88220062255859,33.60993412562779,35.47461936587379,32.19337717692057,34.002476495409766,30.46716128455268,32.87627781762017,0.136001586914064
2025-03-18,,,,,,,34.909999847412110,34.909999847412110,34.639999389648440,34.639999389648440,2100,,,,,32.819187164306640,,,0.11775646959273234,0.17491505524622955,0.14813439322581476,0.12361252867502125,,,,,,,,,,,,33.01613956378799,34.84787994459438,33.27621516401949,35.12382663270643,32.48089651368971,34.35531406965016,30.73961696053107,33.084683684329036,,,,,-0.005067946012495459,0.03701402041869528,0.0346767240396062,0.21904398286373172,0.2247783646651485,43.653946132082005,43.58192220038714,33.00696868896485,34.838200378417966,33.57812736147926,35.441047850109285,32.23218984452505,34.0358098045228,30.478242730337477,32.88012702881344,-0.270000457763670
2025-03-19,,,,,,,34.819999694824220,35.049999237060550,34.819999694824220,34.978000640869140,400,,,,,33.139419555664060,,,0.1316334263032395,0.17865444706833924,0.1481799368695573,0.12396540246572768,,,,,,,,,,,,33.057232894413346,34.8912535100193,33.26377919962354,35.11056972435758,32.50147535875141,34.374773025000756,30.758587732034098,33.0996506167918,,,,,0.009710178047692109,0.025393113393597844,0.022734939659770248,0.18031380896970495,0.18436967966407286,49.11817044912077,49.04444868946408,32.984798431396484,34.81480026245117,33.5593140011742,35.42119071597145,32.271477653866725,34.06957169184609,30.490495833139573,32.88520638904874,0.158000946044920
2025-03-20,,,,,,,34.963001251220700,34.986000061035156,34.963001251220700,34.986000061035156,300,,,,,33.146999359130860,,,0.0972960998329187,0.17772482921700922,0.14764266919771374,0.12396134986186218,,,,,,,,,,,,33.08715504931918,34.922835693691255,33.25316285048785,35.099245209510094,32.521647983763266,34.39387386987683,30.777468456358974,33.11456247010598,,,,,0.00022869853656071052,0.016603690634610757,0.01375788353883678,0.1475717853026861,0.15024732043902564,49.24363841760674,49.169884416619475,33.03520202636719,34.86800003051758,33.533597855340865,35.39404787336077,32.313345288473464,34.10609548054044,30.50285334057278,32.890400841122585,0.022998809814456
2025-03-21,,,,,,,35.049999237060550,35.049999237060550,34.952999114990234,34.952999114990234,700,,,,,33.115730285644530,,,0.09037068474205566,0.1763482512414836,0.14768892290030522,0.12389287656464412,,,,,,,,,,,,33.0966801280943,34.93289016745758,33.240668980956634,35.085950110008284,32.54021305569706,34.41134653378663,30.795952739594433,33.129095566112966,,,,,-0.000943790754622063,0.007033775879982329,0.003935238363141025,0.11946418341814535,0.12098490402384872,48.71002073412768,48.63795062589262,33.04145431518555,34.87460021972656,33.49786594935826,35.35633359636579,32.3547166188558,34.1497621384878,30.515553890712678,32.89598814646403,-0.097000122070316
2025-03-24,,,,,,,35.330001831054690,35.349998474121094,35.330001831054690,35.349998474121094,500,,,,,33.491863250732420,,,0.1128471017390699,0.18116896145063338,0.14319633933174558,0.12435812596063646,,,,,,,,,,,,33.22840783564034,35.07192626967875,33.263504823663524,35.109954506745815,32.56995212429191,34.44067940692208,30.817264285137025,33.14665211084031,,,,,0.011294116580732672,0.02946073132560656,0.027864052263133487,0.1014634929996376,0.10236073367170567,55.02360255737541,54.95166887675482,33.1426399230957,34.98139953613281,33.485594249906995,35.34338106427874,32.41111158946204,34.20928591773624,30.529485157557897,32.90285719008673,0.019996643066404
2025-03-25,,,,,,,35.689998626708984,35.909999847412110,35.689998626708984,35.808998107910156,727700,,,,,33.926734924316406,,,0.10315479147033235,0.18688795314158563,0.14411125359224927,0.12496830289314034,,,,,,,,,,,,33.46118353186569,35.317616882422556,33.323798469177426,35.17350392503348,32.61235158679268,34.48343936632796,30.84184508070366,33.16769832425587,,,,,0.012900823116810168,0.08138659082018762,0.08290951482591424,0.0974481125637476,0.09847048990254738,61.000869117859416,60.93135537204619,33.364149475097655,35.21519927978515,33.49213591076079,35.35028566632952,32.46989770919558,34.271333512805754,30.544873146783736,32.91124607267834,0.118999481201172
2025-03-26,,,,,,,35.529998779296875,35.554000854492190,35.529998779296875,35.554000854492190,200,,,,,33.685142517089844,,,0.135782204248878,0.1885757377047508,0.14480176203957323,0.12516800946327378,,,,,,,,,,,,33.53583652694041,35.3964115397791,33.35664792807855,35.20809455498427,32.64587630336446,34.51689441283309,30.864321740279834,33.186562375878296,,,,,-0.007146479127299516,0.10186943297227913,0.10474980271696666,0.0983323766454539,0.09972635246543124,56.50789485265058,56.448449948839404,33.47329406738281,35.33039932250976,33.489067985897975,35.34704753330776,32.52665362282405,34.33123827737475,30.55958909080142,32.91894449506487,0.024002075195315
2025-03-27,,,,,,,35.727001190185550,35.727001190185550,35.727001190185550,35.727001190185550,100,,,,,33.849048614501950,,,0.13320864066966773,0.18934873052396037,0.144925470515918,0.12517975183951635,,,,,,,,,,,,33.640240556127594,35.50660808991458,33.401411626844315,35.255267885457116,32.68347543808751,34.55471024962535,30.887916419127443,33.2066448961495,,,,,0.004854027759555662,0.12983146883403407,0.13446800601778364,0.10463219508316994,0.10667468317590172,58.728855837625346,58.67011732032853,33.613703918457034,35.478599548339844,33.49421128772554,35.352476210821244,32.58480813768175,34.39261923895942,30.57537657873971,32.92780164688352,0E-15
2025-03-28,,,,,,,35.700000762939450,35.700000762939450,35.569999694824220,35.569999694824220,600,,,,,33.700298309326170,,,0.14348242998817656,0.1895903665305659,0.14305740085578803,0.12527218837903145,,,,,,,,,,,,33.66025980719378,35.52773862488446,33.42858314343358,35.28387986812685,32.71525115281372,34.58643804478782,30.91014868703415,33.22532754277934,,,,,-0.00440420381224572,0.138393364679402,0.14369476389110503,0.11138442900241635,0.11407869931894238,55.93709722534992,55.883969261081106,33.73061752319336,35.60199966430664,33.49791063581194,35.35638100760324,32.63351830982027,34.44403191218301,30.590407462347123,32.93584926544674,-0.130001068115230
2025-03-31,,,,,,,35.340000152587890,35.665000915527344,35.340000152587890,35.665000915527344,800,,,,,33.790309906005860,,,0.1259590049704857,0.14182103149771694,0.14300983402436981,0.12527757506217374,,,,,,,,,,,,33.70360984013114,35.57349272176542,33.46146739457651,35.31852723607235,32.74884673885097,34.62014313449843,30.932916759911397,33.24461349829514,,,,,0.002667382986425634,0.15070468264462278,0.15686460303436434,0.11924847973085763,0.12263588006202678,57.26105875941844,57.208182862117425,33.790306854248044,35.66500015258789,33.44895989554269,35.30471438453311,32.68186766003806,34.49506366063678,30.605958317953444,32.94445641835531,0.325000762939454
2025-04-01,,,,,,,35.680999755859375,35.680999755859375,35.680999755859375,35.680999755859375,100,,,,,33.805465698242190,,,0.07888779246217217,0.11271114352876413,0.14221549505977873,0.12524759259281945,,,,,,,,,,,,33.737561792834825,35.60932839979674,33.49273996763703,35.351479283325716,32.78186608133195,34.653294903915956,30.955624656657097,33.26387346871066,,,,,0.00044842425003081664,0.15984187891947244,0.16667148303880452,0.1273671595685806,0.13144300065738232,57.492654787147146,57.43987352136913,33.7660530090332,35.639400482177734,33.44183149791899,35.29719052995954,32.733375064910405,34.54942872789171,30.621187111688037,32.95269848051525,0E-15
2025-04-02,,,,,,,35.638000488281250,35.840000152587890,35.630001068115234,35.751998901367190,6900,,,,,33.872734069824220,,,0.05502412164265788,0.11236298787899039,0.14040462059133169,0.125239073539518,,,,,,,,,,,,33.782619218497956,35.656885233653554,33.52728488601768,35.38789015769312,32.81595570597233,34.687629403836304,30.978684810120868,33.28354244446289,,,,,0.00198788957048573,0.17054522895993074,0.17811929541283433,0.13600277344685063,0.14077825960847273,58.56585965631882,58.51338115904867,33.80357131958008,35.67900009155274,33.4432752700079,35.29871422903879,32.7905520484561,34.60977790469215,30.63687394914173,32.961436574421235,0.113998413085940
2025-04-03,,,,,,,35.630001068115234,35.630001068115234,35.362998962402344,35.362998962402344,1000,,,,,33.504180908203125,,,0.09028166138151901,0.11826356704923445,0.14199804047559883,0.12573418442782394,,,,,,,,,,,,33.68980644839968,35.558923143236484,33.52518452439818,35.385627321757596,32.83746274354204,34.7087347025415,30.99864920615314,33.299980835909054,,,,,-0.010940151761179151,0.14758725693684482,0.15402719549884125,0.13831967014484947,0.14342804678654644,50.9725832941661,50.93312857726664,33.734597778320314,35.60619964599609,33.42369479224796,35.27804747081938,32.83777345929827,34.6596191648453,30.65074438518948,32.968234183296325,-0.267002105712890
2025-04-04,,,,,,,35.000000000000000,35.009998321533200,33.900001525878906,33.990001678466800,374900,,,,,32.203353881835940,,,0.2846584922665448,0.17880762709805684,0.16402458358866212,0.13148885458235277,,,,,,,,,,,,33.194322259545096,35.03594932164659,33.405018102347064,35.25875226327662,32.81764684161373,34.686274295539164,31.00817256327316,33.3054355461269,,,,,-0.039599629326384306,0.024148658440047654,0.023869474107009125,0.1154854678038891,0.11951633225063897,34.14515194554502,34.127940119059275,33.43520889282227,35.29020004272461,33.35394559587751,35.20442853655134,32.864692718263655,34.68803187779018,30.660726797013055,32.97101196410164,-1.009998321533200
2025-04-07,,,,,,,33.520000457763670,34.299999237060550,32.900001525878906,33.139999389648440,68900,,,,,31.398031234741210,,,0.28118351553691934,0.1953440316575789,0.1721735426974735,0.1337791624940103,,,,,,,,,,,,32.59555858461047,34.40396601098054,33.22256475074653,35.06613836567406,32.77328385389896,34.637953204730074,31.011254450004134,33.30412775042351,,,,,-0.025325413529329956,-0.1370799550614663,-0.14618441582490505,0.06497238323081803,0.06637618263553016,27.9855799140254,27.974238815738282,32.956753158569335,34.78519973754883,33.24341138203939,35.087761833554225,32.8781673794701,34.70225409855918,30.66831681841896,32.97131751832508,-0.380001068115230
2025-04-08,,,,,,,34.110000610351560,34.110000610351560,34.110000610351560,34.110000610351560,800,,,,,32.317043304443360,,,0.4169849096575231,0.2236530362893782,0.18090831532655774,0.13665029831930872,,,,,,,,,,,,32.5027201578881,34.305977544104216,33.14024461926442,34.97921675155383,32.759026336728475,34.62145468615575,31.0215768915412,33.31049828686563,,,,,0.02884955613321825,-0.1885250004774548,-0.20037258644680378,0.014272906489163458,0.013026428819063376,41.05372236941722,41.039654330674054,32.65906867980957,34.47099990844727,33.19089626130604,35.03233337402344,32.90290596371605,34.72836521693638,30.678757463182723,32.974579432654004,0E-15
2025-04-09,,,,,,,35.500000000000000,35.500000000000000,34.500000000000000,34.957000732421875,4100,,,,,33.119525909423830,,,0.4803180251890172,0.23773095303483438,0.1870098917354096,0.13861923733303336,,,,,,,,,,,,32.708322075066675,34.52298527354343,33.13836110018801,34.97719711345093,32.7702919483752,34.631940500101564,31.038161468757664,33.32351411647477,,,,,0.024528267534423758,-0.16266680830661073,-0.17297729629656544,-0.02111503646999138,-0.024174316204062386,49.64632385225069,49.63156413610091,32.50842704772949,34.3120002746582,33.195272627330965,35.036952427455354,32.93902890644376,34.766492207845054,30.693100951966784,32.98200801062205,-0.542999267578125
2025-04-10,,,,,,,34.950000762939450,34.950000762939450,34.599998474121094,34.723999023437500,9900,,,,,32.898769378662110,,,0.4776659773744879,0.23758714350371832,0.18744205078898807,0.13859634920209077,,,,,,,,,,,,32.77180450959849,34.589989856841456,33.11658003459474,34.95417910526788,32.77430686807167,34.63481732895581,31.05286983168181,33.33458514340728,,,,,-0.006687762917759222,-0.15816399571720297,-0.16812952955884697,-0.0485248283194337,-0.052965358875019304,47.591111282708766,47.577601451945114,32.38734474182129,34.184200286865234,33.178534462338405,35.019285656156995,32.96895584227547,34.798079475523934,30.705630635458327,32.98746039375426,-0.226001739501950
2025-04-11,,,,,,,35.000000000000000,35.000000000000000,34.755001068115234,34.944000244140625,6900,,,,,33.107204437255860,,,0.35555736976738034,0.235667243760799,0.18773621578554447,0.13872034258058483,,,,,,,,,,,,32.88360448548428,34.707993319274514,33.115727707563934,34.953253754256316,32.78470991710868,34.64447929505534,31.069109630935362,33.347307792424935,,,,,0.006315663246051423,-0.13620641427681335,-0.14486546075316653,-0.06606114551090962,-0.07134537925064875,49.70805810296996,49.69450317788264,32.568114852905275,34.375,33.18864032200405,35.029952276320685,33.002251428271094,34.83322234380813,30.71884586697533,32.99362706381177,-0.055999755859375
2025-04-14,,,,,,,35.189998626708984,35.189998626708984,34.689998626708984,34.810001373291016,3800,,,,,32.980251312255860,,,0.2571832674195164,0.23521942932823722,0.18794175817657954,0.1387857815295047,,,,,,,,,,,,32.91582009440814,34.74199600394668,33.10341167162684,34.9402308105322,32.790820585707024,34.649651860000205,31.084217470313387,33.358870587530596,,,,,-0.0038419781703176547,-0.12757828592006604,-0.1356771063919524,-0.0783645735927409,-0.08421172467890949,48.42504140575914,48.41217514487671,32.884558868408206,34.70900039672851,33.18367758251372,35.02471433367048,33.0340882861425,34.86682552761502,30.73152192433675,32.9992223013015,-0.379997253417968
2025-04-15,,,,,,,35.000000000000000,35.000000000000000,34.729999542236330,34.729999542236330,600,,,,,32.904453277587890,,,0.2010193608949883,0.23512782727735693,0.18805656801895473,0.13696303746025015,,,,,,,,,,,,32.91203115546806,34.737997183376564,33.085324544896025,34.92111887705076,32.7943716073283,34.652162725070085,31.09860668618117,33.36970955159942,,,,,-0.0023009306509357993,-0.12541103956370847,-0.13331398785813064,-0.08777386678693443,-0.09403217731475372,47.63449689660452,47.62207423347313,33.00204086303711,34.83300018310547,33.17979749043783,35.02061898367746,33.064120459178135,34.898523905920605,30.74648057846796,33.007396909925674,-0.270000457763670
2025-04-16,,,,,,,34.729999542236330,34.729999542236330,34.729999542236330,34.729999542236330,200,,,,,32.904453277587890,,,0.07784167599974579,0.23443785222112032,0.186988733377135,0.13675420348381367,,,,,,,,,,,,32.90950519617467,34.735331302996485,33.068881702413464,34.90374439206762,32.797811659523916,34.65459512560653,31.112882153306916,33.38046283215781,,,,,0,-0.12228386889061937,-0.1299432939885179,-0.09467586720767142,-0.10121440064950656,47.63449689660452,47.62207423347313,32.95902633666992,34.78759994506836,33.18385778154646,35.02490470522926,33.08879885597835,34.924571506560795,30.76225317092169,33.01648421514602,0E-15
2025-04-17,,,,,,,35.173000335693360,35.250000000000000,35.173000335693360,35.250000000000000,1100,,,,,33.397121429443360,,,0.1218325715421034,0.2377479461735994,0.18896301527178475,0.13438294615234214,,,,,,,,,,,,33.07204394059757,34.90688753533099,33.098721677598,34.935222174606935,32.8165400898339,34.673201527931326,31.130939380786256,33.39524178210123,,,,,0.01486170492867515,-0.07913909492305748,-0.08434008371079926,-0.09156851275074862,-0.09783953726176509,53.37254221031583,53.36005587063107,33.05869674682617,34.89280014038086,33.19612929934547,35.03785705566406,33.119026577661906,34.956476241823225,30.783201149531774,33.03124611718314,0.076999664306640
2025-04-21,,,,,,,35.159999847412110,35.240001678466800,35.130001068115234,35.130001068115234,500,,,,,33.283428192138670,,,0.12472292707036324,0.23810885839734572,0.1889745685131195,0.13369474489348251,,,,,,,,,,,,33.142505357777935,34.98125871292574,33.11551317891988,34.95292934674405,32.83113034303092,34.68747651356207,31.14795510261513,33.40895529424363,,,,,-0.0034100902924590563,-0.053503885304145626,-0.0572224966212147,-0.08395558726142803,-0.08971612913365501,51.95761934586978,51.9458264863391,33.09394149780273,34.93000030517578,33.20262591044108,35.0447142464774,33.14908884442042,34.98820640927269,30.80203470351204,33.043666756342326,-0.029998779296876
2025-04-22,,,,,,,35.459999084472656,35.459999084472656,35.275001525878906,35.369998931884766,2500,,,,,33.510814666748050,,,0.12121163762412371,0.239153573674446,0.18585896412883843,0.1327429334908941,,,,,,,,,,,,33.26527512743464,35.11083878591208,33.15144967781335,34.990844763575026,32.85237047814708,34.708805339134656,31.166633834347405,33.42445761548981,,,,,0.006808591378164306,-0.014670496485109652,-0.016179286872883836,-0.07009856910616435,-0.07500876068150078,54.55262528075055,54.54084024143684,33.20005416870117,35.04199981689453,33.22143945239839,35.064571380615234,33.173301121545215,35.01376197451637,30.819753427354115,33.0547778644259,-0.090000152587890
2025-04-23,,,,,,,35.380001068115234,35.380001068115234,35.316001892089844,35.375000000000000,1200,,,,,33.515552520751950,,,0.1153368678350677,0.23594820960730414,0.18585689296132868,0.1327352185129246,,,,,,,,,,,,33.348700925207076,35.19889252394139,33.184549936262314,35.025767966886384,32.87309491697848,34.7296239222867,31.18520236151266,33.43987692287724,,,,,0.00014137284207992005,0.0162996568575835,0.016560398983273217,-0.05281892391341478,-0.05669492874854598,54.607642457895835,54.5958632144313,33.32227401733398,35.170999908447264,33.222567512875514,35.06576192946661,33.19758860270182,35.03939692179362,30.83759712037586,33.06602786079286,-0.005001068115234
2025-04-24,,,,,,,35.400001525878906,35.860000610351560,35.400001525878906,35.860000610351560,1200,,,,,33.975055694580080,,,0.12780233515000566,0.23645282667127213,0.18588823064883828,0.13266183839201606,,,,,,,,,,,,33.55748584833141,35.41926188607811,33.25641409610938,35.101607298110494,32.90753119127854,34.764948193788726,31.207256538058644,33.45900833542645,,,,,0.01361701386798569,0.07703379477495531,0.08071193489311668,-0.026848380175740764,-0.029213556020213447,59.70278209883192,59.69134396437457,33.53639450073242,35.39700012207031,33.22486850193569,35.068190620059056,33.2350348820762,35.07892075795976,30.8556009852697,33.07733739368499,0.459999084472654
2025-04-25,,,,,,,35.674999237060550,35.709999084472656,35.674999237060550,35.709999084472656,500,,,,,33.832939147949220,,,0.11968693694628123,0.2355366976322673,0.18589243704143668,0.13274673974278953,,,,,,,,,,,,33.64930361487068,35.51617428554296,33.30882546445846,35.15691564232524,32.93645018992449,34.7944810341226,31.228012922326556,33.47680272869954,,,,,-0.004191740370771486,0.11240271056559692,0.11808738193307278,0.001001837972526774,0.0002466315704437984,57.551149249630356,57.5405355985143,33.623558044433594,35.488999938964845,33.23190643673851,35.075619107200986,33.267067167494034,35.112730238172745,30.872934719872852,33.08793262451414,0.034999847412106
2025-04-28,,,,,,,35.669998168945310,35.669998168945310,35.229999542236330,35.639999389648440,1300,,,,,33.766620635986330,,,0.11547893841297599,0.2350257459748119,0.178438409362825,0.13277046346257437,,,,,,,,,,,,33.6884092885759,35.557449320244785,33.35044320732463,35.200832346627344,32.962393016363926,34.82090348273278,31.248080967493827,33.49390309756079,,,,,-0.0019620995595573745,0.133542091378132,0.14044039319568213,0.02750988865364782,0.028285383895491466,56.52736799851455,56.517111890032425,33.72019653320312,35.590999603271484,33.22798129490444,35.07147616431827,33.28436155167837,35.13098417009626,30.889934509519545,33.09817071188064,-0.029998779296870
2025-04-29,,,,,,,35.645000457763670,35.700000762939450,35.479999542236330,35.479999542236330,2000,,,,,33.615032196044920,,,0.11910638232093626,0.23504786227940888,0.17786555894140707,0.132669478744318,,,,,,,,,,,,33.66395025773224,35.5316327275753,33.374496751753746,35.2262111825918,32.98278799072896,34.84150023459227,31.266792044399367,33.50960346471238,,,,,-0.00449940567819337,0.13648991200371086,0.1435894552950998,0.04930589332366043,0.05134619817541313,54.155912166926086,54.14650204113319,33.7410400390625,35.612999725341794,33.22392100379581,35.06719044276646,33.30346065097385,35.151142907521084,30.907111311715745,33.1086468999348,-0.165000915527340
2025-04-30,,,,,,,35.680000305175780,35.972000122070310,35.680000305175780,35.972000122070310,300,,,,,34.081172943115234,,,0.1507522822956754,0.2398069169822653,0.17953835272618862,0.13320739531836984,,,,,,,,,,,,33.80302448619324,35.67842185907364,33.438740041877516,35.294010177089845,33.017112520491025,34.876828356075954,31.28904011474495,33.52906905093655,,,,,0.013771765005202222,0.17442903434555035,0.18366823162420332,0.07433052152803842,0.07781060486517118,59.748061315934514,59.73888214777815,33.854164123535156,35.73239974975586,33.23777162461054,35.08180945260184,33.33206421988351,35.18133339049324,30.92541242024255,33.12026198705038,0.291999816894530
2025-05-01,,,,,,,35.759998321533200,36.206001281738280,35.759998321533200,35.944000244140625,1700,,,,,34.054641723632810,,,0.12059358396862062,0.2398419979622528,0.17920746269025678,0.13293266580392135,,,,,,,,,,,,33.88689689867309,35.7669479874293,33.49473110385527,35.35310018318537,33.049535308089204,34.910177477577975,31.310902578056314,33.54815941610022,,,,,-0.000778774597562107,0.20004917212651208,0.21074228855289334,0.09947425164773314,0.1043969416027156,59.30464775735758,59.29565911796498,33.8700813293457,35.74919967651367,33.24963714962914,35.09433328537714,33.35693816533164,35.20758734809028,30.94454604860336,33.1328175484188,0.184001922607425
2025-05-02,,,,,,,36.057998657226560,36.057998657226560,36.057998657226560,36.057998657226560,200,,,,,34.162651062011720,,,0.11380465105664793,0.23997816163712257,0.179074793089098,0.1329517531576866,,,,,,,,,,,,33.978814953119304,35.86396487736172,33.555451100051314,35.41718186264366,33.084320175399284,34.946046889441995,31.333446044332643,33.56800004251229,,,,,0.0031666289946140533,0.22645829655917993,0.23864642549758486,0.1248710606300225,0.13124683838168946,60.58701740168972,60.57807933887367,33.9360237121582,35.818799591064455,33.26344272068569,35.108904702322825,33.385256055801634,35.23747622777545,30.963895941537523,33.145587383754666,0E-15
2025-05-05,,,,,,,36.060001373291016,36.490001678466800,36.060001373291016,36.255001068115234,2900,,,,,34.349296569824220,,,0.10989155983751674,0.23691085746307172,0.17739899596037126,0.13299658520574698,,,,,,,,,,,,34.10230882535428,35.994310274279556,33.627618870030666,35.49334724495926,33.12385068772507,34.986951707525535,31.357286759949176,33.58924115733919,,,,,0.005448567031223806,0.2594575850249825,0.27350431570465616,0.1517883655090145,0.1596983338462828,62.77024738433999,62.76150860758481,34.05255889892578,35.94179992675781,33.30368632362003,35.15138099307106,33.40940823630681,35.262968335832866,30.98430498062618,33.15949611815195,0.194999694824218
2025-05-06,,,,,,,36.490001678466800,36.560001373291016,36.150001525878906,36.335998535156250,1600,,,,,34.426036834716800,,,0.0874162546816207,0.18474485249457695,0.17737009381513955,0.13300316024566286,,,,,,,,,,,,34.21021816180845,36.10820636123846,33.70020232136577,35.569951907704436,33.16454400481856,35.02910942088899,31.381545653820858,33.61095465439703,,,,,0.002231622674637849,0.28847667734689253,0.3041591066484628,0.1791260278765901,0.1885904884067188,63.66153365155847,63.65287447345018,34.214759826660156,36.112999725341794,33.4095283689953,35.26309512910389,33.43325960068476,35.288142915755984,31.004841607714457,33.17352786139836,-0.154003143310550
2025-05-07,,,,,,,36.720001220703125,36.740001678466800,36.525001525878906,36.542999267578125,9400,,,,,34.622154235839844,,,0.041974763306312945,0.15295679003353435,0.1776404486288841,0.1330574262135675,,,,,,,,,,,,34.34753018648558,36.25313733001835,33.7840161317725,35.658410758602045,33.21009432453797,35.07641847859803,31.40716311296725,33.63413287268305,,,,,0.005680610178587361,0.32356964290410417,0.34122307129450746,0.20801475088209292,0.21911700498427653,65.90779204247944,65.89939859768155,34.32295608520508,36.22719955444336,33.563058035714285,35.425142742338636,33.46025391230508,35.31663495018368,31.025696428995285,33.18786515886821,-0.177001953125000
2025-05-08,,,,,,,36.380001068115234,36.580001831054690,36.380001068115234,36.561000823974610,10400,,,,,34.639213562011720,,,0.034842853754923436,0.12552150517421304,0.17700775748025563,0.133051507938909,,,,,,,,,,,,34.44475797832763,36.35575849467043,33.86176135270334,35.74046440090864,33.254754300709024,35.12281167689105,31.43271291888855,33.65727016874069,,,,,0.000492607266048596,0.3487375861788351,0.3678092296181248,0.23615931794144135,0.2488554499110462,66.10406980641507,66.09565293224492,34.43987045288086,36.350599670410155,33.67363757178897,35.541857038225444,33.490947874765546,35.349031781393386,31.046689722273086,33.20235325798156,0.180999755859376
2025-05-09,,,,,,,36.340000152587890,36.340000152587890,36.330001831054690,36.330001831054690,3400,,,,,34.420352935791016,,,0.07779248138995559,0.10334334518075453,0.17756849729135277,0.1332202076991144,,,,,,,,,,,,34.436622964148754,36.347172940131856,33.912542405711314,35.7940587127401,33.29117925805534,35.16053636920866,31.45633062653205,33.67839848227676,,,,,-0.006338335730653397,0.34702287541431787,0.36602001257756456,0.2583320294360167,0.27228836244434984,61.233336561572855,61.22620968835746,34.49141082763672,36.40500030517578,33.735581715901695,35.60723804292225,33.51861896212139,35.37823813302176,31.0669737619067,33.21610325858707,-0.009998321533200
2025-05-12,,,,,,,36.784999847412110,36.950000762939450,36.733001708984375,36.810001373291016,1200,,,,,34.875122070312500,,,0.11330827818829067,0.10552513186595948,0.1785392309864611,0.13375588213866726,,,,,,,,,,,,34.58278933287001,36.50144908451824,34.00004964794778,35.88641713642655,33.340677470938374,35.212082150586234,31.483356645850474,33.70315423635593,,,,,0.013125695828739667,0.37800264408868145,0.39873759789423957,0.2822661523665496,0.2975782095343278,66.72053330359886,66.71384738977937,34.59657592773438,36.51600036621094,33.82969374883743,35.706571488153365,33.54884668380495,35.410142928834944,31.089398641434926,33.23213500825186,0.025001525878906
2025-05-13,,,,,,,37.060001373291016,37.060001373291016,36.650001525878906,36.790000915527344,3200,,,,,34.856174468994140,,,0.1162282553498431,0.10530262356089351,0.17854323435286376,0.1335490638024872,,,,,,,,,,,,34.67391771157805,36.59763302818794,34.077879177133816,35.9685611163448,33.38803675212762,35.261392111990645,31.510019237337776,33.7275561863889,,,,,-0.0005434461346635337,0.3964553306191121,0.4182315373618337,0.3051039880170621,0.321708875099829,66.29946738768585,66.29283241350886,34.682603454589845,36.60680084228515,33.91297803606306,35.794476282028924,33.57764577108716,35.44053976876395,31.110792833661275,33.24701596063281,-0.270000457763672
2025-05-14,,,,,,,37.040000915527344,37.040000915527344,36.930000305175780,36.933998107910156,1200,,,,,34.992599487304690,,,0.11381082344604612,0.10286033667528786,0.1786337562148896,0.13351797831769388,,,,,,,,,,,,34.7801449701536,36.70975472142868,34.161035568967534,36.05632811557802,33.4381793376019,35.31366104936313,31.53754951599364,33.75290355335745,,,,,0.003906301687523739,0.417277461633617,0.44022535101100146,0.32753868274037307,0.3454121702820635,67.87165165118537,67.86520638014717,34.756692504882814,36.685000610351565,34.00880413963681,35.89561898367746,33.607557599506684,35.47211117214627,31.133153075263614,33.26294453181918,-0.106002807617188
2025-05-15,,,,,,,36.981998443603516,37.209999084472656,36.981998443603516,37.209999084472656,1200,,,,,35.254096984863280,,,0.11813551870173859,0.1022853156357011,0.17835172412562847,0.13289339785194587,,,,,,,,,,,,34.93812897505683,36.87650284244334,34.26040478859442,36.16120729456844,33.49492676407882,35.3729216129603,31.566929337881938,33.78023237178524,,,,,0.007445153113164662,0.4496959975711974,0.4744573301939923,0.35197014570653795,0.37122120226444927,70.69382697084141,70.6876513300895,34.879669189453125,36.81480026245117,34.12069193522135,36.01371419997442,33.63680785042899,35.50298418317522,31.154763872661288,33.27796437248351,0.228000640869140
2025-05-16,,,,,,,37.209999084472656,37.270000457763670,36.909999847412110,36.909999847412110,13900,,,,,34.969867706298830,,,0.12764535909037789,0.10917252296390136,0.17921957717329284,0.13311685795889683,,,,,,,,,,,,34.94870855213749,36.88766851076626,34.32490141747664,36.229279344826956,33.54101866852319,35.42095530778692,31.593830036446498,33.80497361665186,,,,,-0.00809498101997298,0.4472968340177701,0.47193877269214113,0.3710354833687844,0.3913647163499876,64.10272486766956,64.09763919926061,34.98957214355469,36.930799865722655,34.21904500325521,36.11752373831613,33.66034338209364,35.527825431218226,31.17468055846199,33.29115881995549,-0.299999237060546
2025-05-19,,,,,,,36.856998443603516,36.856998443603516,36.846000671386720,36.846000671386720,700,,,,,34.909229278564450,,,0.09369137099140498,0.10109820872558585,0.17927839363837175,0.13310765100099553,,,,,,,,,,,,34.93554879427981,36.873779230973085,34.37802213212098,36.28534491996875,33.58377525008699,35.46548797539941,31.62003872610751,33.82901335621498,,,,,-0.0017355245150916917,0.43548249416071627,0.4594819768730858,0.38392488552717075,0.4049881684546073,62.75837581612337,62.75357488928315,34.99639358520508,36.9379997253418,34.291050138927645,36.19352377028692,33.68216447981577,35.55085718064081,31.193949638851105,33.30364294657632,-0.010997772216796
2025-05-20,,,,,,,36.930000305175780,36.930000305175780,36.652999877929690,36.770000457763670,2200,,,,,34.837226867675780,,,0.09505970194219919,0.10027692388541885,0.17918083189941306,0.13301240896604713,,,,,,,,,,,,34.90277481874514,36.83918630656994,34.41976801717142,36.329404514313744,33.622945613136636,35.5062539904733,31.64547104343216,33.852262266108646,,,,,-0.002064690894581046,0.4155196994535473,0.4384234220606089,0.3902438483124461,0.41167521917580757,61.11930487753929,61.11468893101799,34.9926040649414,36.933999633789064,34.365040552048455,36.2716189793178,33.7004214392768,35.57012703305199,31.21353814715431,33.316504062168185,-0.159999847412110
2025-05-21,,,,,,,36.790000915527344,36.880001068115234,36.770000457763670,36.880001068115234,700,,,,,34.941440582275390,,,0.09281089248232205,0.09891542562841651,0.17899017656194877,0.1330254018740687,,,,,,,,,,,,34.91566340658855,36.85279122708504,34.46719279581723,36.37945874647752,33.66414858092222,35.549183586649605,31.671526138600882,33.87619696019565,,,,,0.002986981434053502,0.4034574107541218,0.42570325347990234,0.3928865608007812,0.41448082603662656,62.64017930986382,62.635699003850256,34.98237228393555,36.92320022583008,34.433165595644994,36.343523842947825,33.717490332467214,35.58814293997629,31.233642827896844,33.32991676481943,0.090000152587890
2025-05-22,,,,,,,36.904998779296875,37.049999237060550,36.709999084472656,36.709999084472656,2900,,,,,34.780376434326170,,,0.06471097749319465,0.10138165504400037,0.17911057714089781,0.13311203004113126,,,,,,,,,,,,34.87056774916776,36.805193846214245,34.495664035681685,36.40950786811344,33.699030701341094,35.585459070956574,31.696102030266694,33.898598558016026,,,,,-0.004620201863660529,0.37656067235544555,0.39732457850666236,0.38962138311171407,0.4110495765306337,58.81124100590753,58.807265770941775,34.887628173828126,36.82320022583008,34.4933953058152,36.40709522792271,33.733852356199236,35.60541274055602,31.25328530962505,33.34285326609536,-0.194999694824219
2025-05-23,,,,,,,36.689998626708984,36.830001831054690,36.689998626708984,36.830001831054690,5100,,,,,34.894073486328125,,,0.05456148893352733,0.09204366154329212,0.17919227920078473,0.13312456526790872,,,,,,,,,,,,34.87840299488788,36.813463174494395,34.53188307664954,36.447734592017184,33.73637578837194,35.624351032209645,31.721382437033977,33.92177170641949,,,,,0.0032636684768106348,0.36026628975430697,0.3801355271466349,0.38375036444023264,0.4048667666538339,60.64023742218516,60.636280319794416,34.87246932983398,36.8072006225586,34.5371580578032,36.45328576224191,33.75138749016656,35.62392068287683,31.273078161572652,33.35592867079235,0.140003204345706
2025-05-27,,,,,,,36.889999389648440,37.200000762939450,36.889999389648440,37.087001800537110,500,,,,,35.137565612792970,,,0.07319389655447409,0.09180639402602739,0.17961833714203423,0.13327108464667306,,,,,,,,,,,,34.964790534189575,36.90464271650863,34.58694512538985,36.50584979279173,33.7801629703851,35.67005886871988,31.748387837632862,33.946793288191174,,,,,0.006953802903251653,0.36281831017220156,0.38283771493271246,0.3795639535866264,0.40046095630960965,64.29671355846185,64.2928839358597,34.91813659667969,36.85540084838867,34.59928312755766,36.51885732014974,33.77341918339805,35.647174653552824,31.29389033998762,33.37008343802558,0.197002410888670
2025-05-28,,,,,,,37.630001068115234,37.630001068115234,36.950000762939450,36.950000762939450,1700,,,,,35.007762908935550,,,0.0786561903125195,0.0928957823806582,0.1798202566298402,0.13329084227742424,,,,,,,,,,,,34.9791146591049,36.919762065318906,34.62520128753037,36.54622715371425,33.8185254684648,35.71005705291424,31.7741536484732,33.970534058742544,,,,,-0.0037009692520871508,0.35032844312441114,0.3696631329632183,0.3737168514941834,0.3943013916403314,61.041219017570285,61.03784339081677,34.95224380493164,36.89140090942383,34.65838514055525,36.581238337925505,33.79352590772841,35.668396904355006,31.31454839403667,33.38409931697543,-0.680000305175784
2025-05-29,,,,,,,37.110000610351560,37.279998779296875,37.069999694824220,37.119998931884766,62600,,,,,35.168827056884766,,,0.08199062133136778,0.09053577383999566,0.17979969058918713,0.13333328449367052,,,,,,,,,,,,35.04235212503152,36.986507687507526,34.674621812017136,36.59838822445702,33.86072239310292,35.75411773663207,31.800989011385543,33.99543101426145,,,,,0.004590260964119891,0.3493990098820703,0.3686895892509767,0.36885328317176075,0.38917903116246044,63.51010286906173,63.50678432374195,34.997721099853514,36.93940048217773,34.73237537202381,36.65933354695638,33.818069003877184,35.69430166577536,31.335523559933616,33.398428682296995,0.009998321533206
2025-05-30,,,,,,,37.080001831054690,37.110000610351560,37.060001373291016,37.080001831054690,130600,,,,,35.130931854248050,,,0.06865705385890071,0.08058874497186816,0.1658159286591281,0.13282760629672558,,,,,,,,,,,,35.07187870143703,37.017672402023244,34.716104543129035,36.642171279602266,33.900416438763706,35.79555161458278,31.8273126702224,34.01981497328749,,,,,-0.0010781034499737848,0.3416660872182504,0.3605345986495152,0.3634158439810587,0.3834501446598714,62.50643489487178,62.50323400355333,35.06783218383789,37.01340103149414,34.78236389160156,36.71209553309849,33.82303180391826,35.699539790077814,31.357650650872124,33.414059646545894,0E-15
2025-06-02,,,,,,,37.430000305175780,37.729999542236330,37.400001525878906,37.709999084472656,5200,,,,,35.727813720703125,,,0.127148120073771,0.09609984184697902,0.1610145113090872,0.13380664237143677,,,,,,,,,,,,35.290523707859066,37.24844796283972,34.80807810472668,36.73924653459048,33.957522603824316,35.855378098016836,31.85814667062146,34.04898638918618,,,,,0.01684748945769206,0.37932840681745716,0.4002928957597831,0.3665983565483384,0.3868186948798537,70.43240004905182,70.42955588790318,35.23458023071289,37.18940048217773,34.86203874860491,36.79619071597145,33.85116913205101,35.72923817710271,31.382011822291783,33.43203979825217,0.279998779296876
2025-06-03,,,,,,,37.509998321533200,37.543998718261720,37.419998168945310,37.476001739501950,1100,,,,,35.506114959716800,,,0.14565210237768697,0.10042220508714249,0.1614208176192121,0.13397898431920324,,,,-0.2772097335674651,,,,,,,,35.36238745847831,37.32429922172713,34.871536000634876,36.80622428049153,34.005916114945954,35.90602258681324,31.886984364606402,34.07607741962346,,,,,-0.006224547231983897,0.3868277200792605,0.4082143614666336,0.3706442292545228,0.39109782819720973,64.94110639555167,64.93871871900869,35.30829010009766,37.2672004699707,34.9260132199242,36.86371467227028,33.87757707020593,35.75711120121063,31.405592335595024,33.449202499692404,-0.033996582031250
2025-06-04,,,,,,,37.569999694824220,37.575000762939450,37.569999694824220,37.575000762939450,500,,,,,35.599910736083984,,,0.13644392992860802,0.09961728997234875,0.16144071493839796,0.13392007637104217,,,,-0.2768068409167743,,,,,,,,35.44156188434687,37.40786640213123,34.9377518856757,36.87611305162315,34.05572844685652,35.95817815481718,31.916335561218872,34.103736892693156,,,,,0.002638196407450077,0.3957772414609053,0.4176659804973113,0.3756708316957993,0.39641145865723004,66.14377350070353,66.14141798329867,35.426719665527344,37.3922004699707,34.98556627546038,36.92657180059524,33.904315797109454,35.785333421495224,31.42997326169695,33.46723822184971,0.005001068115230
2025-06-05,,,,,,,37.709999084472656,37.709999084472656,37.543998718261720,37.543998718261720,4500,,,,,35.570541381835940,,,0.13875148953402036,0.09997507646091916,0.160638977017189,0.13364761663157496,,,,-0.29034209902682745,,,,,,,,35.48455505017656,37.453243840841395,34.99527820350845,36.93682993040848,34.103066351074624,36.00773504742483,31.945222563753397,34.13093263834982,,,,,-0.000825324415994706,0.3959358383132354,0.41783827126788253,0.3797238330192865,0.4006968211793605,65.38739864262118,65.38501781056885,35.50706253051758,37.4770004272461,35.04006649198986,36.98409561883835,33.93451348562089,35.817206428164525,31.455157741667733,33.486182659391375,-0.166000366210936
2025-06-06,,,,,,,37.500000000000000,37.759998321533200,37.490001678466800,37.625000000000000,26400,,,,,35.647285461425780,,,0.13569907036674111,0.09888299861684557,0.16065443080347933,0.1334635360673378,,,,-0.2446327122717518,,,,,,,,35.53879852059296,37.510495893894266,35.05455159059184,36.999390845825886,34.1513231982731,36.058274577192805,31.974487883102583,34.158553724212666,,,,,0.0021551937961881793,0.3976700406199356,0.4196732079217469,0.3833130745394163,0.4044920985278378,66.46649983130611,66.46414765470219,35.61033325195312,37.58600006103516,35.08888226463681,37.0356194632394,33.965117227463494,35.84950801304409,31.479726662711492,33.50441679121956,0.125000000000000
2025-06-09,,,,,,,39.400001525878906,39.400001525878906,37.509998321533200,37.641998291015625,1300,,,,,35.663383483886720,,,0.05645130650075523,0.09888780011869974,0.15941923093794744,0.13334617468524412,,,,-0.28820351394453264,,,,,,,,35.580326841690884,37.554330026268055,35.10989994452774,37.0578097044795,34.19857508219852,36.10776594324977,32.003649113148306,34.18609083541269,,,,,0.000451489881457635,0.39578106654804657,0.4176842247210715,0.3858066729411424,0.40713052376648456,66.70101517059442,66.69876922024704,35.59744720458984,37.57239990234375,35.137652260916575,37.08709553309849,34.00072869800386,35.88709531511579,31.503616295163592,33.52188503174555,-1.758003234863281
2025-06-10,,,,,,,37.951999664306640,37.951999664306640,37.951999664306640,37.951999664306640,200,,,,,35.957096099853516,,,0.054934510684880554,0.09739077805023953,0.15788546617537727,0.13338063616505158,,,,,,,,,,,,35.70591659441176,37.68688657228091,35.186917776830086,37.13909970082742,34.253528864000245,36.16539824703279,32.03490165849776,34.215860865680625,,,,,0.00820196302034775,0.4132208417933825,0.4360954246443782,0.3912895067115904,0.4129235039420633,70.72392236400091,70.72174004413074,35.687643432617186,37.667599487304685,35.21083050682431,37.16433352515811,34.047228283352325,35.93617466517857,31.52937922402034,33.54137709027245,0E-15
2025-06-11,,,,,,,38.095001220703125,38.095001220703125,37.150001525878906,37.150001525878906,900,,,,,35.197250366210940,,,0.1780331865793541,0.1189793232649597,0.16387658876308783,0.13518344188575562,,,,,,,,,,,,35.536361185011486,37.50792489014691,35.18785710313743,37.1400907758321,34.283020160944325,36.19616709949673,32.0599004625113,34.23905565350828,,,,,-0.021358487766801815,0.3615609394665995,0.3815733460243109,0.3853437932625922,0.4066534723585128,52.91384357819558,52.91268660882073,35.60711135864258,37.58259963989258,35.22616994948614,37.180524008614675,34.07813272022066,35.96879371764168,31.55233923594157,33.55792471719167,-0.944999694824219
2025-06-12,,,,,,,37.240001678466800,37.575000762939450,37.240001678466800,37.540000915527344,7400,,,,,35.566749572753906,,,0.2003845860960026,0.12382603842149194,0.16323364088237644,0.13547986726156494,,,,,,,,,,,,35.54649064759229,37.51861689860706,35.222301873102566,37.17644624307712,34.323136705063376,36.23816190624769,32.087622589865,34.26515008245705,,,,,0.010443235685478327,0.34644202461038986,0.36561926598310635,0.37756343953215177,0.39844663108343154,58.399971100997035,58.39884719141759,35.606352996826175,37.581800079345705,35.26000685918899,37.21623829432896,34.12054173908536,36.013555617559526,31.576234681265696,33.575424716586156,0.299999237060544
2025-06-13,,,,,,,36.340000152587890,37.369998931884766,35.930000305175780,36.778999328613280,24400,,,,,34.845748901367190,,,0.24447726962035926,0.14373316452458373,0.1686291440588807,0.13707571530398016,,,,,,,,,,,,35.31291006551726,37.27207770860913,35.18806978476299,37.140314705398595,34.33946833619787,36.25506307569662,32.1094259599164,34.28502240851362,,,,,-0.020480053620239354,0.27313294061401905,0.28824635000346177,0.3566773397485252,0.37640657486743756,46.91369737201832,46.91297676012398,35.44604568481445,37.41259994506836,35.253013974144345,37.20885740007673,34.14849856543162,36.043063572474885,31.597646834358336,33.59617471694946,0.438999176025390
2025-06-16,,,,,,,35.599998474121094,36.119998931884766,35.599998474121094,36.119998931884766,15300,,,,,34.992034912109375,,,0.2506552501948405,0.14198290121133084,0.16858127054844055,0.13707847937689907,,,,,,,,,,,,35.205951681047964,36.88805144970101,35.17024843270357,37.047558725988246,34.359861041695105,36.2508423212025,32.13221338246338,34.299528151781374,,,,,0.004189314628896814,0.22425396180867097,0.17177185312934284,0.33019266416055437,0.3354796305198186,49.10109037872014,39.64189762464498,35.31177597045898,37.10820007324219,35.24053482782273,37.15695263090588,34.1803414178273,36.06376193818592,31.619161651248024,33.61379772519309,0.520000457763672
2025-06-17,,,,,,,36.090000152587890,36.090000152587890,35.830001831054690,35.930000305175780,1400,,,,,34.807968139648440,,,0.22715720691107733,0.14037254760747436,0.16861162436486818,0.1371358206371289,,,,,,,,,,,,35.07329050058146,36.5687010681926,35.13731386060765,36.94596250591439,34.37386438850615,36.24081600820166,32.15336559398263,34.31241725971335,,,,,-0.005274131549769183,0.16871947563313938,0.06340280583375346,0.29789802645507135,0.2810642655826056,46.50453873017295,37.82178856234026,35.08195037841797,36.703800201416016,35.2328253246489,37.11028598603748,34.21190936981686,36.08423814319429,31.640386838761586,33.63113899836465,-0.159999847412110
2025-06-18,,,,,,,35.294998168945310,35.379001617431640,35.294998168945310,35.369998931884766,7500,,,,,34.265457153320310,,,0.2064674349634593,0.15026878120671971,0.17088265101826072,0.1381088003131579,,,,,,,,,,,,34.804012718161076,36.16913368942332,35.058054159945165,36.80269309009351,34.37047666240659,36.213602974566754,32.17006196994577,34.32077758913763,,,,,-0.01570856345312772,0.08000959182120226,-0.06689673172114396,0.2543203395282975,0.21147206612185568,39.82061328259844,33.01091587886421,34.895591735839844,36.347799682617186,35.20216950916109,37.04000018891834,34.22978298247806,36.09046033828977,31.659440676371258,33.64623819835602,0.075000762939456
2025-06-20,,,,,,,35.490001678466800,35.680000305175780,35.490001678466800,35.560001373291016,1000,,,,,34.449523925781250,,,0.18385218429783748,0.15172793299274606,0.17115349087987528,0.1381429933807562,,,,,,,,,,,,34.6858497873678,35.96608958404589,35.00273322956662,36.689721115838736,34.372946889387045,36.19317792452689,32.188081432047234,34.33057382458548,,,,,0.005357411435613824,0.024279145135551516,-0.15306401816371107,0.20831210064974834,0.13856484926474233,42.82327938955307,35.98608045020871,34.67214660644531,35.95179977416992,35.18370746430897,36.982381184895836,34.2504579755995,36.099571470230345,31.67872859561254,33.661559634738495,0.069999694824216
2025-06-23,,,,,,,36.027000427246094,36.027000427246094,36.027000427246094,36.027000427246094,200,,,,,34.901939392089844,,,0.17579509787082284,0.15851884864243418,0.17291497646674014,0.13870224214093885,,,,,,,,,,,,34.757879655608484,35.98639319844595,34.99357015343237,36.629473780512136,34.38947790509651,36.18798487773687,32.20953485465627,34.343984311563034,,,,,0.013047219554828628,0.016429127008905198,-0.18157619533836566,0.16993550592157972,0.07453664034412073,49.4936775886103,42.71977166114281,34.68338470458984,35.80139999389648,35.18182645525251,36.94176210675921,34.27881050109863,36.11661911010742,31.699752542707657,33.678670746939524,0E-15
2025-06-24,,,,,,,36.720001220703125,37.009998321533200,36.720001220703125,37.006999969482420,2600,,,,,35.851337432861330,,,0.2603730784227656,0.18271289352129555,0.1794097544408713,0.14114198866036756,,,,,,,,,,,,35.12236558135943,36.32659545545811,35.071548997016826,36.663794343145796,34.43516101533916,36.213579099353915,32.23832380784366,34.36503581874027,,,,,0.026838475067380466,0.08582705763208054,-0.1236689496376897,0.15311381626367987,0.03489552234775865,60.031405209788126,53.72132991546498,34.855245208740236,35.978800201416014,35.2328245980399,36.955905006045384,34.31626247224354,36.142920721144904,31.72465507567875,33.69978979655674,0.286998748779295
2025-06-25,,,,,,,37.105998992919920,37.105998992919920,37.105998992919920,37.105998992919920,200,,,,,35.947242736816406,,,0.24665398077090023,0.18265009725772466,0.17783000975404573,0.14113515859200162,,,,,,,,,,,,35.39732463317842,36.58639663461204,35.15115751881679,36.703994765852535,34.482413569135325,36.241467221027854,32.26764332506874,34.38670351181678,,,,,0.002671511352115468,0.14687113512948713,-0.06899333418900966,0.15186528003684133,0.014117751040404983,60.91846284298511,54.66852414137935,35.083100128173825,36.21399993896485,35.28297551472982,36.96904772803897,34.348334024822904,36.16350803677998,31.750123387291318,33.721500109112455,0E-15
2025-06-26,,,,,,,37.220001220703125,37.220001220703125,37.020000457763670,37.145000457763670,2000,,,,,35.985027313232420,,,0.16799221298679196,0.18153627706483527,0.17707313121418924,0.14102219940487865,,,,,,,,,,,,35.59322552652976,36.77259790899592,35.226963863763665,36.74408619238991,34.52937024863836,36.269702634675845,32.297029759757784,34.40850823075707,,,,,0.0010505599187927049,0.1960381006876588,-0.022258836750921773,0.16069984416700483,0.006842433482139631,61.283041138298685,55.05876956799537,35.42701416015625,36.569000244140625,35.323330833798366,36.971809568859285,34.38484013269818,36.188761998736666,31.776308362446134,33.74397233175853,-0.075000762939455
2025-06-27,,,,,,,37.319999694824220,37.319999694824220,37.215000152587890,37.215000152587890,600,,,,,36.052841186523440,,,0.17541905358160617,0.1806906360060925,0.17691321815507,0.14083022795945233,,,,,,,,,,,,35.74643074652765,36.92006532352658,35.302043620378186,36.78689655240791,34.57697871544727,36.299243182110594,32.326719968665024,34.43069393764902,,,,,0.0018827290350136748,0.2377348288298009,0.02019419344154727,0.17610684109956404,0.00951278547402116,61.96876347255076,55.79432582306771,35.747677612304685,36.9,35.37309646606445,36.98442858741397,34.419820967174715,36.21238102988591,31.80352919442313,33.767543762449236,-0.104999542236330
2025-06-30,,,,,,,38.069999694824220,38.130001068115234,37.680000305175780,37.900001525878906,127700,,,,,36.716449737548830,,,0.18631676482155388,0.1896883523175358,0.17987278143558336,0.1414243549103639,,,,,,,,,,,,36.06977041020138,37.24671072431069,35.43062599466643,36.888087913632546,34.64383718488794,36.349266880353355,32.36142138976292,34.45811929407771,,,,,0.01823920335909541,0.320631411030611,0.10786896546807156,0.20501175508577343,0.02918402147283124,67.95072219460585,62.29744477534223,36.11057968139649,37.274600219726565,35.44679278419132,37.021571568080354,34.46769638667031,36.2493651859344,31.834613149128263,33.79515090821281,-0.169998168945314
2025-07-01,,,,,,,38.229999542236330,38.770000457763670,37.979999542236330,38.125999450683594,5800,,,,,36.935390472412110,,,0.11289887222915501,0.18978894345419464,0.18008891541970395,0.14131416300907237,,,,,,,,,,,,36.35831043093829,37.53980696643499,35.56742276537058,37.00062532609173,34.71544822512307,36.40478977317618,32.39757924812378,34.48711439412993,,,,,0.005945306434731227,0.39939031427068983,0.19335907469871216,0.2438874669227567,0.062019032118007425,69.64702548443277,64.17021941962562,36.32739028930664,37.498400115966795,35.53271938505627,37.071380978538876,34.51761830042279,36.288428654746404,31.865595454261417,33.82261519205002,-0.104000091552736
2025-07-02,,,,,,,37.990001678466800,38.000000000000000,37.799999237060550,37.944999694824220,2700,,,,,36.760044097900390,,,0.13640134625361983,0.18370458520236482,0.1805028735345765,0.14142180239902477,,,,,,,,,,,,36.49222165325899,37.6748712092314,35.675842886509656,37.08647754143105,34.77934184614736,36.45292133322768,32.432065136264306,34.5144494557955,,,,,-0.004758685702268974,0.442556806144232,0.24369625582568943,0.28362133476705176,0.09835447685954382,66.60644560051993,61.5339618772464,36.489950561523436,37.66620025634766,35.58187321254185,37.082571483793714,34.56451637025864,36.3243651617141,31.8959412044949,33.849424717918275,-0.045001983642580
2025-07-03,,,,,,,38.209999084472656,38.209999084472656,38.104999542236330,38.187000274658200,400,,,,,36.994487762451170,,,0.1331805339515862,0.18232779433515586,0.18077894672456363,0.1414926192367765,,,,,,,,,,,,36.659643689656384,37.845580897707,35.795719693413425,37.186525062633514,34.84856515603185,36.50711130014738,32.4681317182895,34.543481478079,,,,,0.006357425049272511,0.49003538348915754,0.29966194249795564,0.3249041445114729,0.1386159699872262,68.58144276561644,63.6822678371858,36.69184265136719,37.87460021972656,35.652748107910156,37.116428556896395,34.61406801617335,36.363015977163165,31.92746175281585,33.87745646824912,-0.022998809814456
2025-07-07,,,,,,,38.299999237060550,38.299999237060550,38.200000762939450,38.297000885009766,900,,,,,37.101051330566406,,,0.13164260877304318,0.1823408994304145,0.17904944346163254,0.14143711278170726,,,,,,,,,,,,36.80677956995972,37.99605422680792,35.91438620588188,37.287477410122264,34.91895534898606,36.56304534967433,32.504755588742285,34.573153568252366,,,,,0.002876384810518218,0.5301500477145851,0.348869729263555,0.36595332515209533,0.18066672184249194,69.46543905993292,64.6487347911955,36.901484680175784,38.091000366210935,35.7242309933617,37.15080951509022,34.6711611974807,36.40958743625217,31.958786570836626,33.905262023683576,-0.002998352050784
2025-07-08,,,,,,,38.490001678466800,38.490001678466800,38.319999694824220,38.380001068115234,1200,,,,,37.181461334228516,,,0.07085564326516425,0.18205797559321257,0.15824659771403823,0.1414313163738931,,,,,,,,,,,,36.931673491382654,38.124036507243694,36.029574853913395,37.386797742667085,34.98965866102489,36.61982521587561,32.54172559463545,34.60324722437777,,,,,0.00216497886743983,0.5619517929387285,0.3900682123702168,0.405153018709422,0.2225470199480369,70.14797267966715,65.39699178081248,36.99448699951172,38.1870002746582,35.800941467285156,37.190619150797524,34.75017877609011,36.47926996624659,31.990115634978764,33.93305964696975,-0.110000610351566
2025-07-09,,,,,,,38.549999237060550,38.634998321533200,38.509998321533200,38.509998321533200,3200,,,,,37.307399749755860,,,0.0651485835437695,0.18211142721512033,0.14797290307390706,0.1413422448863363,,,,,,,,,,,,37.056915577507056,38.25269044534019,36.145740753535435,37.48890688620037,35.06208807004773,36.67889312542741,32.57939890811467,34.634130632260415,,,,,0.0033814058556395224,0.5905100504875875,0.4282711556766401,0.4422244250650551,0.26369184709375754,71.23256454451617,66.58978430807878,37.06888885498047,38.263800048828124,35.87999452863421,37.232761928013396,34.843978276328436,36.56450804453048,32.02118511805459,33.96055964061192,-0.040000915527350
2025-07-10,,,,,,,38.840000152587890,39.005001068115234,38.840000152587890,38.948001861572266,2200,,,,,37.731723785400390,,,0.05970492332264311,0.1846883357196313,0.1392961128646811,0.1413048771648001,,,,,,,,,,,,37.28185164680483,38.48446091741755,36.28992102915952,37.621551883961445,35.145514186152504,36.74980277343194,32.620128749041825,34.66823238110873,,,,,0.011309528641160006,0.6400045052512056,0.48826210698049977,0.4817804411022852,0.30860589907110597,74.5832701784182,70.30407613090308,37.26322479248047,38.46440048217774,35.97848692394438,37.29495257423038,34.929925585549974,36.641301715184774,32.05254938488915,33.988309648301865,0.108001708984376
2025-07-11,,,,,,,38.990001678466800,39.088001251220700,38.810001373291016,38.985000610351560,15000,,,,,37.767566680908200,,,0.06528570013941361,0.1836643591219705,0.13189820011137593,0.1412414282778759,,,,,,,,,,,,37.443756658172624,38.651307481728885,36.424252452045764,37.74550176817873,35.22745332661362,36.81965270583567,32.66081995798939,34.70235703114227,,,,,0.0009494896701472659,0.6743479756592095,0.5326507911584528,0.52029394801367,0.35341487748857536,74.84975196883131,70.60139167488535,37.417840576171876,38.624000549316406,36.06469980875651,37.34414309547061,35.00370401049417,36.705238221183656,32.083444716438414,34.01555171845451,-0.005001068115240
2025-07-14,,,,,,,39.209999084472656,40.099998474121094,39.069999694824220,39.158000946044920,24300,,,,,37.935165405273440,,,0.06432132194980676,0.16221176334169457,0.13076200359275134,0.1412774823608876,,,,,,,,,,,,37.6075595738729,38.82020530316756,36.56160817506646,37.87391078434838,35.31206932907174,36.892726088342215,32.7025143884027,34.737579512683006,,,,,0.004427819011786353,0.7069400746386734,0.575158752365617,0.5576231733386707,0.3977636524639837,76.11099349082752,72.01240447888809,37.58466339111328,38.796200561523435,36.19507671537853,37.439762115478516,35.083646804567366,36.77561920408218,32.11506807993329,34.04354775141156,-0.051998138427736
2025-07-15,,,,,,,39.029998779296875,39.040000915527344,38.790000915527344,39.020000457763670,4600,,,,,37.801475524902344,,,0.08607805334936314,0.16197066730835416,0.1310036273022068,0.14134786554500095,,,,,,,,,,,,37.67219822421605,38.886803688032934,36.67432338868791,37.97810075465886,35.38986327269144,36.959203412386636,32.74282238157661,34.77143264268364,,,,,-0.003530392095151022,0.713754177973172,0.5908996089201253,0.5888493742655709,0.43639084375521203,72.96760132364929,69.16084248280464,37.708666229248045,38.924200439453124,36.30149223690941,37.510238284156436,35.15815904405382,36.84031762017144,32.14607944942656,34.070908864339195,-0.009998321533205
2025-07-16,,,,,,,38.689998626708984,38.709999084472656,38.548000335693360,38.627998352050780,4600,,,,,37.421714782714844,,,0.12821881645740738,0.14632247835817688,0.1327434519462608,0.14174692367084535,,,,,,,,,,,,37.58870374371565,38.80053524270555,36.74226806087217,38.037182354421766,35.453358632379675,37.01135325425114,32.779809673285214,34.80191932813318,,,,,-0.010096991818322305,0.6806646079556344,0.5652274669168449,0.6072124210035836,0.4621581683875386,64.78281731958297,61.68826354221252,37.731529235839844,38.94780044555664,36.42415727887835,37.59828585670108,35.22865846421983,36.90092074681842,32.17513563519432,34.096234261043485,-0.062000274658204
2025-07-17,,,,,,,38.689998626708984,39.080001831054690,38.689998626708984,39.080001831054690,41400,,,,,37.859603881835940,,,0.12993109277059023,0.1490773318993705,0.13382714180654365,0.14215536365199374,,,,,,,,,,,,37.67900378975574,38.89369077215526,36.84384404459615,38.13198412502476,35.528553796425186,37.07599852227625,32.819966149242134,34.835738162148374,,,,,0.011633537921708858,0.6819141936785442,0.5747298842773603,0.6221527755385757,0.48467251156550295,69.08844746375757,66.22039836837634,37.75710525512695,38.97420043945313,36.56070818219866,37.73923837570917,35.30731164841425,36.96996840219649,32.20584057247828,34.12325807601687,0.390003204345706
2025-07-18,,,,,,,39.000000000000000,39.000000000000000,38.763000488281250,38.872001647949220,700,,,,,37.658096313476560,,,0.13659296801370285,0.1491252154313286,0.13461137175615392,0.14228038855627048,,,,,,,,,,,,37.672034630996016,38.88646106408658,36.91786697813073,38.19925844529062,35.59510200008304,37.13212361995353,32.85821223749695,34.86764538338,,,,,-0.005336710363017776,0.6590474340917254,0.5590325626536483,0.6295317072492057,0.499544521783132,65.14158199046591,62.55325793575439,37.73521118164062,38.95160064697266,36.69642857142857,37.879333677746004,35.38276629977756,37.03571446736654,32.23586070348346,34.14957951742505,-0.127998352050780
2025-07-21,,,,,,,38.779998779296875,38.854999542236330,38.779998779296875,38.830001831054690,1800,,,,,37.617408752441406,,,0.12927013004427743,0.1327932971068451,0.13224383190096958,0.1422839368488419,,,,,,,,,,,,37.653826004811144,38.86764131974262,36.98146168488625,38.25659875308735,35.65829908609424,37.185182314050444,32.89583434433446,34.898968359250944,,,,,-0.0010810306742388611,0.6303756382748418,0.5370129370975789,0.6297004934543329,0.5070382048460214,64.34230286718959,61.80894520401255,37.67165985107422,38.88600082397461,36.856045314243865,38.04409572056362,35.449754987444194,37.092539893256294,32.26581567431253,34.175837456233914,0.050003051757815
2025-07-22,,,,,,,38.819000244140625,38.819000244140625,38.569999694824220,38.695999145507810,600,,,,,37.487590789794920,,,0.12920504131360852,0.13551216301754115,0.1322515008708551,0.14230179774224969,,,,,,,,,,,,37.5984142664724,38.81042726166435,37.02747342169613,38.296544243307395,35.71546445183488,37.232395340033484,32.93213281425905,34.92898441289724,,,,,-0.0034569760394685513,0.5903723637539144,0.502951615241102,0.6218348675142492,0.5062208869250375,61.73938604799957,59.38118835980389,37.608882904052734,38.82120056152344,37.00071516491118,38.19342894781204,35.51648772708953,37.14914303734189,32.29559256538512,34.2019247478909,-0.123001098632815
2025-07-23,,,,,,,38.763000488281250,38.939998626708984,38.630001068115234,38.810001373291016,26100,,,,,37.598033905029300,,,0.10683614143960882,0.13149634645522137,0.13189238265933886,0.14221736954888367,,,,,,,,,,,,37.5982874793247,38.81028529887324,37.0793425565446,38.343222164215,35.77429474724721,37.28169552857278,32.969017407861976,34.95966438886874,,,,,0.0029417933281502776,0.5611131537205623,0.47962794688336885,0.6096905247555118,0.5009022989167038,63.106795600553475,60.79213806940853,37.64414672851562,38.857601165771484,37.12910061790829,38.3259528023856,35.58136422293527,37.20374625069754,32.32633001085312,34.229023956117175,0.047000885009766
2025-07-24,,,,,,,38.790000915527344,38.790000915527344,38.549999237060550,38.580001831054690,1600,,,,,37.375217437744140,,,0.05746781879020195,0.10460874490670054,0.13276706388777335,0.1420933329635899,,,,,,,,,,,,37.52393079879785,38.733524142933724,37.106240273017285,38.36474758847315,35.82432358132524,37.32226760052534,33.00384902865156,34.988283657186415,,,,,-0.0059439098426203475,0.5140202863187397,0.43754103016392065,0.5905564770681574,0.48823004516614715,58.55965382743982,56.52603666972933,37.54726943969727,38.75760116577148,37.20166633242653,38.400857652936665,35.64262874542721,37.25461929563492,32.355001653943745,34.25394460133144,-0.209999084472654
2025-07-25,,,,,,,38.520000457763670,38.830001831054690,38.520000457763670,38.580001831054690,75600,,,,,37.375217437744140,,,0.05367651595974822,0.10479613445949047,0.1305870938898233,0.14207901358795227,,,,-0.06125392141064686,,,,,,,,37.47435967844661,38.68235003897404,37.13069274253791,38.384316155980564,35.87278901433833,37.36157179522938,33.038405300660195,35.01667668622885,,,,,0,0.47126638409431365,0.3995807275470895,0.5666984584733886,0.47050018164233565,58.55965382743982,56.52603666972933,37.49069366455078,38.69920120239258,37.2696651277088,38.47104826427641,35.696599566747274,37.29779391818576,32.3838325757829,34.2790358785599,0.060001373291020
2025-07-28,,,,,,,38.349998474121094,38.369998931884766,38.210998535156250,38.235000610351560,3900,,,,,37.040988922119140,,,0.07485234026773313,0.11132670373790154,0.1317839910373891,0.1424188674843962,,,,-0.07025986707009335,,,,,,,,37.32990275967079,38.53323356276655,37.12253784977256,38.370742015468835,35.90929526145648,37.38886644570195,33.07004627790493,35.042117982071716,,,,,-0.008982741243323359,0.4057370761581396,0.3377646582892595,0.5345061820103388,0.4439530769717204,52.03678819233581,50.376091397591786,37.37540969848633,38.58020095825195,37.31994901384626,38.522953033447266,35.7475209917341,37.33787330748543,32.41128533227103,34.3027025480119,-0.114997863769534
2025-07-29,,,,,,,38.330001831054690,38.529998779296875,38.330001831054690,38.423000335693360,5800,,,,,37.223117828369140,,,0.09348010488842404,0.11198988667842301,0.13177953550285626,0.14239943568754568,,,,-0.06866218959609137,,,,,,,,37.294307782570236,38.496489153742154,37.13168148419044,38.37549277185288,35.9503522166725,37.42118312976418,33.10287688304694,35.068844324788095,,,,,0.004904907077158868,0.3643014675767162,0.3004812241881325,0.5004652391236143,0.41525870641500284,54.97964359346547,53.35430311105398,37.32251510620117,38.52560119628906,37.37567647298177,38.580476851690385,35.802386026533824,37.382047925676616,32.43879778423007,34.32640492726886,0.092998504638670
2025-07-30,,,,,,,38.500000000000000,38.750000000000000,38.500000000000000,38.592998504638670,13000,,,,,37.387805938720700,,,0.09826769314361725,0.09492595821557764,0.13132232098340932,0.14244483748076686,,,,-0.10420344706619583,,,,,,,,37.32547383462039,38.528658937374324,37.15496552551137,38.395266020287956,35.99527264548651,37.45780236022901,33.13674984000878,35.09670325111102,,,,,0.004414591577167917,0.34082360107997545,0.2814073764841609,0.4685369115148865,0.38848844042883446,57.51789559913294,55.92991375814526,37.280469512939455,38.482200622558594,37.40764581589472,38.6134767078218,35.86227132403661,37.43146060761951,32.46687117077055,34.35068270516774,0.092998504638670
2025-07-31,,,,,,,38.689998626708984,38.689998626708984,38.463001251220700,38.573001861572266,1100,,,,,37.368434906005860,,,0.08856295428396754,0.09319028103927522,0.12906867120184826,0.14244215210952277,,,,-0.09062500018466775,,,,,,,,37.33979419174888,38.54343991210697,37.17437183282905,38.41142382404107,36.03818396612773,37.49265234464599,33.17020189586647,35.12418387253759,,,,,-0.0005182452442634328,0.3169999640231751,0.26166138323520727,0.43822952201654425,0.363123028990109,57.11003342019237,55.54142080501787,37.2791130065918,38.48080062866211,37.42826697939918,38.63476253691174,35.914450085352335,37.47274634951637,32.494575053926496,34.37456762979901,-0.116996765136718
2025-08-01,,,,,,,38.330001831054690,38.419998168945310,38.272998809814450,38.416999816894530,6600,,,,,37.217304229736330,,,0.09301927900783223,0.09271383362008041,0.12946510860442428,0.14250615164245353,,,,-0.0673121309355406,,,,,,,,37.29896420441136,38.50129321370282,37.17827477800244,38.4119307324823,36.0750314743655,37.52153820315375,33.202194799691526,35.15021403810564,,,,,-0.004052541004667528,0.2826661777489292,0.2307643720460817,0.40711685316302126,0.3366512976013035,53.89878462966293,52.47888300468511,37.24753036499023,38.44820022583008,37.45004127139137,38.6572387332008,35.96465107751271,37.512000310988654,32.52186441421509,34.39803190836831,0.086997985839840
2025-08-04,,,,,,,38.421001434326170,38.569999694824220,38.421001434326170,38.459999084472656,1800,,,,,37.258960723876950,,,0.058652272432859746,0.09035274896936671,0.12941692605486843,0.14228799801414385,,,,-0.07149983060179588,,,,,,,,37.28562971089989,38.48752850395943,37.18560986399103,38.41630058266324,36.11202926341274,37.55086510569497,33.23426409553489,35.176378346772566,,,,,0.0011186516539352627,0.2558682458387409,0.20735765958737318,0.37686713169816516,0.31079256999851745,54.655617190940234,53.244155022357724,37.291124725341795,38.4931999206543,37.46263522193546,38.6702386765253,36.01379884992327,37.55012730189732,32.54827082346356,34.42054381446233,0.038997650146486
2025-08-05,,,,,,,38.650001525878906,38.650001525878906,38.209999084472656,38.470001220703125,120100,,,,,37.268650054931640,,,0.04841099471348403,0.08988037637112851,0.12916927077341891,0.1415607238762913,,,,0.011589958910574745,,,,,,,,37.27996982557714,38.48168607620733,37.19315897225836,38.42118245884868,36.1481736631477,37.57958810928898,33.266156474660555,35.20241489123052,,,,,0.00026001990424832564,0.23272977578425014,0.18745390816275886,0.34803966051538215,0.28612483763136576,54.84132253844632,53.432014467483256,37.3002311706543,38.50260009765625,37.47061611357189,38.67847678774879,36.06013779413132,37.58528603447808,32.576349190303254,34.444845403943745,-0.180000305175781
2025-08-06,,,,,,,38.369998931884766,38.569999694824220,38.369998931884766,38.569999694824220,2200,,,,,37.365528106689450,,,0.03943084625141335,0.09001055654764555,0.12918207072050147,0.14138857852337597,,,,0.018724551032772627,,,,,,,,37.30848925261458,38.511123949079625,37.20882889357028,38.434711298482824,36.18621598950838,37.61053847133695,33.29856257451849,35.22903611497434,,,,,0.0025960788623723193,0.21967731732583928,0.17770066030227127,0.3223671918774736,0.26444000216554686,56.74861469142739,55.36299315915667,37.29577560424805,38.49800033569336,37.479381197974796,38.6875243414016,36.10679638574994,37.62074637034583,32.605567636944,34.47035334602235,0.200000762939454
2025-08-07,,,,,,,38.590000152587890,38.590000152587890,38.500000000000000,38.548000335693360,600,,,,,37.344215393066406,,,0.039465924284256985,0.08930835889214606,0.12892532472510831,0.1377673811593217,,,,0.02802513707214335,,,,,,,,37.32039796609852,38.52341607795087,37.221136757160835,38.4450103018656,36.22240347086957,37.63983415459809,33.33054401972441,35.255272986284375,,,,,-0.0005705471121384565,0.2052474275058671,0.16627921341193996,0.2989432390031523,0.24480784441482548,56.18639607740627,54.82439456670695,37.290931701660156,38.49300003051758,37.481134323846724,38.68933396112351,36.15000370570591,37.652571784125435,32.63831670700558,34.4996469966949,-0.041999816894530
2025-08-08,,,,,,,38.470001220703125,38.729999542236330,38.470001220703125,38.619998931884766,500,,,,,37.413963317871094,,,0.019939775884169363,0.07978667874837024,0.12892389798681855,0.13725246079849227,,,,0.026446652100660297,,,,,,,,37.35158641668938,38.5556103625955,37.23866644449813,38.46091835914007,36.259639716088365,37.670464303888295,33.362824014176155,35.28187161036026,,,,,0.0018659615909533951,0.1971668932722821,0.16117934430901215,0.27858796985697826,0.2280821443936628,57.66458848126743,56.322032246722955,37.33026351928711,38.533599853515625,37.466002873011995,38.673714773995535,36.19404735262432,37.685254293774804,32.669846103304906,34.52762318414355,0.149997711181641
2025-08-11,,,,,,,39.015998840332030,39.099998474121094,38.909999847412110,38.990001678466800,1900,,,,,37.772411346435550,,,0.0635310424219173,0.08685045986056232,0.1290485513080721,0.13751777746139918,,,,0.015117494135557094,,,,,,,,37.491861393271435,38.70040746788594,37.28718870831062,38.509016842715226,36.30691382953672,37.71169984684388,33.39768241205963,35.31118489153107,,,,,0.009534992101553617,0.21718321894886827,0.18486280733964122,0.26630701967535625,0.2194382769828585,64.3258335467707,63.09334751382327,37.432953643798825,38.639600372314455,37.466233571370445,38.67395292009626,36.247254628983754,37.72747651357499,32.70257566845606,34.556829543340776,-0.025997161865230
2025-08-12,,,,,,,39.049999237060550,39.150001525878906,39.049999237060550,39.080001831054690,27000,,,,,37.859603881835940,,,0.06007140526539808,0.08579383293728646,0.126874254483,0.1369880551688564,,,,0.04237346995266927,,,,,,,,37.61444222279294,38.826938922275524,37.33922645135838,38.5609245689279,36.355435393671065,37.754459283850466,33.43295451854008,35.34097791081584,,,,,0.0023057054281982996,0.23734603284196254,0.20849102778559114,0.2605148223086775,0.21724882714340502,65.73805071644591,64.53363845613745,37.551144409179685,38.761600494384766,37.462635403587704,38.6702386765253,36.29462735615079,37.76350826687283,32.73411031753298,34.58474224332779,0.030002593994140
2025-08-13,,,,,,,39.310001373291016,39.490001678466800,39.310001373291016,39.490001678466800,10300,,,,,38.256797790527344,,,0.07850563922531398,0.09215384672845621,0.1281190116576248,0.13731325828518282,,,,0.06021473742666981,,,,,,,,37.82856074537107,39.04795984100595,37.42264202764647,38.64538612434053,36.41485296857282,37.80869498368222,33.47108766693523,35.37377651767474,,,,,0.010436581478593485,0.28212329532798464,0.2573337407173071,0.26483651691253896,0.22526580985818542,71.30977442523542,70.2327749407788,37.72939834594727,38.94560089111328,37.484317416236514,38.69261968703497,36.34860550411164,37.80636542184012,32.767228550381134,34.61428987412226,0.180000305175784
2025-08-14,,,,,,,39.349998474121094,39.349998474121094,39.349998474121094,39.349998474121094,200,,,,,38.121166229248050,,,0.0927154886352846,0.0851290606356442,0.12841231568031808,0.1372733080797241,,,,,,,,,,,,37.9260959066634,39.14863938537766,37.48614422779207,38.7094417925024,36.46817525796893,37.85686071775844,33.507847181261816,35.40520910231068,,,,,-0.003551592546074574,0.30317050412149626,0.2814998984713597,0.2725033143543304,0.23651262758082028,67.285899859077,66.3141168262449,37.884788513183594,39.10600051879883,37.51762462797619,38.72700064522879,36.39826529366629,37.8447146340022,32.80035676653423,34.643869233509854,0E-15
2025-08-15,,,,,,,39.200000762939450,39.321998596191406,39.200000762939450,39.321998596191406,400,,,,,38.094039916992190,,,0.09829875842370366,0.0757031328122455,0.12787619934968508,0.13717771908566337,,,,,,,,,,,,37.98207724343966,39.206425788982244,37.5414074722648,38.76512877465595,36.5189835285634,37.90264627645947,33.5441016692913,35.43617186510816,,,,,-0.0007118346790072247,0.3140416256558751,0.29499191330454977,0.28081097661463933,0.2482084847255662,66.47794400866503,65.52667492053575,38.02080383300781,39.24640045166016,37.528788248697914,38.7385243007115,36.443343752906436,37.878238435775515,32.83389591035389,34.67389303540427,0.121997833251956
2025-08-18,,,,,,,39.220001220703125,39.349998474121094,39.180000305175780,39.340000152587890,6300,,,,,38.111480712890625,,,0.08384836953895645,0.07288127961450094,0.12647771110763,0.1368132498475006,,,,,,,,,,,,38.02521173325665,39.25095057685079,37.593232312321696,38.8173898090134,36.56874906557363,37.94756358508848,33.580207432481814,35.467032167775976,,,,,0.00045773051765255575,0.3203713527341776,0.3036368705837802,0.288723051838547,0.259294161897209,66.75435704903792,65.80778625295736,38.08861770629883,39.316400146484376,37.55037798200335,38.760809943789525,36.49321062602694,37.916809869191006,32.86620782670521,34.70259938921247,0.119998931884765
2025-08-19,,,,,,,39.213001251220700,39.213001251220700,39.213001251220700,39.213001251220700,100,,,,,37.988449096679690,,,0.09063731032731386,0.07387029728706747,0.1266623316438578,0.13677003777040908,,,,,,,,,,,,38.01295752106433,39.23830080164076,37.629161110899695,38.8533544855777,36.6131146915457,37.98710851215512,33.615055192673104,35.49664457159768,,,,,-0.0032334254107853613,0.31186509712646426,0.29681876953298314,0.29335146089613046,0.2667990834243638,62.819256911743544,61.96858107293313,38.11438674926758,39.34300003051758,37.56804656982422,38.77904801141648,36.542087131076386,37.95438130696615,32.8972758868384,34.729992245870925,0E-15
2025-08-20,,,,,,,39.330001831054690,39.330001831054690,39.180000305175780,39.180000305175780,100,,,,,37.956478118896484,,,0.027577466645984063,0.07266547141057308,0.126552232557395,0.13472239506406092,,,,,,,,,,,,37.99413105367505,39.2188673028191,37.65891720253577,38.88304956008661,36.65509479865041,38.02438638068701,33.649374741497,35.52576200822675,,,,,-0.0008419516837797136,0.2990962422587842,0.28546184828980614,0.2945004171686612,0.27053163639745226,61.79975788008738,60.97314415988369,38.05432281494141,39.280999755859376,37.59037453787668,38.80209568568638,36.59159905569894,37.99263527279808,32.925253784845744,34.75407954624721,-0.150001525878910
2025-08-21,,,,,,,39.200000762939450,39.220001220703125,39.110000610351560,39.110000610351560,5400,,,,,37.888664245605470,,,0.02187087980586551,0.07258546827380685,0.1266632043706401,0.134123843473425,,,,,,,,,,,,37.958975450985186,39.18257840532992,37.67980329736029,38.90368147374706,36.693643843867754,38.05831182536403,33.68288691148995,35.554095910219836,,,,,-0.0017882197659008958,0.28027399579212187,0.26772682780514856,0.2916551328933533,0.26997067467899155,59.59063756270997,58.81497948752643,38.00782241821289,39.23300018310547,37.60421407790411,38.816381363641646,36.63838038368831,38.02803209092882,32.95443681686643,34.77946843041314,-0.090000152587890
2025-08-22,,,,,,,39.115001678466800,39.150001525878906,39.080001831054690,39.150001525878906,1300,,,,,37.927413940429690,,,0.027233881260570338,0.06887069355508355,0.12609536707010835,0.13401591110079203,,,,,,,,,,,,37.948454947466686,39.17171944551291,37.70231335582114,38.92607420575905,36.73219915938531,38.092427128505115,33.71644048484126,35.582522041568915,,,,,0.0010222026547788178,0.265424359591492,0.2539718069796919,0.28640897823298106,0.2667709011391316,60.46039733398582,59.692960962810446,37.97449722290039,39.19860076904297,37.630509149460565,38.843524206252326,36.688333359975665,38.06676228841146,32.98431812770783,34.80559939429874,0.034999847412106
2025-08-25,,,,,,,39.009998321533200,39.080001831054690,38.900001525878906,38.900001525878906,2400,,,,,37.685222625732420,,,0.044295055675568386,0.07313261579252199,0.12698659563585965,0.13408233886862644,,,,,,,,,,,,37.860710840221934,39.081146805634916,37.700759653085804,38.92370396213358,36.76198114270866,38.11766382842305,33.74781425670601,35.608747175832235,,,,,-0.006406128762578245,0.23144514533206006,0.22035779571212544,0.27541621165279684,0.25748828005373037,52.80962369953272,52.20274760501678,37.88924560546875,39.11060104370117,37.64527130126953,38.85876228695824,36.73263731456938,38.09961942642454,33.01241976117331,34.82986130790105,-0.109996795654294
2025-08-26,,,,,,,38.830001831054690,38.889999389648440,38.639999389648440,38.650001525878906,26600,,,,,37.443031311035156,,,0.05367615047701745,0.06947285043614553,0.12735576206125063,0.13427677173005392,,,,,,,,,,,,37.721484330493006,38.93743171238291,37.67732980380847,38.89882192247406,36.783263960468865,38.134299381468544,33.777025458716516,35.632788712196245,,,,,-0.006447431984219392,0.18286559742836062,0.17156781200434068,0.2569060888079096,0.24030418644385243,46.47605743459003,45.988292748455144,37.78016204833985,38.99800109863281,37.6644161769322,38.87852423531668,36.769232008192276,38.12442894587441,33.03936028858972,34.85291686890617,-0.180000305175784
2025-08-27,,,,,,,38.529998779296875,38.650001525878906,38.529998779296875,38.650001525878906,5500,,,,,37.443031311035156,,,0.055985449119689966,0.06761990082056893,0.12701411812304267,0.13426899526984698,,,,,,,,,,,,37.62866665734039,38.84162165021491,37.65602994082908,38.87620188641996,36.80388169017406,38.15041507348137,33.806005742134055,35.656640196889384,,,,,0,0.14272075964137798,0.13138685255232474,0.23406902297460327,0.2185207196655469,46.47605743459003,45.988292748455144,37.67747268676758,38.89200134277344,37.67488824753534,38.88933381580171,36.807887062193856,38.15141308496869,33.066004495772106,34.87565497746543,0.120002746582031
2025-08-28,,,,,,,38.450000762939450,38.450000762939450,38.349998474121094,38.389999389648440,2200,,,,,37.191146850585940,,,0.06156418189196123,0.07003635278099445,0.12775850111221468,0.13445528822873148,,,,,,,,,,,,37.48282672175557,38.69108089669275,37.61376784171607,38.83200165944073,36.81598372643693,38.15790208336159,33.83276575089652,35.678247779440845,,,,,-0.006749867768071944,0.08954845672809597,0.0776678466435925,0.20516490972530183,0.19035014506115602,40.602512070989974,40.2140648139403,37.53796920776367,38.74800109863281,37.665523529052734,38.879667191278365,36.83998737637959,38.17157182239351,33.09187139026702,34.89759941706582,-0.060001373291010
2025-08-29,,,,,,,38.326999664306640,38.326999664306640,38.326999664306640,38.326999664306640,400,,,,,37.130115509033200,,,0.05056796339301347,0.07019844086425052,0.12779876401081128,0.1344698589673127,,,,,,,,,,,,37.365256317514785,38.569720485897385,37.569799447835805,38.78609238715581,36.82580034464306,38.16318638276612,33.85883175688969,35.69918652951883,,,,,-0.0016423659484166896,0.042000152763591814,0.029669583620659523,0.1725319583329598,0.1582140327730567,39.30631914154057,38.938301632165725,37.378509521484375,38.58340072631836,37.654174986339754,38.867952800932386,36.871720450265066,38.191365438794335,33.11757018831041,34.919373224652006,0E-15
2025-09-02,,,,,,,38.330001831054690,38.369998931884766,38.259998321533200,38.369998931884766,4300,,,,,37.171772003173830,,,0.05802663796121609,0.06899560164619327,0.12361360384539982,0.13444213538961836,,,,,,,,,,,,37.3007615460678,38.50314663455984,37.533615134684716,38.7482657094039,36.83661195897215,38.16964927492608,33.885021007848465,35.72029967103951,,,,,0.0011212769930833968,0.007591599016130601,-0.00484386701637618,0.13954388646959398,0.12560245281517013,40.6978776272379,40.329718496922624,37.27581939697266,38.47740020751953,37.65200678507487,38.86571466355097,36.8946404230027,38.20184162684849,33.14367505482265,34.94157559531076,0.039997100830076
2025-09-03,,,,,,,38.337001800537110,38.380001068115234,38.337001800537110,38.380001068115234,400,,,,,37.181461334228516,,,0.05004520985138669,0.06887509983503044,0.12283017579972338,0.13443877040462274,,,,,,,,,,,,37.260994808788034,38.46209811241164,37.50160115282506,38.71478710565039,36.84738850194891,38.17622276846324,33.91107982465779,35.74132497852628,,,,,0.000260629717757205,-0.018680245448493338,-0.031031227821692653,0.10789906008597651,0.09427571668779758,41.03651655607466,40.66839950034159,37.22350540161133,38.4234001159668,37.648316337948756,38.86190523420061,36.92123322259812,38.21619082254077,33.169855420551606,34.96385734800308,0.042999267578124
2025-09-04,,,,,,,38.472999572753906,38.472999572753906,38.472999572753906,38.472999572753906,100,,,,,37.271556854248050,,,0.056809216822994696,0.06942137941600186,0.12281719706365718,0.1341388365640128,,,,,,,,,,,,37.26451549060804,38.46573193252573,37.480688034772605,38.69280642084161,36.86064376295826,38.18549704359732,33.93764486046483,35.76291924409329,,,,,0.0024201991051136166,-0.03186361207364996,-0.04377607448919463,0.07994652565405122,0.06666535845239914,44.22580667804821,43.859058044335136,37.18921051025391,38.3879997253418,37.64845475696382,38.8620480128697,36.9477672879658,38.2304447719029,33.19518946844434,34.985218456813264,0E-15
2025-09-05,,,,,,,38.303001403808594,38.444999694824220,38.303001403808594,38.310001373291016,3600,,,,,37.113647460937500,,,0.04127055145665118,0.07024309836521131,0.12318303583986331,0.13359764941087524,,,,,,,,,,,,37.21422614738453,38.41382174611416,37.447320709878504,38.65800596197338,36.86855012852011,38.18938780390025,33.96275160038952,35.78305428068774,,,,,-0.004245726874667048,-0.054426103202764864,-0.0662651859438057,0.053071999882688,0.04007924957315817,40.12888689809504,39.81740741122971,37.173710632324216,38.37200012207031,37.63646044049944,38.84966714041574,36.97226103525313,38.242603544204954,33.22138964183747,35.007531953236416,0.006999969482422
2025-09-08,,,,,,,39.000000000000000,39.000000000000000,38.860000610351560,38.909999847412110,1700,,,,,37.694908142089844,,,0.11802962099496163,0.08915110073379696,0.1266959253967451,0.13438282269362692,,,,,,,,,,,,37.374453478952965,38.57921444654681,37.469828658261356,38.68091449701326,36.894373816444165,38.21190693026,33.992254814157896,35.8077732179741,,,,,0.015540264727276763,-0.025114654699720518,-0.035266575205483264,0.0374346689662063,0.025010084617429883,56.20968044893169,55.919925932025166,37.286669158935545,38.488600158691405,37.653160095214844,38.866905212402344,37.00476298256526,38.26300036717975,33.25012606666202,35.03247242882138,-0.090000152587890
2025-09-09,,,,,,,39.000000000000000,39.401000976562500,39.000000000000000,39.401000976562500,1900,,,,,38.170578002929690,,,0.13331037751911542,0.09847501650313686,0.12881627661320297,0.1348477046211956,,,,,,,,,,,,37.63982832027854,38.853143289885374,37.53353314414029,38.74637690424501,36.93425519727184,38.24906611920695,34.025285036994035,35.83617818049259,,,,,0.012539986713367549,0.03608153635627076,0.028590165165077508,0.03716404244421919,0.025726100726959408,64.591168195806,64.33067747271238,37.48643035888672,38.694800567626956,37.68918936593192,38.904095785958425,37.044559720962766,38.290921044728115,33.28023149853661,35.058805768452,0.401000976562500
2025-09-10,,,,,,,39.380001068115234,39.470001220703125,39.380001068115234,39.470001220703125,500,,,,,38.237422943115234,,,0.1301435377842574,0.09349351379234358,0.12800986436552964,0.1347447752210135,,,,,,,,,,,,37.83902652789077,39.058762600157955,37.59752312586529,38.81216093301393,36.974979189329446,38.28722034112871,34.05858256984875,35.86490405432824,,,,,0.0017496847558147917,0.08894844439093674,0.08379885398896647,0.0475209228335627,0.03734065137936082,65.58795230064607,65.33177617835788,37.69762268066406,38.91280059814453,37.71133277529762,38.9269529070173,37.08075538514152,38.315016307528055,33.31113928083389,35.085988317217144,0.090000152587891
2025-09-11,,,,,,,39.340000152587890,39.650001525878906,39.340000152587890,39.650001525878906,7800,,,,,38.411800384521484,,,0.12772001392854415,0.09433414373228531,0.11986507718131456,0.13479115311794998,,,,,,,,,,,,38.02995114676768,39.255842242064936,37.67154833119767,38.88832825963802,37.01987985167919,38.32980725315215,34.09299535889755,35.894825773470934,,,,,0.004550019809093259,0.14326518026371104,0.14045755072838517,0.06666977431959237,0.057964031249165694,68.1099847894673,67.86550869946552,37.92567138671875,39.14820098876953,37.737627846854075,38.954095749627974,37.13177998860677,38.3546988472106,33.342735335940404,35.11388118683346,0.310001373291016
2025-09-12,,,,,,,37.930000305175780,39.659999847412110,37.930000305175780,39.659999847412110,24900,,,,,38.421485900878906,,,0.10728590595537281,0.08741877988772236,0.11846028386705915,0.1347494550217818,,,,,,,,,,,,38.16046273147142,39.39056144384733,37.73972447389596,38.95848022216294,37.06368004071668,38.371375771722775,34.12721267543495,35.92458999539932,,,,,0.0002521177181657537,0.1849610096140495,0.18404519860118995,0.0903280213784838,0.08318026471957055,68.24917616293119,68.00538514942774,38.18723907470703,39.41820068359375,37.7454701378232,38.96219090053013,37.177093263656374,38.38834962390718,33.37466984703427,35.14213515084887,1.729999542236330
2025-09-15,,,,,,,39.840000152587890,40.110000610351560,39.840000152587890,40.110000610351560,60200,,,,,38.857437133789060,,,0.08833405424745804,0.09422616370863907,0.11164204223191417,0.135143049120053,,,,,,,,,,,,38.392787532243965,39.63037449934874,37.84133471570443,39.06316389381645,37.119734949875195,38.425707797929924,34.164605754157115,35.957676245319895,,,,,0.011282658723445199,0.25029760093703146,0.25199518074626326,0.12232193729019333,0.11694324792490908,73.7936880079303,73.57959672625165,38.419744873046874,39.65820083618164,37.780530657087056,38.99838147844587,37.240770854647195,38.44122266012525,33.408330622173494,35.1721708661034,0.270000457763670
2025-09-16,,,,,,,40.139999389648440,40.139999389648440,39.860000610351560,39.994998931884766,3500,,,,,38.746025085449220,,,0.08496616262634447,0.09498863263422579,0.11190255098546681,0.13518820516131919,,,,,,,,,,,,38.510533383312385,39.75191597686075,37.92357929477214,39.14787617000448,37.17055651661189,38.47474814586601,34.200822507764165,35.98959183968009,,,,,-0.0028713184102410094,0.28974727289303814,0.29318668322444097,0.15580700441076228,0.15219193498481545,70.4097674471928,70.21293632806871,38.53483428955078,39.777000427246094,37.81157756987072,39.03042911347889,37.30035800025577,38.502730596633185,33.44162707101731,35.201833558461026,-0.145000457763674
2025-09-17,,,,,,,40.159999847412110,40.180000305175780,40.016998291015625,40.016998291015625,106400,,,,,38.767337799072266,,,0.0864852344494674,0.09498488502085374,0.11104764139699469,0.1351824925330312,,,,,,,,,,,,38.59613485523234,39.84027674824571,38.000284613344874,39.226887271914585,37.220455931688775,38.522943462901935,34.236921442873324,36.02142904482899,,,,,0.0005499107087349247,0.3190533318040849,0.3238730037494193,0.18845626988942682,0.18652814873773624,70.68668921147784,70.49109051482779,38.64081726074219,39.886399841308595,37.842808859688894,39.062667120070685,37.36320513770694,38.567603580535405,33.474733980875165,35.2312898938618,-0.143001556396485
2025-09-18,,,,,,,39.810001373291016,40.099998474121094,39.799999237060550,39.966999053955080,17100,,,,,38.718898773193360,,,0.08866653800209495,0.0941654158484142,0.10545381321659551,0.13516252704659276,,,,,,,,,,,,38.63705616121935,39.8825175168155,38.0656131733311,39.29417016119099,37.267282270485794,38.56807020012235,34.27235209370589,36.05261932158098,,,,,-0.0012502615775779422,0.3345139020283341,0.34023558919578534,0.21766779631720826,0.21726963682934605,69.10379480864286,68.91596282222493,38.70223693847656,39.949799346923825,37.87759217761812,39.09857177734375,37.43389468722873,38.64057183644128,33.50791907688928,35.26083750951858,0.156997680664064
2025-09-19,,,,,,,39.830001831054690,39.979000091552734,39.830001831054690,39.979000091552734,100,,,,,38.730525970458984,,,0.0886213381776389,0.09398107194973766,0.10527249155024847,0.13496266380952493,,,,,,,,,,,,38.66821276429923,39.91467837506124,38.12605979125182,39.35642742758751,37.313008636109956,38.61216175922955,34.30759457494504,36.08365790474281,,,,,0.00030025264594173807,0.3437422858659076,0.3501352977248473,0.24288269422694814,0.24384276900844631,69.28161334387963,69.09447087940706,38.76404495239258,40.01359939575195,37.914451599121094,39.13661938621884,37.50184710063632,38.71071467323909,33.54191707429432,35.29125417981829,0.148998260498044
2025-09-22,,,,,,,39.990001678466800,40.000000000000000,39.985000610351560,39.985000610351560,800,,,,,38.736339569091800,,,0.02283139992942256,0.09350520626335034,0.1028332705770364,0.13494014935723853,,,,,,,,,,,,38.69092169923009,39.938119120158014,38.181539771055455,39.41357044420243,37.35748772776564,38.65506297332711,34.34260441679601,36.11449855854208,,,,,0.00015009252286723172,0.347518972970164,0.3543800076421135,0.2638099499755913,0.26595021673517977,69.37651661133489,69.18974400169166,38.73982543945313,39.988599395751955,37.95481709071568,39.17828605288551,37.562710595509365,38.77354007297092,33.57550845827375,35.321234339759464,-0.005001068115240
2025-09-23,,,,,,,40.049999237060550,40.110000610351560,40.009998321533200,40.110000610351560,2200,,,,,38.857437133789060,,,0.02519000493727287,0.09377865949469422,0.08927090465750424,0.13490376048563787,,,,,,,,,,,,38.746426844083075,39.99541295022253,38.24298498584942,39.47688227748871,37.40436114670387,38.700529774484124,34.37829479400544,36.14608355499907,,,,,0.003121324110274801,0.356177790273037,0.3636386264360709,0.28228351803508045,0.28548789867535795,71.3612914260747,71.18268149245418,38.762107849121094,40.011599731445315,37.99910390944708,39.22400029500326,37.610426463778055,38.822794051397416,33.609006253499835,35.35109545692565,0.060001373291010
2025-09-24,,,,,,,40.009998321533200,40.009998321533200,39.680000305175780,39.805000305175780,1800,,,,,38.561958312988280,,,0.06351870691239024,0.09511191469516947,0.0909797817700129,0.1351650522500415,,,,,,,,,,,,38.684937333718146,39.93194206854028,38.271982561043856,39.50671118909663,37.44053605815026,38.73504447856824,34.41136723289068,36.17500779808348,,,,,-0.007633235930060755,0.33533179772254584,0.3424179914436891,0.29289317397257353,0.2968739172290242,60.97656137652909,60.84143758010282,38.721031951904294,39.969200134277344,38.04085322788784,39.26709547496977,37.65192988562205,38.865635342068146,33.64144263948713,35.37986529819549,-0.204998016357420
2025-09-25,,,,,,,39.439998626708984,39.528999328613280,39.430000305175780,39.528999328613280,1000,,,,,38.294578552246094,,,0.0762342037404417,0.09563698901422957,0.0924014431090024,0.13534956485583738,,,,,,,,,,,,38.554817739894126,39.79762782189795,38.27403674206224,39.50873738359814,37.467224886090754,38.759855567632144,34.44206455557333,36.20152156512324,,,,,-0.0069579205715167465,0.293848582785067,0.29987276656497386,0.29308425573507224,0.29747368709621413,53.40323103121239,53.29594444354121,38.63616790771484,39.88160018920898,38.08140309651693,39.30895251319522,37.688589429098464,38.90347659398639,33.673132835872586,35.4078771954491,0.089000701904296
2025-09-26,,,,,,,39.544998168945310,39.544998168945310,39.544998168945310,39.544998168945310,400,,,,,38.310077667236330,,,0.07645353845328767,0.0955901613362788,0.09239051738008043,0.13535028612661812,,,,,,,,,,,,38.47323771567486,39.7134179375804,38.27731318980534,39.5120338186297,37.49356403550155,38.784391273923184,34.472641734321655,36.22795221021274,,,,,0.0004046520398791485,0.259235183300099,0.2643985204720565,0.2863144412480776,0.2908586537713826,53.76173056560286,53.65474737605575,38.55207824707031,39.7947998046875,38.12269101824079,39.35157140096029,37.724418579585965,38.94046068948413,33.70480675167508,35.43586924719432,0E-15
2025-09-29,,,,,,,39.459999084472656,39.544998168945310,39.419998168945310,39.467998504638670,2800,,,,,38.235481262207030,,,0.07382503196854959,0.0920085288824353,0.08562247374078628,0.1353222732872182,,,,,,,,,,,,38.39398556451892,39.631611459933154,38.2735102872964,39.50803060826688,37.516748948836096,38.80575399988304,34.502387501340515,36.253565224397924,,,,,-0.0019490726748318322,0.2232114655440256,0.22744979580532032,0.27369384610726716,0.27817688217817016,51.70005885787778,51.60010161037987,38.45190658569336,39.69139938354492,38.17242122831799,39.4029046921503,37.74853019108848,38.96534953041682,33.73559568798731,35.46292479076083,0.007999420166014
2025-09-30,,,,,,,39.450000762939450,39.576999664306640,39.400001525878906,39.576999664306640,1500,,,,,38.341079711914060,,,0.07207449112533529,0.0914853802910693,0.08505571430429645,0.13526661015697292,,,,,,,,,,,,38.3763502803173,39.61340752805765,38.27965296226164,39.51430052245231,37.542509285182284,38.82985542689628,34.532732894309476,36.279837433409064,,,,,0.0027579853495582275,0.20086784260013957,0.20460459353788707,0.2591286454058417,0.26346242445011353,54.36779024602019,54.26978068405259,38.34863510131836,39.584799194335936,38.230086190359934,39.462428501674104,37.77084271869962,38.98838127983941,33.76617398337712,35.489738282703215,0.126998901367190
2025-10-01,,,,,,,39.529998779296875,39.529998779296875,39.400001525878906,39.508998870849610,5800,,,,,38.275203704833984,,,0.05712434657439996,0.09217136593879866,0.08449384456864499,0.13510952160180748,,,,,,,,,,,,38.34263475515619,39.578604642321636,38.279248484313676,39.513818554124796,37.565405985796396,38.85107865951982,34.56231764379979,36.305364401293964,,,,,-0.0017196350534387727,0.17581799679327048,0.17894968979289416,0.24246651568332742,0.24655987751866965,52.42257244921284,52.33051565106806,38.2912841796875,39.5255989074707,38.282630557105655,39.51666659400577,37.79489287119063,39.01320666358585,33.79723168933202,35.517075584048314,-0.020999908447265
2025-10-02,,,,,,,39.180000305175780,39.180000305175780,39.130001068115234,39.139999389648440,1500,,,,,37.917724609375000,,,0.07231922391547423,0.09943285932521412,0.08601671189569943,0.1340891092508881,,,,,,,,,,,,38.200998039895794,39.43240289143057,38.24638267750107,39.47983499371785,37.57641594278323,38.86010743233634,34.58884260004939,36.32777258302009,,,,,-0.009383593108221289,0.12567157440890497,0.12737452522686254,0.21910752742844294,0.22272280706030823,43.35702399345904,43.29051759079565,38.21591339111328,39.44779891967774,38.31769071306501,39.552856990269255,37.809547424316406,39.028333633665056,33.82909328218491,35.545329548063734,-0.040000915527340
2025-10-03,,,,,,,39.290000915527344,39.290000915527344,39.243999481201170,39.243999481201170,600,,,,,38.018478393554690,,,0.0784866357068346,0.09948010904126471,0.08599170579044157,0.13408331640516344,,,,,,,,,,,,38.140158157782096,39.36960175468744,38.22566410623322,39.458395401670884,37.59023039436984,38.872104058863364,34.61595434545259,36.35082576008081,,,,,0.002653644488914973,0.0929882510576121,0.09381137481918955,0.19388367215427676,0.1969405206120845,46.181900779151576,46.11583428491636,38.15759353637695,39.38759918212891,38.353258405412944,39.58957127162388,37.824109758649556,39.043365357414125,33.86149174826486,35.57414303885566,-0.046001434326174
2025-10-06,,,,,,,39.435001373291016,39.515998840332030,39.330001831054690,39.330001831054690,2500,,,,,38.101795196533200,,,0.08248477539695832,0.09773169471113512,0.0859937442098717,0.13396960351813217,,,,,,,,,,,,38.12737050403246,39.35640178014319,38.214403296260485,39.446723258887594,37.606216794437444,38.88641336424435,34.64351039961134,36.37437655906084,,,,,0.0021890839935486952,0.07296831817316729,0.0733069700742135,0.16970060135805487,0.1722138105045103,48.470477511948644,48.40501572444327,38.130856323242185,39.35999984741211,38.40031305948893,39.63814272199358,37.83871823265439,39.05844473460364,33.894772756667365,35.603889079321,-0.104999542236326
2025-10-07,,,,,,,39.501998901367190,39.501998901367190,39.470001220703125,39.479000091552734,1300,,,,,38.246139526367190,,,0.08545411986143496,0.08352579138969576,0.08605400743941011,0.13269774086621172,,,,,,,,,,,,38.16696017814404,39.39726788394637,38.21728840808837,39.4496575164026,37.62621437981025,38.90493169947273,34.67198968124577,36.398919037578565,,,,,0.0037812287219131284,0.0679662851801126,0.06829275955792724,0.1493537381224664,0.15142960031519367,52.25827737067709,52.19427664389487,38.11186828613281,39.34039993286133,38.42656217302595,39.66523797171457,37.85361886402917,39.07382571508014,33.93067862495543,35.63642479124523,-0.022998809814456
2025-10-08,,,,,,,39.580001831054690,39.580001831054690,39.310001373291016,39.310001373291016,6200,,,,,38.082420349121094,,,0.08961959247152905,0.0731458615040962,0.08363335772066875,0.13231973484135764,,,,,,,,,,,,38.13878023513639,39.368179047061254,38.20502767545498,39.43696150339246,37.64047081635121,38.91759012677955,34.698949607474034,36.42193154616127,,,,,-0.00428986027219007,0.050212549633954495,0.050104602744411864,0.12952550042476405,0.1311646008010373,47.952726550948526,47.89746377605478,38.07331161499023,39.30060043334961,38.422364189511256,39.660904657273065,37.85918547615172,39.079571739075675,33.96449391804044,35.66674622278365,-0.270000457763674
2025-10-09,,,,,,,39.150001525878906,39.380001068115234,39.110000610351560,39.380001068115234,7100,,,,,38.150234222412110,,,0.050340905456325295,0.07315536514515289,0.08368216580325133,0.13185725401532206,,,,,,,,,,,,38.14259823089496,39.372119720745914,38.20004645245108,39.43178328200362,37.65640092279062,38.93204046869629,34.72623248980556,36.44531549495142,,,,,0.0017791297327840669,0.04114035868928312,0.04086765095064493,0.11184847207766785,0.11310521083095884,49.79774427297782,49.74297935265128,38.11981353759766,39.34860076904297,38.418212345668245,39.65661893572126,37.8652595641121,39.085841587611604,33.99974881278144,35.69859939908225,0.229999542236328
2025-10-10,,,,,,,39.130001068115234,39.189998626708984,39.000000000000000,39.018001556396484,2000,,,,,37.799537658691406,,,0.08668431128721918,0.07754788779352972,0.08529590820641982,0.13207808975929908,,,,,,,,,,,,38.02824470682711,39.254080332629435,38.163636562109296,39.394166761493885,37.660873945787515,38.93472675268693,34.7505273923264,36.46565293417233,,,,,-0.00923502592519805,0.005587886527678165,0.00428754076484239,0.0905963549676699,0.09134167681773556,41.587390473364955,41.54709163166277,38.076025390625,39.303401184082034,38.389056977771574,39.62652369907924,37.863106742737784,39.083619375077504,34.03269343149094,35.72803194560702,-0.111999511718750
2025-10-13,,,,,,,39.430999755859375,39.520000457763670,39.400001525878906,39.520000457763670,14900,,,,,38.285861968994140,,,0.13279964663236776,0.09066115071831554,0.08876569813243974,0.1325790282478667,,,,,,,,,,,,38.114117127549456,39.34272037434085,38.17474796273519,39.4056061884275,37.680404821512724,38.95301655597057,34.77847470123286,36.489797973884514,,,,,0.012783817548014744,0.016464807604393172,0.015624545819335367,0.07577004549501457,0.07619825061805552,53.12834313274094,53.089868962112774,38.11283874511719,39.341400909423825,38.38259869530087,39.619857061476935,37.870795416453525,39.09155588301401,34.06714564278012,35.75900416904025,0.089000701904295
2025-10-14,,,,,,,39.500000000000000,39.770000457763670,39.479999542236330,39.770000457763670,2800,,,,,38.528053283691406,,,0.13730713932568053,0.08414596831762991,0.08707636299190928,0.13262705263233948,,,,,,,,,,,,38.25209584626344,39.485147068815124,38.206866628276664,39.43873294018533,37.7068938359558,38.97854730290161,34.8081156386436,36.51572842830253,,,,,0.006305943824371757,0.044119083607810694,0.0442717771774781,0.0694398531175738,0.06981295592994004,57.6191276019815,57.582223447660326,38.16922149658203,39.399600982666016,38.36691375005813,39.603666578020366,37.88835634504046,39.10968290056501,34.10289230043926,35.791325599428205,0.270000457763670
2025-10-15,,,,,,,39.591999053955080,39.591999053955080,39.591999053955080,39.591999053955080,600,,,,,38.355609893798830,,,0.13783099458473624,0.08492439471358647,0.08460395759683637,0.13274267381047908,,,,,,,,,,,,38.28660052877524,39.52076439719511,38.220388743324136,39.45266622325531,37.7271662127634,38.99771767012203,34.83615907149068,36.54004677316935,,,,,-0.004485834101410511,0.05152658973180024,0.052012125348824156,0.06585720044041908,0.06625278981371685,53.67579793647453,53.643186602553456,38.22385940551758,39.45600051879883,38.34832255045573,39.584476107642764,37.89622945634146,39.11780984061105,34.1378102075486,35.82278591489035,0E-15
2025-10-16,,,,,,,39.837001800537110,39.837001800537110,39.659999847412110,39.659999847412110,5900,,,,,38.421485900878906,,,0.13782164180880413,0.08519860598432416,0.08389866007645062,0.13272994166073523,,,,,,,,,,,,38.33156231947646,39.56717621393411,38.23867030310184,39.47151473454229,37.74886370301701,39.018413988162344,34.86450157607082,36.5647104338353,,,,,0.0017160332144382456,0.06199805988396179,0.06290833464374401,0.06508537232912762,0.06558389877972229,54.94435786997449,54.91211385197681,38.27810974121094,39.512000274658206,38.33185341244652,39.56747618175688,37.90834675137959,39.130317748539035,34.17309694441538,35.85463115147182,-0.177001953125000
2025-10-17,,,,,,,39.840000152587890,39.970001220703125,39.840000152587890,39.856998443603516,1300,,,,,38.612335205078125,,,0.10048876150121402,0.08713255445939753,0.08435665229388557,0.1327272478230489,,,,,,,,,,,,38.42515328134368,39.66378362382391,38.27263983964514,39.50655870809331,37.77584718745642,39.04461975239488,34.89412871938313,36.59073642600738,,,,,0.004954958534592003,0.08472011848763117,0.08644333438986962,0.06901232156082833,0.06975578590175176,58.49081900141619,58.45965229966916,38.440669250488284,39.67979965209961,38.32677895682199,39.56223805745443,37.924139234754776,39.146619282071555,34.208548356616305,35.886623208484956,0.016998291015626
2025-10-20,,,,,,,40.005001068115234,40.005001068115234,40.005001068115234,40.005001068115234,100,,,,,38.755714416503906,,,0.06705249641811913,0.08813820618867985,0.08423697568692652,0.13275389681130287,,,,,,,,,,,,38.53534032639709,39.77752277192102,38.316555710268666,39.55187164991349,37.80646803836415,39.07463166851114,34.92465508853033,36.617726660332345,,,,,0.003706423420707968,0.1129944876100879,0.1157038047002743,0.07780875477068025,0.07894538966145627,60.976000372878474,60.945794750946305,38.53463973999023,39.77679977416992,38.32797840663365,39.5634761991955,37.944268181210475,39.16739709036691,34.24445761574639,35.91908352715628,0E-15
2025-10-21,,,,,,,39.909000396728516,39.909000396728516,39.909000396728516,39.909000396728516,100,,,,,38.662712097167970,,,0.06384162455183512,0.08853741620959965,0.08429267044519691,0.1327508595431291,,,,,,,,,,,,38.57779758332072,39.82134864685685,38.34802447271405,39.58433789962395,37.83322566520177,39.10070569126793,34.95420494630612,36.64374463453311,,,,,-0.002402589881028434,0.12644009620503027,0.12965193950863352,0.08753502305755025,0.08908669963089172,58.52822504033899,58.500101211448744,38.561571502685545,39.80459976196289,38.32447233654204,39.559857141403924,37.96116783505394,39.18484151931036,34.28029413828774,35.95148035079714,0E-15
2025-10-22,,,,,,,39.840999603271484,39.840999603271484,39.840999603271484,39.840999603271484,200,,,,,38.596836090087890,,,0.05147182676415301,0.08790768624700228,0.08340889438930595,0.13267264496656292,,,,,,,,,,,,38.58414375224311,39.82789896566173,38.370643710657134,39.60767078177372,37.857088490979464,39.123839876018046,34.98300044941902,36.66901937736898,,,,,-0.001705317325567358,0.13027842606415163,0.13367788565525984,0.09608370365887052,0.09800493683576535,56.789236106937146,56.76252294682114,38.60981674194336,39.854399871826175,38.31206276303246,39.54704756963821,37.98055860731337,39.204857356964595,34.316369306473504,35.984143045213486,0E-15
2025-10-23,,,,,,,39.799999237060550,40.099998474121094,39.799999237060550,39.980998992919920,1700,,,,,38.732463836669920,,,0.05399524737964433,0.08464121518985449,0.08361641568745246,0.13268841287136512,,,,,,,,,,,,38.63358378038538,39.878932308081126,38.40353644938557,39.64160971005974,37.88444397053229,39.15062609842123,35.012640476195706,36.69520103440891,,,,,0.0035078006856814844,0.1426203175493228,0.1464767647374714,0.10539102643696098,0.10769930241610655,59.45991735023794,59.43397311489325,38.67201232910156,39.918599700927736,38.32018207368397,39.55542845953079,38.002102200947114,39.22709540715293,34.353012319595095,36.01739304406302,0.180999755859370
2025-10-24,,,,,,,40.000000000000000,40.000000000000000,39.709999084472656,39.709999084472656,3100,,,,,38.469924926757810,,,0.07021235591957076,0.08447571315571907,0.0827128218648057,0.1326325923218812,,,,,,,,,,,,38.57903082917619,39.82262123354497,38.409571765510314,39.64782692591546,37.90274025041434,39.16810650423533,35.03997078805786,36.719033430061586,,,,,-0.006801341931661922,0.12972131302136347,0.133216899358942,0.11025708375384148,0.11280282180467364,52.67334025456615,52.65237037266773,38.6435302734375,39.889199829101564,38.328531901041664,39.564047495524086,38.024783724830264,39.25050808134533,34.389509897383434,36.05052795864287,-0.290000915527344
2025-10-27,,,,,,,39.569999694824220,39.731998443603516,39.569999694824220,39.731998443603516,1200,,,,,38.491237640380860,,,0.06053805357637938,0.08448145815245792,0.08224902816032109,0.13257979600253594,,,,,,,,,,,,38.54976643291108,39.79241363689782,38.41699593595309,39.65547888206892,37.92113079385079,39.18572812734059,35.067253529973456,36.74285133530698,,,,,0.0005538563466807257,0.11983710927255942,0.123064909271001,0.11217308885758506,0.11485523929793912,53.14091393284592,53.12000931296002,38.59063491821289,39.834599304199216,38.3371585664295,39.57295227050781,38.04491261073521,39.27128582908993,34.426403204600014,36.084083511715846,0.161998748779296
2025-10-28,,,,,,,39.759998321533200,40.029998779296875,39.759998321533200,39.904998779296875,500,,,,,38.658836364746094,,,0.07128195209309945,0.08525081662268973,0.0822357450466353,0.13261944086791452,,,,,,,,,,,,38.58612307685608,39.829942017697505,38.43898142947973,39.67816250908964,37.94418409294127,39.208205335214224,35.09564548914162,36.76784854830294,,,,,0.004344752488481493,0.12409710874326407,0.12750921835403517,0.11455789283472087,0.11738603510915832,56.75882840922829,56.73856258798188,38.58985977172851,39.83379898071289,38.35731833321707,39.5937618073963,38.0650876968626,39.29211123027499,34.463854161519855,36.11821048978775,0.145000457763675
2025-10-29,,,,,,,40.080001831054690,40.080001831054690,40.000000000000000,40.040000915527344,2500,,,,,38.789623260498050,,,0.07282765010604955,0.08548199086061621,0.08240270455222898,0.132631287649194,,,,,,,,,,,,38.653956471403404,39.89996165030745,38.47085795957231,39.71105690967489,37.97060406692742,39.23419894709901,35.12484689444879,36.793715365435155,,,,,0.0033773949980777066,0.13645364578179908,0.14030753157020115,0.11893704342413651,0.12197033440136688,59.3935669867661,59.373870016315784,38.62841720581055,39.873599243164065,38.37867754981632,39.61580948602585,38.087646242172,39.315396929544114,34.501857454814605,36.152908907996284,-0.040000915527346
2025-10-30,,,,,,,40.159999847412110,40.159999847412110,40.159999847412110,40.159999847412110,100,,,,,38.905872344970700,,,0.07179259825753687,0.08546139795182021,0.08199217810666484,0.13129948534455474,,,,,,,,,,,,38.73792842925917,39.98664104934234,38.51040472188125,39.75186990401463,37.99983120061627,39.263130225233795,35.15473642370192,36.82032630995671,,,,,0.0029924301354693427,0.1538530972567429,0.15830831818255575,0.12592025419065778,0.12923793115760465,61.631391953125345,61.61230166358154,38.663098907470705,39.9093994140625,38.408709389822825,39.646809532528835,38.11444891066778,39.34306359669519,34.537992167094394,36.18558748184689,0E-15
2025-10-31,,,,,,,40.187999725341800,40.187999725341800,40.167999267578125,40.167999267578125,1300,,,,,38.913623809814450,,,0.028928379868528423,0.07714704167136535,0.08199391354362533,0.13129787465710677,,,,,,,,,,,,38.79649355611093,40.04709378875427,38.54706100260245,39.78969984615677,38.028387219653716,39.29140738280705,35.18445094849333,36.84679012780352,,,,,0.0001992165267677712,0.16635018495533416,0.17124554556237115,0.13400624034359307,0.13763945403855796,61.78263344575797,61.76354693098005,38.75183868408203,40.000999450683594,38.45613316127232,39.69576190766834,38.140713404095365,39.37017471071274,34.57390575560312,36.21802795500982,-0.020000457763675
2025-11-03,,,,,,,40.117000579833984,40.117000579833984,39.849998474121094,39.945999145507810,3700,,,,,38.698554992675780,,,0.06360835220728586,0.08040292321512818,0.08293328494098295,0.13143306073439223,,,,,,,,,,,,38.76384736829922,40.01339557433878,38.560833183518206,39.8039088733705,38.049329962560655,39.311863375391454,35.212230427103464,36.8712898038328,,,,,-0.00554215513472261,0.157089135090402,0.16172062228382345,0.13862281929295486,0.14245568768761105,55.272600892719616,55.256921657884476,38.79330215454102,40.043799591064456,38.48851776123047,39.729190463111514,38.16341030786908,39.393603249201696,34.60917702932206,36.249813662634956,-0.171001434326174
2025-11-04,,,,,,,40.020000457763670,41.080001831054690,39.944999694824220,39.944999694824220,10700,,,,,38.697586059570310,,,0.05663690533049579,0.08030207818694812,0.08284219467425909,0.1313960680013251,,,,,,,,,,,,38.74176026538958,39.99059694783393,38.57326526315931,39.816735311684475,38.069587965592206,39.331648885373724,35.239782645541936,36.89558790573788,,,,,-0.000025038279489028807,0.147965843408997,0.15233537724144952,0.14049142411616328,0.14443162559837874,55.24435822551399,55.22871307102752,38.80105209350586,40.05179977416992,38.516888754708425,39.758476075671965,38.184554084898934,39.415428646027095,34.64393328863477,36.281047783200705,-0.075000762939450
2025-11-05,,,,,,,39.459999084472656,39.759998321533200,39.459999084472656,39.645000457763670,18300,,,,,38.406955718994140,,,0.06959632845504322,0.08436957747781378,0.08438518287493209,0.13165903371010912,,,,,,,,,,,,38.63015874992443,39.875398117810505,38.558146213689746,39.80112305223713,38.08013070788601,39.34144112201091,35.26481958683405,36.91732239231516,,,,,-0.007538640663039045,0.11594755816070546,0.11931468626334407,0.1355826509250717,0.13940823773137181,47.41782742418838,47.40578325258883,38.724518585205075,39.972799682617186,38.52454666864304,39.76638085501535,38.201422978961276,39.432841346377415,34.677180668664356,36.31071049069602,0.185001373291014
2025-11-06,,,,,,,39.520000457763670,39.520000457763670,39.520000457763670,39.520000457763670,100,,,,,38.285861968994140,,,0.053801169252050335,0.08369905279857998,0.08463924239801861,0.13170534327488917,,,,,,,,,,,,38.515393156281,39.75693223112823,38.5333931005356,39.77556645273954,38.086559809795645,39.34702110125318,35.28870134479579,36.9378969224768,,,,,-0.0031578928583491784,0.07988076706119784,0.08211255303248066,0.12444227415229694,0.12794910079159358,44.583678142490925,44.572769539915896,38.60051651000977,39.8447998046875,38.534234364827476,39.776380811418804,38.21526264009022,39.447127084883434,34.710095670488144,36.34003588509938,0E-15
2025-11-07,,,,,,,39.430000305175780,39.458000183105470,39.360000610351560,39.458000183105470,500,,,,,38.225795745849610,,,0.04787128801966614,0.08373406755916808,0.08263985117325172,0.13165430634310005,,,,,,,,,,,,38.41886068613721,39.657288215120644,38.50542970465506,39.74669679186372,38.090910932797335,39.35048919756107,35.311919482353524,36.957818687382954,,,,,-0.0015701198295396926,0.045921379971012755,0.04708393610641792,0.1087380953160401,0.11177606785455844,43.20424464868416,43.1939465364805,38.4629508972168,39.70279998779297,38.53783253261021,39.78009505498977,38.22245921785869,39.45455563257611,34.7421278045291,36.36842477132404,0.027999877929690
2025-11-10,,,,,,,39.560001373291016,39.650001525878906,39.560001373291016,39.650001525878906,800,,,,,38.411800384521484,,,0.07177340500337542,0.07798158929196994,0.08306121537475385,0.13170011767247392,,,,,,,,,,,,38.4165072522653,39.65485931870673,38.496917948279275,39.73790631313783,38.10093872816371,39.359848957821,35.336424469722445,36.97910076515763,,,,,0.004854145048773224,0.03362967886881307,0.034419640375837446,0.0937164120265947,0.09630478235881425,48.51641269939021,48.506315204518934,38.405599975585936,39.64360046386719,38.56698790050688,39.81019029163179,38.23122424171085,39.46360324677967,34.774568383655854,36.397222390250555,0.090000152587890
2025-11-11,,,,,,,39.450000762939450,39.590999603271484,39.450000762939450,39.590999603271484,7100,,,,,38.354640960693360,,,0.07063756375236752,0.06482958913661556,0.08048955993820216,0.13171885680563453,,,,,,,,,,,,38.39588515507465,39.633572746894984,38.48398367668056,39.72455115769543,38.10886692293026,39.36707241549133,35.3602838886234,36.9997481868028,,,,,-0.0014891776508014242,0.01905645839654113,0.01939851866523412,0.07878442130058398,0.08092352962009822,47.059765314339394,47.05018079090593,38.33701095581055,39.57280044555664,38.5702630905878,39.81357120332264,38.23277730790396,39.465206388443235,34.806789557139076,36.42579382184952,0.140998840332034
2025-11-12,,,,,,,39.639999389648440,40.000000000000000,39.639999389648440,40.000000000000000,12400,,,,,38.750869750976560,,,0.08978372244289852,0.07081497920390854,0.08270272140512534,0.13204872223828804,,,,,,,,,,,,38.51421335370862,39.75571516459665,38.508246047071104,39.7495919615413,38.12892951130671,39.386851402507226,35.387086938918685,37.02346559244072,,,,,0.010277664318322078,0.03902952011866745,0.04003558009919317,0.07083344106420068,0.07274593971591721,56.752924879572454,56.74394294717594,38.40579376220703,39.64380035400391,38.580873398553756,39.82452356247675,38.242772601899645,39.47552387298099,34.8405052745153,36.455904937925794,0.360000610351560
2025-11-13,,,,,,,39.610000610351560,39.610000610351560,39.610000610351560,39.610000610351560,300,,,,,38.373050689697266,,,0.12006992892129811,0.07739897956570173,0.08509842850173996,0.13242944965800543,,,,,,,,,,,,38.467159132371506,39.70714364651496,38.49595556003712,39.73690183870587,38.13655829813141,39.39382481525236,35.41069139544658,37.043912509578355,,,,,-0.009797792476456464,0.02409373714799301,0.02463690962565579,0.06148550028095914,0.06312413369786493,47.77105338604933,47.76435032191929,38.423231506347655,39.661800384521484,38.58170391264416,39.82538077944801,38.247201344323535,39.480095333523224,34.8721364566258,36.483841449495344,0E-15
2025-11-14,,,,,,,39.474998474121094,39.474998474121094,39.474998474121094,39.474998474121094,100,,,,,38.242263793945310,,,0.12271380204121267,0.07802162523103283,0.08538703958181401,0.1325000950274921,,,,,,,,,,,,38.39219401956277,39.62976192238367,38.47289267221059,39.71309244192543,38.1398615948756,39.39636149209201,35.43307536697621,37.06313058044431,,,,,-0.0034141221940695798,0.0016841976990349394,0.0015222605282687596,0.049525239764574305,0.05080375906394569,45.109636161450055,45.10356757447507,38.4265251159668,39.66520004272461,38.5731695265997,39.81657119024368,38.24927726624504,39.48223816402375,34.903100483001225,36.5110835045103,0E-15
2025-11-17,,,,,,,39.320999145507810,39.320999145507810,39.320999145507810,39.320999145507810,200,,,,,38.093074798583984,,,0.11689461050042897,0.07663982641477045,0.08550333937987085,0.1325863847763924,,,,,,,,,,,,38.29248761256984,39.52684099675838,38.43836377460817,39.67744759679656,38.138399507491485,39.39400641876125,35.45410303046718,37.08097934380449,,,,,-0.003908784268515128,-0.027793443353324676,-0.02888970170837979,0.03406150314099451,0.034865066909480595,42.22012173233178,42.214672082569734,38.362779998779295,39.59939956665039,38.54844284057617,39.79104741414388,38.25093799167209,39.48395241631402,34.933431754036555,36.537670809125146,0E-15
2025-11-18,,,,,,,38.970001220703125,39.120998382568360,38.970001220703125,39.074001312255860,800,,,,,37.853790283203125,,,0.1213424845370797,0.07731876681202575,0.0864253783552127,0.13276417832846532,,,,,,,,,,,,38.146255169447606,39.37589443525754,38.385220729934986,39.622588843656494,38.12950546923248,39.38400625918296,35.4730728901726,37.096734458179604,,,,,-0.006301387342447641,-0.06965995032382466,-0.07209104113658071,0.013317212448030673,0.013473845300268336,38.01417644605321,38.009601828502305,38.26260986328125,39.49599990844727,38.505494072323756,39.74671409243629,38.24930802602616,39.48226989261688,34.962965337056964,36.56344064833626,0.104000091552735
2025-11-19,,,,,,,39.324001312255860,39.324001312255860,39.324001312255860,39.324001312255860,100,,,,,38.095981597900390,,,0.09564694953549598,0.08136220040059082,0.08729390134997823,0.13204515662493413,,,,,,,,,,,,38.1294973122652,39.35859672759032,38.35892626338639,39.59544452262008,38.12845784825335,39.38213110459149,35.49380734636017,37.11434131078099,,,,,0.0063776922464665745,-0.08234739421006765,-0.08517367412292742,-0.005815708883588991,-0.0062556585843708155,44.0856747585562,44.08115215267961,38.131632232666014,39.360800170898436,38.478506905691965,39.71885699317569,38.252598777649894,39.48566672915504,34.995126845344664,36.591988268352694,0E-15
2025-11-20,,,,,,,39.064998626708984,39.069000244140625,39.044998168945310,39.044998168945310,700,,,,,37.825691223144530,,,0.08575692719605206,0.08431142793369477,0.08845053973428747,0.13151911896298962,,,,,,,,,,,,38.02822861589164,39.25406387470865,38.310450350637126,39.54540394501328,38.118996391218694,39.37159570035254,35.51224121099879,37.1296034203317,,,,,-0.0071202729510516805,-0.11291089274294563,-0.11670962109572969,-0.02723474565546032,-0.02834645108664259,39.442408111155416,39.43866080084748,38.022160339355466,39.247799682617185,38.4417857215518,39.68095216296968,38.25098413134378,39.48400000920371,35.024400771610324,36.61748429707119,-0.020000457763674
2025-11-21,,,,,,,38.950000762939450,39.330001831054690,38.930000305175780,39.136001586914060,37500,,,,,37.913852691650390,,,0.09286986705708794,0.08361972639470225,0.08761751973774727,0.13129202880642518,,,,,,,,,,,,37.990103307811225,39.21470977877712,38.274396018001966,39.50818554882244,38.11258565060719,39.36423338430759,35.531226281992076,37.1454642754035,,,,,0.002328017935312451,-0.12853709618284626,-0.1328277157681228,-0.04749521576093751,-0.049242704022938635,41.602888923796314,41.5991429299157,37.956478118896484,39.18000030517578,38.40280423845564,39.640714191255114,38.254613180009144,39.487746041918555,35.05296887291802,36.64221049868871,0.186000823974610
2025-11-24,,,,,,,39.450000762939450,39.450000762939450,39.209999084472656,39.209999084472656,2600,,,,,37.985538482666016,,,0.09340034741446906,0.08143597133366577,0.08666823887141724,0.131068405389597,,,,,,,,,,,,37.98858169942949,39.213139547342294,38.24813624206234,39.48107768842701,38.10861542660903,39.35941356243775,35.55062795946776,37.16178470867677,,,,,0.001888969363846027,-0.13359651331334277,-0.13803921217893844,-0.06471547527141856,-0.0670020056541386,43.37198770813837,43.36827008400243,37.93497085571289,39.15780029296875,38.37973821730841,39.61690466744559,38.263224404955665,39.49663489205496,35.0826548621768,36.668123192257355,-0.240001678466794
2025-11-25,,,,,,,39.270000457763670,39.540000915527344,39.270000457763670,39.540000915527344,28700,,,,,38.305236816406250,,,0.09474744782417367,0.087150841103912,0.08818615819714037,0.13123970243582467,,,,,,,,,,,,38.09413340508841,39.32209333673731,38.253327203366325,39.48643434543613,38.11475984504019,39.3650569172218,35.572403523554236,37.18058483679417,,,,,0.00838109729151543,-0.11053497574327764,-0.114224264585566,-0.07387937536579038,-0.07644645744042408,50.56465923595063,50.56099642010566,38.02526016235352,39.251000213623044,38.37088103521438,39.607761928013396,38.27691020662822,39.51076186649383,35.11309092385428,36.69478986376808,0.270000457763674
2025-11-26,,,,,,,39.299999237060550,39.610000610351560,39.299999237060550,39.479999542236330,3600,,,,,38.247108459472656,,,0.09018491095897063,0.0856257526228072,0.08708534805233448,0.13120247051322376,,,,,,,,,,,,38.14512508988316,39.37472873857032,38.25276186301236,39.485849363327056,38.118895739241204,39.3686488742535,35.593547436091136,37.19876202814154,,,,,-0.001518656754302857,-0.09584418161051644,-0.09905056317710148,-0.0782723366147356,-0.08096727858775955,49.33758963757813,49.334092988794154,38.055485534667966,39.28219985961914,38.35127494448707,39.587523869105745,38.29367150200738,39.528063456217446,35.143666713956804,36.72161525393289,0.180000305175780
2025-11-28,,,,,,,39.470001220703125,39.470001220703125,39.209999084472656,39.359001159667970,1500,,,,,38.129890441894530,,,0.07015682132425671,0.08484682532200451,0.08727091506432678,0.13113398804480433,,,,,,,,,,,,38.14004687388695,39.369486212269535,38.24159173381983,39.47431770844896,38.11923932369912,39.368347383172704,35.613597578429506,37.21583901732356,,,,,-0.0030694609973133235,-0.09259278383055403,-0.09568584685766268,-0.08113642605789928,-0.08391099224174019,46.867650226800784,46.86441130553257,38.11632537841797,39.345000457763675,38.319859095982146,39.55509530930292,38.30954094538613,39.544444432334295,35.174370023939346,36.74859541181534,-0.111000061035155
2025-12-01,,,,,,,39.259998321533200,39.270000457763670,39.159000396728516,39.159000396728516,600,,,,,37.936134338378906,,,0.08378337885237418,0.08489675188917743,0.08795116311128548,0.13126839896983358,,,,,,,,,,,,38.0720760287176,39.299324273755865,38.213822879688834,39.44565249829255,38.113517292907865,39.36180528984632,35.63195755281646,37.23119997684455,,,,,-0.005094430085564877,-0.10444653133376391,-0.10791371291757201,-0.0857984471130722,-0.08871153637690654,43.03275724938911,43.029973628620034,38.12078170776367,39.34960021972656,38.273681095668245,39.50742866879418,38.32167368086557,39.55696826510959,35.20410072235834,36.77456366069733,-0.100997924804684
2025-12-02,,,,,,,39.040000915527344,39.098999023437500,39.040000915527344,39.098999023437500,100,,,,,37.878005981445310,,,0.0827410826931566,0.0847484764584201,0.08802949937971083,0.1309987242068482,,,,,,,,,,,,38.00738601296017,39.232549190316405,38.183294070757604,39.414138546033,38.106157564424656,39.35359259402105,35.649712876362926,37.24596518669904,,,,,-0.0015334439744056846,-0.1171804015109359,-0.12105059829351461,-0.09207483799264495,-0.09517934876022816,41.924438546563124,41.92178794396399,38.09927520751953,39.32740020751953,38.224365960984,39.45652389526367,38.33272994510711,39.56838093106709,35.23454530655392,36.80130571789212,0.058998107910156
2025-12-03,,,,,,,39.400001525878906,39.423000335693360,39.400001525878906,39.423000335693360,500,,,,,38.191890716552734,,,0.08186588569449257,0.089363036019112,0.08936463063067317,0.13101258233037097,,,,,,,,,,,,38.06888758082436,39.29603290544206,38.18407558401171,39.41494416327485,38.10883672542866,39.35576158594831,35.66980914387431,37.263174950722714,,,,,0.008252581642930905,-0.10078245310544531,-0.10411727733067266,-0.09381636101520502,-0.09696693447431706,49.48952313841938,49.48690567638439,38.07660598754883,39.30400009155274,38.20023909069243,39.43161919003441,38.34733841911195,39.583460308256605,35.26527240541246,36.82830175520882,0.022998809814454
2025-12-04,,,,,,,39.669998168945310,39.790000915527344,39.549999237060550,39.645000457763670,8800,,,,,38.406955718994140,,,0.0918409114173699,0.0919411039276223,0.08946296739614756,0.13109440393753868,,,,,,,,,,,,38.18157696021429,39.4123554228826,38.20433741446465,39.43585837186475,38.118152943977584,39.364800300692536,35.69144666620728,37.28200361085742,,,,,0.005615373535650783,-0.0696303571160044,-0.07195449729628223,-0.0889791602353649,-0.0919644470387101,53.9187586424125,53.91626814528548,38.108575439453126,39.3370002746582,38.186399550664994,39.417333512079146,38.36786712162078,39.6046507699149,35.296634386456205,36.85594461077736,-0.024997711181640
2025-12-05,,,,,,,39.799999237060550,39.799999237060550,39.549999237060550,39.650001525878906,1500,,,,,38.411800384521484,,,0.08589336712403961,0.08815545511959134,0.08411246423066343,0.13109632122682893,,,,,,,,,,,,38.25831810165002,39.49157079054803,38.223197684469824,39.45532593132058,38.127329426494576,39.373712838979614,35.712951438684065,37.30072296196431,,,,,0.0001261323608842762,-0.044043466915653084,-0.0455367981342647,-0.07999202157142253,-0.08267891725782102,54.01657856730972,54.01409458086374,38.164957427978514,39.39520034790039,38.18663024902344,39.417571658179874,38.37924636356414,39.61639682830326,35.327863715943835,36.883444611988374,-0.149997711181644
2025-12-08,,,,,,,40.000000000000000,40.000000000000000,39.919998168945310,39.944999694824220,400,,,,,38.697586059570310,,,0.0700827295299049,0.090936263475318,0.08166915352484574,0.1312449038161787,,,,,,,,,,,,38.40474075429012,39.64271375864009,38.26632390038805,39.49984172800273,38.145149946278195,39.39156555322476,35.73654538825629,37.3216263353466,,,,,0.007412508302154625,-0.0006971205506189904,-0.0007876152494716848,-0.06413304136726182,-0.06630065685615115,59.48076748768363,59.478415991713376,38.317247772216795,39.55240020751953,38.20623615809849,39.43780971708752,38.38761157081241,39.62503172859313,35.359893753415065,36.91175809739128,-0.055000305175780
2025-12-09,,,,,,,40.470001220703125,40.470001220703125,40.339000701904300,40.339000701904300,200,,,,,39.079284667968750,,,0.059385021640672886,0.09606408769899087,0.08384817133526758,0.13154519986833094,,,,,,,,,,,,38.62958872551633,39.87480940639483,38.34022942471357,39.57612890744832,38.17434165633102,39.42117290162099,35.76297020469671,37.34547909713758,,,,,0.0098153003387899,0.06372052836032793,0.06571154131052026,-0.03856232742174387,-0.03989821722281687,65.39534528084421,65.3931621151097,38.55750350952148,39.80040054321289,38.246878487723215,39.4797621227446,38.400974455333895,39.63882537115188,35.39329031535557,36.94147636019994,-0.131000518798825
2025-12-10,,,,,,,40.290000915527344,40.459999084472656,40.240001678466800,40.417999267578125,2800,,,,,39.155815124511720,,,0.06270070956811154,0.09513880928749092,0.08347922435741091,0.13154770788359393,,,,,,,,,,,,38.804997525181456,40.05587269345593,38.414373579240674,39.65266257655104,38.205012702211675,39.45232372555715,35.78979111315374,37.369767794137104,,,,,0.0019564231695639728,0.11956903012748654,0.12336505050603108,-0.00693605591189779,-0.007245563677047278,66.4526948382637,66.45056729395807,38.75028839111328,39.99940032958985,38.28230776105608,39.5163334437779,38.412784213111514,39.65101581149631,35.42694241659982,36.97145652014112,0.127998352050781
2025-12-11,,,,,,,40.584999084472656,40.584999084472656,40.584999084472656,40.584999084472656,200,,,,,39.317600250244140,,,0.06265061233889886,0.09533921970588091,0.08382766144501069,0.13157072213827323,,,,,,,,,,,,38.975865100202356,40.23224815712817,38.49648509478644,39.73742044090754,38.23978106308768,39.48771983052326,35.81767893241928,37.39518464228205,,,,,0.00412331626395384,0.17486830473139037,0.1804512319869076,0.029424816216759842,0.030293795455743698,68.63454362560593,68.63249784516708,38.93241729736328,40.18740005493164,38.3281629653204,39.563666752406526,38.42700825040303,39.6656983390687,35.460877221728126,37.001714456649054,0E-15
2025-12-12,,,,,,,40.630001068115234,40.630001068115234,40.630001068115234,40.630001068115234,200,,,,,39.361198425292970,,,0.05838963155171103,0.08942314264183429,0.08085945714615786,0.13151811274095124,,,,,,,,,,,,39.10430954189923,40.364832460790524,38.575095397559764,39.818564134290064,38.2748253556566,39.52341611919801,35.84569094422065,37.42075631363251,,,,,0.0011082573767049312,0.21967906313170715,0.22671035028116648,0.06747566559974931,0.06957710642082826,69.21559190613728,69.21355076837263,39.12229690551758,40.383399963378906,38.35722623552595,39.59366680326916,38.43500446137928,39.67395231458876,35.495318397643075,37.03250811591981,0E-15
2025-12-15,,,,,,,40.220001220703125,40.220001220703125,40.220001220703125,40.220001220703125,300,,,,,38.964000701904300,,,0.11552744021662015,0.0899414231799814,0.0832557656632482,0.1319871513091045,,,,,,,,,,,,39.057539928567586,40.31655538076139,38.61045042522745,39.85505841487307,38.29636208522684,39.54518440362005,35.870341614241866,37.44288473187022,,,,,-0.010142358594721727,0.22059845359517993,0.2276631149599595,0.09810022319883543,0.1011943081286545,58.57022519947652,58.56873148498689,39.17557983398437,40.43840026855469,38.38536671229771,39.622714451381135,38.4384643917992,39.677523779490635,35.528135246700714,37.06162320242988,0E-15
2025-12-16,,,,,,,38.785999298095700,38.900001525878906,38.779998779296875,38.784999847412110,1000,,,,,38.784999847412110,,,0.09211992959481387,0.0907233243595116,0.08377641303890765,0.13160619845009983,,,,,,,,,,,,38.96669323484909,39.80603686964496,38.62631855451696,39.75778036328571,38.31163201529513,39.52142863623855,35.893382390788666,37.45349433752668,,,,,-0.004604590914247197,0.20452556082393158,0.11134208753739472,0.11938529072385466,0.10322386401040255,54.502024581423726,37.075945848946354,39.116722869873044,40.12760009765625,38.41121128627232,39.589857373918804,38.43874474177285,39.65796824863979,35.56151227345542,37.08640494422307,-0.000999450683590
2025-12-17,,,,,,,38.459999084472656,38.459999084472656,38.415000915527344,38.439998626708984,1400,,,,,38.439998626708984,,,0.09851498982287839,0.09546709882526705,0.08563448254978975,0.1316969214919542,,,,,,,,,,,,38.791128365469056,39.350690788666306,38.609380379261694,39.63798202359691,38.315643471901815,39.48763394844075,35.9135137444323,37.461292790405594,,,,,-0.00893502163211793,0.16208059804593233,-0.008582941155019341,0.1279243521882702,0.08086250297731817,47.63454053727914,33.85893056368157,38.9735595703125,39.73199996948242,38.42773146856399,39.54790496826172,38.43431775532071,39.63373014662001,35.59236826972356,37.108583503299286,-0.020000457763672
2025-12-18,,,,,,,38.583000183105470,38.583000183105470,38.583000183105470,38.583000183105470,200,,,,,38.583000183105470,,,0.09648806086237562,0.09283455561110521,0.08597308835169985,0.13159042559015413,,,,,,,,,,,,38.721752304681196,39.094793920146024,38.60698217961112,39.542074583552235,38.323998369126926,39.45936414327402,35.934616404026556,37.4701600425218,,,,,0.003713221321296113,0.13838645680083772,-0.09103595410856968,0.1300167731107837,0.0464828115601406,50.4230349385698,36.325160472355805,38.826639556884764,39.331600189208984,38.46245574951172,39.5245239621117,38.431976076156374,39.6115714179145,35.62440661021641,37.131988260481094,0E-15
2025-12-19,,,,,,,38.639999389648440,40.220001220703125,38.520000457763670,40.220001220703125,20300,,,,,40.220001220703125,,,0.34149952903731184,0.168265954792364,0.1196618593219287,0.13771320822908717,,,,,,,,,,,,39.221168610021834,39.46986302033173,38.75362027425585,39.60370427783868,38.38324845823868,39.48313405194368,35.96849296384218,37.49189791744813,,,,,0.04155264499734056,0.24883259464450447,-0.024011468903609057,0.15377993741752785,0.03238395546739067,70.07079137539414,56.377522873715805,38.998400115966795,39.24960021972656,38.563599541073756,39.567190624418714,38.455526261102584,39.61530158633278,35.66294099414159,37.16380572697473,1.580001831054685
2025-12-22,,,,,,,38.349998474121094,38.494998931884766,38.340000152587890,38.494998931884766,2500,,,,,38.494998931884766,,,0.4849993074436488,0.23123242137552494,0.14891346855591384,0.14348909612156777,,,,,,,,,,,,38.97911205064281,39.14490832418274,38.73010924313121,39.502912882751964,38.38674066054013,39.45225482944184,35.9884653430362,37.49982756973617,,,,,-0.04383607971199896,0.19492174974854493,-0.108832793062966,0.16200829988373128,0.004140605761319334,48.33345680418017,41.53425525458524,38.90459976196289,38.90459976196289,38.59547133672805,39.54100018455868,38.449773273770774,39.58966663905552,35.6968934498136,37.19116683233352,0.145000457763672
2025-12-23,,,,,,,38.810001373291016,38.904998779296875,38.810001373291016,38.880001068115234,11500,,,,,38.880001068115234,,,0.49183349989778835,0.23335094334896983,0.1494732164574545,0.143519708269245,,,,,,,,,,,,38.94607505646695,39.05660590549357,38.74373577267521,39.446284535966804,38.402155048276846,39.43437189940038,36.011323332957765,37.51073803217395,,,,,0.009951672081181397,0.18117499894817257,-0.14333556559036964,0.16584163969661952,-0.02535462850901846,51.91858473069788,45.013897630225564,38.92360000610351,38.92360000610351,38.641478402274,39.5288096836635,38.4548215714712,39.57498411148313,35.73124579777793,37.218865250784255,0.069999694824218
2025-12-24,,,,,,,38.669998168945310,38.669998168945310,38.576000213623050,38.576000213623050,200,,,,,38.576000213623050,,,0.4905820606800519,0.23541717970683768,0.1496556295405924,0.14371372006802013,,,,,,,,,,,,38.822716775518984,38.8964040082034,38.72848708548865,39.3671677793901,38.407587709693914,39.407547784219844,36.03159745849663,37.519159077086584,,,,,-0.007849680087803368,0.14408929982658947,-0.19298497900476974,0.1614911717226135,-0.05888069860816872,49.02579891405555,42.84552012744448,38.95080032348633,38.95080032348633,38.66959562755766,39.4986192612421,38.45928858196925,39.559857141403924,35.76484294164749,37.245833502875435,-0.093997955322260
2025-12-26,,,,,,,38.729999542236330,38.819999694824220,38.729999542236330,38.814998626708984,6100,,,,,38.814998626708984,,,0.4918432318097984,0.2346374781355411,0.15014523928453047,0.14379952377372154,,,,,,,,,,,,38.82014405924899,38.86926888103859,38.73635177105414,39.31697058369182,38.420319300850636,39.38903062304763,36.05360062978684,37.529402867992694,,,,,0.006176407500688436,0.13245690982277836,-0.2106194325846431,0.15568431934264648,-0.0892284454034636,51.32210673282573,45.08518329829564,38.99720001220703,38.99720001220703,38.69386999947684,39.464095342726935,38.46730320037357,39.548269847082715,35.799087721204,37.273432701353045,0.084999084472654
2025-12-29,,,,,,,38.619998931884766,38.619998931884766,38.507999420166016,38.507999420166016,200,,,,,38.507999420166016,,,0.3372199096870246,0.23642613730846435,0.15097101865923318,0.1434177959176585,,,,,,,,,,,,38.71609584622133,38.7488457274144,38.71559246642794,39.24342775064402,38.42305930457924,39.361498397957575,36.073002991766124,37.53713880911659,,,,,-0.007940737618996796,0.0973437683027214,-0.2465253436596555,0.14401620913466145,-0.12068782505470198,48.311479841591186,42.766896883668664,38.65479965209961,38.65479965209961,38.706293378557476,39.41780962262835,38.47162888542054,39.5330317663768,35.8303434432499,37.29794459872775,-0.111999511718750
2025-12-30,,,,,,,38.139999389648440,38.819999694824220,38.069999694824220,38.069999694824220,1200,,,,,38.069999694824220,,,0.15227686696772202,0.23969500634359273,0.15262117562686517,0.1439206118525389,,,,,,,,,,,,38.50073046242229,38.522563716551005,38.65690221446397,39.13675247284222,38.4120261917744,39.32113906348466,36.088789526968164,37.54135114813404,,,,,-0.011439434479994846,0.033783992516966066,-0.3067874988749253,0.12196976581112239,-0.15790775981874663,44.317136264595796,39.63549502036504,38.5697998046875,38.5697998046875,38.70344143822079,39.35642860049293,38.46732602800642,39.50911113194057,35.85941367679172,37.32024618179079,-0.069999694824220
2025-12-31,,,,,,,38.470001220703125,38.470001220703125,38.277000427246094,38.277000427246094,300,,,,,38.277000427246094,,,0.1314381731117202,0.23968867827771367,0.15298355805177033,0.14382836915169359,,,,,,,,,,,,38.42615378403023,38.440709286782706,38.622365688353256,39.05859319596984,38.40780663663289,39.2885097311022,36.10608763685178,37.547166557455085,,,,,0.005422642391438413,0.00011432356160412382,-0.33399240537318065,0.09759867736121873,-0.19312468892963344,46.56566386627546,41.804223876193646,38.44919967651367,38.44919967651367,38.71967315673828,39.31442860194615,38.46735454740978,39.48955560108972,35.89003471344236,37.34413903857034,-0.193000793457031
2026-01-02,,,,,,,38.200000762939450,38.280998229980470,38.200000762939450,38.280998229980470,600,,,,,38.280998229980470,,,0.1254220867313547,0.23958710474954778,0.15179018393579152,0.14344941608536696,,,,,,,,,,,,38.37776859934697,38.38747226784862,38.59133228304663,38.98790274451626,38.403843873925,39.25702499669215,36.12328060596742,37.552967598344615,,,,,0.00010443853831420757,-0.025947436496558396,-0.35118169650983333,0.07288945458966331,-0.22473609044567341,46.61050397363132,41.84767738407744,38.39019927978516,38.39019927978516,38.73886326381138,39.2754761832101,38.473120795355904,39.47592066204737,35.92182207107544,37.36926204439194,0.080997467041020
2026-01-05,,,,,,,38.115001678466800,38.115001678466800,38.115001678466800,38.115001678466800,300,,,,,38.115001678466800,,,0.10529294121280723,0.2384251906407133,0.15196660043642762,0.1433436600390575,,,,,,,,,,,,38.29017962572025,38.296648738054685,38.548029500812106,38.90854810214813,38.39481755531693,39.221336767997606,36.13902543658007,37.557410555499736,,,,,-0.004345693830838102,-0.059312387244098375,-0.3738889093842559,0.046449086222910975,-0.2545666542333899,44.92474965907312,40.49559380819157,38.25019989013672,38.25019989013672,38.735201881045384,39.21319053286598,38.47465291098943,39.45800006200397,35.95192433160449,37.39264300512889,0E-15
2026-01-06,,,,,,,38.310001373291016,38.310001373291016,38.110000610351560,38.259998321533200,2300,,,,,38.259998321533200,,,0.10802528472348998,0.23795910499753503,0.15209298254569548,0.14336425442182976,,,,,,,,,,,,38.280119190991236,38.28443193254752,38.52184484815039,38.849589031183136,38.390604454261194,39.19129494154559,36.15579202065084,37.562964608986164,,,,,0.003796970664944844,-0.07321040975332949,-0.37585193473204015,0.02251718702766288,-0.27882371033312,46.73684455797787,42.25077479374155,38.200599670410156,38.200599670410156,38.72820390973772,39.147238050188335,38.47716407170371,39.44101587931315,35.982688449677966,37.41669061448839,-0.050003051757816
2026-01-07,,,,,,,38.200000762939450,38.220001220703125,38.165000915527344,38.165000915527344,800,,,,,38.165000915527344,,,0.06528651186795191,0.23808842176951817,0.15198716706937324,0.14340339058668297,,,,,,,,,,,,38.24174643250327,38.2446215935408,38.4894044906392,38.7873537479417,38.383554343675755,39.159223253232526,36.17167509491864,37.56772378927503,,,,,-0.0024860309029933595,-0.09084300781369592,-0.38068484527298807,-0.00015485194060888024,-0.29919593732109356,45.67647912862861,41.38938400176295,38.219599914550784,38.219599914550784,38.716451554071334,39.076523735409694,38.47587615724594,39.42015874953497,36.01291016926841,37.44018665192619,-0.034999847412106
2026-01-08,,,,,,,37.959999084472656,38.058998107910156,37.930000305175780,38.058998107910156,4500,,,,,38.058998107910156,,,0.05063979644214243,0.23653765101668142,0.15184534695386004,0.1433252764335052,,,,,,,,,,,,38.18083032430557,38.18274709833058,38.45027663766383,38.72113959884793,38.37341196130808,39.1248412174412,36.18659464442846,37.57160738072669,,,,,-0.002781351734650725,-0.1120785378667648,-0.3885890892358148,-0.022539589125840063,-0.3170745677040378,44.46421540068083,40.39961671122593,38.17599945068359,38.17599945068359,38.68604260399228,38.98671413603283,38.47550437563942,39.400301554846386,36.04188035026429,37.462385056510804,0.098999023437500
2026-01-09,,,,,,,38.220001220703125,38.220001220703125,38.144001007080080,38.144001007080080,300,,,,,38.144001007080080,,,0.055913905569347826,0.23369410087800085,0.15186966948729907,0.1433190441166172,,,,,,,,,,,,38.1685538852304,38.16983173458041,38.42243339851986,38.668672454141756,38.36624286898846,39.09418996086742,36.20206821251266,37.5761322315279,,,,,0.002230960340495457,-0.12065795506439514,-0.3835726492246394,-0.04216326231355108,-0.33037418400815816,45.70854946272437,41.60553225257526,38.148600006103514,38.148600006103514,38.6415052868071,38.8821903410412,38.47540543571351,39.38068250625852,36.07084947919089,37.48456363072471,-0.076000213623045
2026-01-12,,,,,,,37.625000000000000,37.641998291015625,37.479999542236330,37.641998291015625,1600,,,,,37.641998291015625,,,0.10578745536839752,0.23705584282090436,0.1530686094682509,0.143932906224,,,,,,,,,,,,37.993035353825476,37.99388725339215,38.35148475238311,38.575338439312105,38.34361022592681,39.04880897118455,36.21345105898304,37.57665291184006,,,,,-0.013248094977568646,-0.16605050195583715,-0.4153169923865505,-0.06694071024200829,-0.3473627456838366,40.00741159065439,36.861981725555026,38.05399932861328,38.05399932861328,38.56941877092634,38.749999818347746,38.47290481082977,39.35884118458581,36.0971535501026,37.50403980981736,0.016998291015625
2026-01-13,,,,,,,37.770000457763670,37.840000152587890,37.680000305175780,37.680000305175780,264900,,,,,37.680000305175780,,,0.09680707598454924,0.2363068171440052,0.15084627882242319,0.1439303220600532,,,,,,,,,,,,37.888690337608914,37.889258270653364,38.290440711727896,38.493944063481536,38.32287241590333,39.00603370037177,36.2250443336565,37.577469887281445,,,,,0.0010090549399342302,-0.19669065007789044,-0.4324234596329788,-0.09289069820918472,-0.36437488847366506,40.61129512858647,37.443429366982386,37.9379997253418,37.9379997253418,38.49143782116118,38.61166654314314,38.46328795902313,39.32963483295743,36.123623461950395,37.52368266998776,-0.090000152587890
2026-01-14,,,,,,,37.650001525878906,37.650001525878906,37.630001068115234,37.650001525878906,1200,,,,,37.650001525878906,,,0.09816633221593075,0.2360805234964157,0.15025871083452558,0.1439262668130261,,,,,,,,,,,,37.809127400365576,37.80950602239521,38.2322189675598,38.41722201460857,38.30184520059007,38.96365769491887,36.236308817389485,37.57804325991858,,,,,-0.000796463033413205,-0.22084804025898563,-0.44329112480263433,-0.1184821666191449,-0.3801581357394589,40.26672033885096,37.15256526585871,37.83499984741211,37.83499984741211,38.409952254522416,38.46976180303665,38.44935062953404,39.29598405626085,36.15011343123421,37.543353307814826,0E-15
2026-01-15,,,,,,,37.433998107910156,37.433998107910156,37.431999206542970,37.431999206542970,400,,,,,37.431999206542970,,,0.10061064670003575,0.2346971147517935,0.15042909222430703,0.14407588577409888,,,,,,,,,,,,37.68341800242471,37.68367041711113,38.15947171655827,38.32765630478442,38.2746625132761,38.91579336715712,36.24576091532745,37.57688876147292,,,,,-0.005807062407270903,-0.2546484820828354,-0.4641444249845321,-0.145715429711883,-0.39695539358847354,37.75943174755835,35.02337388128042,37.70960006713867,37.70960006713867,38.33699980236235,38.33699980236235,38.43469014243474,39.26169834439717,36.175587926592144,37.56200012328133,-0.001998901367186
2026-01-16,,,,,,,37.435001373291016,37.435001373291016,37.415000915527344,37.415000915527344,97300,,,,,37.415000915527344,,,0.09277414290260808,0.2345370512118536,0.15036838652085188,0.1437253677836066,,,,,,,,,,,,37.59394564012559,37.594113916583204,38.09179255282819,38.24468763303378,38.24779808834645,38.868893603043695,36.255003919281606,37.57560901565517,,,,,-0.00045421436477471584,-0.2795843217456948,-0.47654907455298456,-0.17248920811864538,-0.4128741297813757,37.56302902604042,34.85563731365451,37.56380004882813,37.56380004882813,38.27176175798689,38.27176175798689,38.4187141902863,39.22606344071646,36.19965652435545,37.5791667907957,-0.020000457763672
2026-01-20,,,,,,,37.979999542236330,37.979999542236330,37.395000457763670,37.819999694824220,4800,,,,,37.819999694824220,,,0.09624835897841082,0.23681118972914786,0.1516565915753635,0.1440265063663374,,,,,,,,,,,,37.669296991691795,37.669409175996876,38.06708411119146,38.20607963865109,38.23442938854888,38.836115668411836,36.26737542738866,37.577540957782986,,,,,0.010766337159299115,-0.2636272072157553,-0.4485294634783301,-0.19071680793806736,-0.4200051965207666,44.9147723751004,41.9848903065928,37.59940032958984,37.59940032958984,38.24223799932571,38.24223799932571,38.40613743615529,39.19373012724377,36.22476455900404,37.59734138609871,-0.159999847412110
2026-01-21,,,,,,,37.979000091552734,37.979999542236330,37.909999847412110,37.909999847412110,900,,,,,37.909999847412110,,,0.09679531869911026,0.23653720068916315,0.1515360573701294,0.14397947351121787,,,,,,,,,,,,37.749531276931904,37.74960606646862,38.05280372357516,38.179163293993,38.224290965388356,38.807174549005595,36.280360600669475,37.58016909129785,,,,,0.0023768703420922114,-0.2409413963979361,-0.4142858305099466,-0.2007617256300411,-0.4188613233186026,46.42446739882399,43.465547737930464,37.64540023803711,37.64540023803711,38.21019036429269,38.21019036429269,38.392713395376056,39.16047613961356,36.25063953702412,37.616305669148765,-0.069000244140624
2026-01-22,,,,,,,37.900001525878906,37.900001525878906,37.819999694824220,37.860000610351560,1600,,,,,37.860000610351560,,,0.09754947996300706,0.17946649732833508,0.15149191733529227,0.14284737308079598,,,,,,,,,,,,37.786354388071786,37.78640424776293,38.03527616782756,38.15014850457105,38.21290689179346,38.777575363422656,36.29284787347329,37.58238119816783,,,,,-0.0013197636007857342,-0.22441038522186574,-0.38672411042262667,-0.20549145754840603,-0.4124338807394074,45.67553514483156,42.81184214087827,37.68740005493164,37.68740005493164,38.09780938284738,38.09780938284738,38.37997194320437,39.12795233348059,36.2739512806847,37.632575519501216,-0.040000915527346
2026-01-23,,,,,,,37.865001678466800,37.865001678466800,37.865001678466800,37.865001678466800,100,,,,,37.865001678466800,,,0.07820230115414156,0.10013394288997851,0.15146883576050546,0.14284681298860816,,,,,,,,,,,,37.81257015153679,37.81260339133089,38.01979666879476,38.1242260658343,38.202034853877,38.74905743576779,36.305275966793396,37.584615352162295,,,,,0.00013208499098960033,-0.20850240937704712,-0.36032411220914895,-0.20609364791413426,-0.40201192703335575,45.769772070602386,42.90433841345884,37.774000549316405,37.774000549316405,38.067809513636995,38.067809513636995,38.36835552397228,39.09658728705512,36.29728286985367,37.648865215362065,0E-15
2026-01-26,,,,,,,37.500000000000000,37.500000000000000,37.279998779296875,37.279998779296875,3300,,,,,37.279998779296875,,,0.1512548601786432,0.10458218150559051,0.1542970053775266,0.14324214927173615,,,,,,,,,,,,37.635046360790156,37.63506852065289,37.95254231520405,38.047478130694536,38.173221226546374,38.70314935275307,36.31298128546931,37.58220731601316,,,,,-0.015570289820236321,-0.24032969764463985,-0.382200993175573,-0.21294085786023537,-0.3980497402617992,37.56155010967928,35.642227264849524,37.74700012207031,37.74700012207031,37.99161892845517,37.99161892845517,38.3453005230616,39.053714267791264,36.319759293208044,37.66438108777243,-0.220001220703125
2026-01-27,,,,,,,37.639999389648440,37.735000610351560,37.639999389648440,37.735000610351560,600,,,,,37.735000610351560,,,0.15794813661366267,0.11306352337938047,0.15584589508105645,0.14359220625550362,,,,,,,,,,,,37.66836444397729,37.66837921721911,37.932765796581094,38.01907108339063,38.15952683229028,38.67289470455302,36.324222544954544,37.58341516814232,,,,,0.012131104838304669,-0.22623036491950899,-0.3586889903936097,-0.2155987592720901,-0.3901775902881613,45.71579309435172,43.633606481113155,37.73000030517578,37.73000030517578,37.95157132829939,37.95157132829939,38.33363505772182,39.02236508566236,36.34325173544505,37.68086917816647,0.095001220703120
2026-01-28,,,,,,,37.610000610351560,37.700000762939450,37.430000305175780,37.479999542236330,10000,,,,,37.479999542236330,,,0.16097320313645708,0.11152824456892242,0.15637085523488425,0.14137952518873753,,,,,,,,,,,,37.605576143396966,37.60558599222485,37.891605228004295,37.97006457964933,38.138291604476095,38.635616730730625,36.33335912200816,37.582597653313016,,,,,-0.006780616754835765,-0.23294772089710136,-0.35652224731844484,-0.21906855159709235,-0.383446521694218,42.37567584454472,40.59153283231239,37.64400024414063,37.64400024414063,37.887999943324495,37.887999943324495,38.317583659338574,38.986619071354944,36.3623109620715,37.69273424905444,-0.130001068115230
2026-01-29,,,,,,,36.819999694824220,36.939998626708984,36.740001678466800,36.840000152587890,14300,,,,,36.840000152587890,,,0.19165697735646967,0.12222993204278426,0.1596142623623847,0.1422282116102611,,,,,,,,,,,,37.35038414646061,37.35039071234586,37.796004766602806,37.86733144991647,38.09771999660459,38.579503712663666,36.33736418944357,37.57672731733891,,,,,-0.017223229627662085,-0.28661001411763465,-0.40181580736177125,-0.2325768441012008,-0.38712037882772865,35.38744954004599,34.1553347281258,37.44000015258789,37.44000015258789,37.80857140677316,37.80857140677316,38.28871324327257,38.937968299502415,36.379883228786404,37.7031707612295,0.020000457763670
2026-01-30,,,,,,,36.630001068115234,36.630001068115234,36.630001068115234,36.630001068115234,500,,,,,36.630001068115234,,,0.18529387976337272,0.11826886764428894,0.15969124112661448,0.14228994763849717,,,,,,,,,,,,37.110256453678815,37.11026083093565,37.69000443037666,37.754846869752726,38.051853780089296,38.51858175502153,36.33967752445283,37.56924331536876,,,,,-0.0057166095787164325,-0.34213897407322236,-0.44947518100195083,-0.2544892700956051,-0.39959133926257306,33.43884327922954,32.34316452037956,37.19300003051758,37.19300003051758,37.74000004359654,37.74000004359654,38.25443352593316,38.88384131779746,36.39714851833525,37.7133294968378,0E-15
2026-02-02,,,,,,,37.159999847412110,37.229999542236330,37.110000610351560,37.224998474121094,1100,,,,,37.224998474121094,,,0.22190982649406416,0.1315841724943011,0.16311354399765027,0.14302228509386825,,,,,,,,,,,,37.148503793826244,37.14850671199747,37.647731161626155,37.70667883378621,38.02601455177779,38.47815727749339,36.346676109035194,37.56652201227589,,,,,0.016112931629071525,-0.3342813692963773,-0.4342287412836541,-0.27044768993575957,-0.40651881966678927,43.01361243830458,41.770068323264596,37.18199996948242,37.18199996948242,37.68990471249535,37.68990471249535,38.22775298830063,38.837253994411896,36.41594778545319,37.7249763125465,0.064998626708984
2026-02-03,,,,,,,37.520000457763670,37.709999084472656,37.409999847412110,37.537998199462890,11400,,,,,37.537998199462890,,,0.20993291414386092,0.13576871970232687,0.16411307067771602,0.14318225394253972,,,,,,,,,,,,37.27833526237179,37.27833720781928,37.63775543779313,37.69134423066591,38.01076404076795,38.44877730630493,36.356093674967425,37.56629652758962,,,,,0.008373167688970045,-0.29934701288501486,-0.3923664102374005,-0.2762275545256106,-0.4036883377809115,47.30767512209016,46.03018861634085,37.142599487304686,37.142599487304686,37.65452375866118,37.65452375866118,38.20591766115219,38.79550794571165,36.436421492743115,37.73832154652429,0.017997741699220
2026-02-04,,,,,,,37.509998321533200,37.509998321533200,37.150001525878906,37.360000610351560,4500,,,,,37.360000610351560,,,0.20691596831569636,0.13590499681418305,0.1640234895209108,0.1426667692892025,,,,,,,,,,,,37.30555704503171,37.3055583419967,37.61250499893481,37.661222083364606,37.99042768356744,38.41475303455639,36.36402969817205,37.564665729824895,,,,,-0.004753075570664293,-0.28276466653303345,-0.3692961134181658,-0.27753497692709517,-0.3968098929083624,45.22082811577755,44.05623123498721,37.11859970092773,37.11859970092773,37.618571326846165,37.618571326846165,38.184670766194664,38.75446034991552,36.45440677612547,37.74907949235704,-0.149997711181640
2026-02-05,,,,,,,36.951999664306640,36.951999664306640,36.939998626708984,36.939998626708984,2500,,,,,36.939998626708984,,,0.179486730323996,0.13928237004796573,0.16541999689195586,0.14313446019037496,,,,,,,,,,,,37.183704238924136,37.18370510356746,37.55136805600519,37.59565631457773,37.95760177554061,38.36866695931116,36.36858281223162,37.55972764995837,,,,,-0.011305692102840997,-0.30005484211442024,-0.380517023569233,-0.2820389499645602,-0.39355131904053653,40.66278876485356,39.72707272481541,37.13859939575195,37.13859939575195,37.55571419852121,37.55571419852121,38.15677255297464,38.7067619202629,36.470345656077065,37.75776996309795,-0.012001037597656
2026-02-06,,,,,,,37.158000946044920,37.250000000000000,37.158000946044920,37.250000000000000,400,,,,,37.250000000000000,,,0.176350648041684,0.14348512309897274,0.16581822774486837,0.14335127588258234,,,,,,,,,,,,37.20580282594943,37.20580340237831,37.52397096000472,37.56423301325248,37.93548922005497,38.33370861683269,36.37555053703612,37.55727921003775,,,,,0.008357007230734476,-0.2854523932946762,-0.3602425043245674,-0.2827216386305834,-0.3868895560973427,45.064200227209,44.0937721074173,37.26259918212891,37.26259918212891,37.51214272635324,37.51214272635324,38.13840817648267,38.66874603998093,36.48752219336374,37.76769853016687,0.091999053955080
2026-02-09,,,,,,,37.299999237060550,37.479999542236330,37.299999237060550,37.400001525878906,3000,,,,,37.400001525878906,,,0.13796012644371988,0.14444474714877475,0.16596926893425756,0.1432180452631265,,,,,,,,,,,,37.27053572592592,37.27053611021184,37.512701011447824,37.549302878036706,37.91875522961197,38.304530270240384,36.38364896382539,37.556035908186686,,,,,0.004018800393818117,-0.2587927758496278,-0.32828664810180186,-0.2779358660743923,-0.3751689744982345,47.10860371671454,46.127599447173225,37.29759979248047,37.29759979248047,37.4807619367327,37.4807619367327,38.12434689960782,38.63509526328435,36.50615119177198,37.77912710583399,0.100002288818356
2026-02-10,,,,,,,37.305000305175780,37.305000305175780,37.180000305175780,37.257999420166016,1600,,,,,37.257999420166016,,,0.1228764255162889,0.14434527555947102,0.1660949296724543,0.14327693659455898,,,,,,,,,,,,37.26635695733928,37.2663572135299,37.4895463213313,37.522820745503005,37.89810661056678,38.271826181175555,36.390560825140334,37.553679888518545,,,,,-0.0038040739145405855,-0.24628420906663706,-0.3108366535328315,-0.2716055346728412,-0.3623025103051539,45.386643859714596,44.477983776530316,37.241600036621094,37.241600036621094,37.438571384974885,37.438571384974885,38.108985053168404,38.60017461625357,36.52432946553306,37.790111223856606,-0.047000885009764
2026-02-11,,,,,,,37.240001678466800,37.275001525878906,36.990001678466800,37.150001525878906,2500,,,,,37.150001525878906,,,0.1204664481037336,0.13768742188554162,0.16582055217543296,0.14306707065305693,,,,,,,,,,,,37.227571813519155,37.2275719843129,37.458678612653806,37.48892808917354,37.87472832667029,38.236769160697534,36.39656430894064,37.550488755217046,,,,,-0.002902859067622332,-0.24229260889128312,-0.30223792395859306,-0.2657429495165296,-0.35028959303584173,44.06734005671588,43.21227373671203,37.19960021972656,37.19960021972656,37.41514296758743,37.41514296758743,38.088956499856614,38.56049207657102,36.5409136953808,37.79943662976462,-0.090000152587894
2026-02-12,,,,,,,37.388999938964844,37.388999938964844,37.040000915527344,37.115001678466800,4600,,,,,37.115001678466800,,,0.08145213282691667,0.13756123672339263,0.16581130660675392,0.14306407983035543,,,,,,,,,,,,37.19004843516837,37.19004854903087,37.42743525500044,37.454934779109294,37.85098686891393,38.20171392687783,36.40224365573531,37.547046169630086,,,,,-0.0009425664443062201,-0.23919612810425406,-0.2948487313625492,-0.2604335852340745,-0.33920142070118325,43.62476655573859,42.78732182908809,37.23460083007812,37.23460083007812,37.388238271077476,37.388238271077476,38.06927968585302,38.52119052220905,36.55707706723894,37.80832552531409,-0.273998260498044
2026-02-13,,,,,,,37.134998321533200,37.134998321533200,37.134998321533200,37.134998321533200,300,,,,,37.134998321533200,,,0.04913070528545312,0.13762954660738097,0.16437100291776974,0.14305570664922396,,,,,,,,,,,,37.17169839728998,37.17169847319831,37.40085007923069,37.42584964660237,37.828612226808275,38.168379064210804,36.40803618273767,37.54378887438821,,,,,0.000538630129289175,-0.2324490547859881,-0.2841042045955433,-0.25483667914445723,-0.32818197748005523,43.970990533661336,43.13141867036336,37.21160049438477,37.21160049438477,37.363714308965776,37.363714308965776,38.043630933004714,38.47571430509053,36.57305660701933,37.817015996055,0E-15
2026-02-17,,,,,,,37.200000762939450,37.490001678466800,37.200000762939450,37.362998962402344,2100,,,,,37.362998962402344,,,0.06216794266029949,0.13820583425653,0.16386296044881485,0.14290497158863721,,,,,,,,,,,,37.23546525232744,37.23546530293299,37.39740906860993,37.420135948038734,37.81406181229559,38.14321093602929,36.41558529562039,37.5423597051235,,,,,0.006121006229720122,-0.20632580884296914,-0.25426038800394934,-0.2451345050841596,-0.31339765958483407,47.89989142308645,47.04235485570054,37.204199981689456,37.204199981689456,37.360428583054315,37.360428583054315,38.027598365904794,38.440047612265936,36.58873782839094,37.82534139118497,0.162998199462894
2026-02-18,,,,,,,37.439998626708984,37.514999389648440,37.439998626708984,37.514999389648440,300,,,,,37.514999389648440,,,0.058382947617949287,0.13893779122255054,0.1639902743277232,0.1429391955475867,,,,,,,,,,,,37.328643298101106,37.32864333183814,37.40809909779525,37.42875989727598,37.80471611158787,38.123579325204894,36.424276316126544,37.542143418044645,,,,,0.004059954576231065,-0.17138219678429323,-0.21585553593103413,-0.23038404342418634,-0.2938892348540741,50.3971208201488,49.534079015010036,37.25559997558594,37.25559997558594,37.36519041515532,37.36519041515532,38.01605448647151,38.408936515687,36.60472144020928,37.83395249503,0.075000762939456
2026-02-19,,,,,,,37.150001525878906,37.150001525878906,37.105998992919920,37.105998992919920,2400,,,,,37.105998992919920,,,0.10500510663941233,0.1383605660517778,0.1652224448104856,0.1433905355895532,,,,,,,,,,,,37.254428529707376,37.25442855219873,37.3806354518975,37.399417996879976,37.78288120162949,38.09177993982099,36.42966542819605,37.53869563602785,,,,,-0.0109621822640987,-0.17467846175615875,-0.21593318449122023,-0.21924292709058082,-0.2782980247815033,44.25093276849813,43.59075637955562,37.24679946899414,37.24679946899414,37.331190381731304,37.331190381731304,38.00038661654033,38.37377778310624,36.61889405477615,37.84074217175681,-0.044002532958986
2026-02-20,,,,,,,37.145000457763670,37.145000457763670,37.145000457763670,37.145000457763670,100,,,,,37.145000457763670,,,0.10511470892970239,0.13803976717015265,0.16481191822628607,0.14333191856891359,,,,,,,,,,,,37.21795250572614,37.21795252072038,37.35921408879442,37.376289129687585,37.76294742838369,38.0621930810067,36.43532025056418,37.535583421179915,,,,,0.001050530463405594,-0.17215913983198305,-0.21042201526176285,-0.20982616963886125,-0.2647228228775552,44.94049629719013,44.277348571461644,37.25279922485352,37.25279922485352,37.2947618393671,37.2947618393671,37.9891359843905,38.34315872192383,36.632616126348104,37.84704773009769,0E-15
2026-02-23,,,,,,,36.991001129150390,36.991001129150390,36.991001129150390,36.991001129150390,100,,,,,36.991001129150390,,,0.10925307258245526,0.13847865954750616,0.16442309344062403,0.14331837750803242,,,,,,,,,,,,37.142302046867556,37.14230205686371,37.32574018337223,37.34126294782057,37.73882410653265,38.02871833251118,36.439712984782254,37.531278422823945,,,,,-0.004154514589917088,-0.18050823132114147,-0.21599102267493464,-0.2039625819753173,-0.2549764628370311,42.69488237854841,42.09844872296718,37.22399978637695,37.22399978637695,37.25338091169085,37.25338091169085,37.97159661187066,38.306126972985645,36.64501652641902,37.851992183261444,0E-15
2026-02-24,,,,,,,36.801998138427734,36.801998138427734,36.801998138427734,36.801998138427734,200,,,,,36.801998138427734,,,0.09238664295922062,0.1390818569766589,0.16414284528503295,0.14337273493892874,,,,,,,,,,,,37.02886741072095,37.02886741738506,37.27812727019546,37.2922388742394,37.70954829502937,37.99038332644608,36.44257689904032,37.52551336128722,,,,,-0.005122529396820414,-0.20006963010880696,-0.23296993061839544,-0.20318399160201522,-0.25057515639330397,40.049840512529016,39.52752152698901,37.11179962158203,37.11179962158203,37.20276169549851,37.20276169549851,37.955347515287855,38.270523797898065,36.65712934070163,37.85667470901731,0E-15
2026-02-25,,,,,,,36.700000762939450,36.840000152587890,36.689998626708984,36.840000152587890,8500,,,,,36.840000152587890,,,0.0793352065787753,0.12924565186720632,0.16407461272253718,0.14337195469803896,,,,,,,,,,,,36.96591165800993,36.96591166245267,37.23829753223114,37.25112626318017,37.68237491557807,37.95443385226301,36.44571858483911,37.52009428453861,,,,,0.0010320745882865363,-0.2100840168600513,-0.24058606613262867,-0.20456399665362246,-0.2485773383411689,40.84340553248879,40.31674287472432,36.97679977416992,36.97679977416992,37.181809379940944,37.181809379940944,37.93830223689004,38.23407933068654,36.669235055408784,37.861341370476616,0.139999389648440
2026-02-26,,,,,,,36.669998168945310,36.939998626708984,36.669998168945310,36.939998626708984,17800,,,,,36.939998626708984,,,0.05555871484833845,0.1214713947219642,0.16413057190035524,0.1433832691961396,,,,,,,,,,,,36.95727398090961,36.95727398387144,37.211179449910944,37.222841932591884,37.659175656550914,37.922732751464444,36.449625936948756,37.515508548113075,,,,,0.002710722065819946,-0.20755884026107907,-0.23583431606566307,-0.20516296537511378,-0.24602873388606775,42.98222382173157,42.44533772138873,36.943599700927734,36.943599700927734,37.14395214262463,37.14395214262463,37.92170636616056,38.1980475773887,36.68189549067664,37.86657151721773,0.270000457763674
2026-02-27,,,,,,,36.840000152587890,37.990001678466800,36.700000762939450,37.990001678466800,15800,,,,,37.990001678466800,,,0.21537500742469187,0.15568123610958295,0.17289351624204888,0.14602691231823503,,,,,,,,,,,,37.30151654676201,37.30151654873656,37.28198147068875,37.29258372767142,37.66951396973579,37.92483490543327,36.461802820280916,37.51925948194987,,,,,0.028028073786504872,-0.11945415543208071,-0.14566293719985168,-0.18802120338650716,-0.22595557454882453,59.52854403062637,58.98604327480289,37.11259994506836,37.11259994506836,37.1682379586356,37.1682379586356,37.916702633812314,38.17344441489568,36.6987564525907,37.8760040676783,1.150001525878910
2026-03-02,,,,,,,36.314998626708984,36.356998443603516,36.075000762939450,36.356998443603516,5200,,,,,36.356998443603516,,,0.41173236840352534,0.21172411875460492,0.19382367899995467,0.15258187165111217,,,,,,,,,,,,36.98667717904251,36.98667718035888,37.19789210459009,37.20753052002888,37.628497859544154,37.87584001600109,36.46097432718465,37.51007164765464,,,,,-0.04393629653559562,-0.17933303186076444,-0.20362393332314355,-0.18628356908135862,-0.22148924630368833,40.058498001059924,39.819300500554085,36.985799407958986,36.985799407958986,37.1452378772554,37.1452378772554,37.886700887528676,38.123872968885635,36.70960719244821,37.87945247831799,0.041999816894532
2026-03-03,,,,,,,36.251998901367190,36.700000762939450,36.251998901367190,36.490001678466800,2500,,,,,36.490001678466800,,,0.41420156428688065,0.2113742047682497,0.19397051013375557,0.14860783857859716,,,,,,,,,,,,36.82111867885061,36.82111867972819,37.13353842948797,37.14230062534142,37.59291985388548,37.832532567953145,36.46120379241218,37.502007853431806,,,,,0.0036515816006058455,-0.21359305554815222,-0.23610452484575717,-0.19174546637471734,-0.2244123020121021,41.73014845845769,41.48697557644559,36.9234001159668,36.9234001159668,37.13857123965309,37.13857123965309,37.86067090715681,38.07833329458085,36.716241026681566,37.87842073894682,0.238002777099610
2026-03-04,,,,,,,36.259998321533200,36.259998321533200,36.259998321533200,36.259998321533200,2500,,,,,36.259998321533200,,,0.4144333458283252,0.2037312196374931,0.19409923313857824,0.146572210377142,,,,,,,,,,,,36.63407855974481,36.634078560329854,37.05412569240117,37.06209132499522,37.55126605599948,37.78339087275252,36.45961323533013,37.49218959626265,,,,,-0.00632313740940792,-0.2563486916905475,-0.27720947801806517,-0.20466611143788338,-0.2349717372132947,39.669827788292174,39.45101643588048,36.80739974975586,36.80739974975586,37.092618851434615,37.092618851434615,37.83406557355608,38.03231738862537,36.72538720236884,37.88009136442154,0E-15
2026-03-05,,,,,,,36.599998474121094,36.599998474121094,36.349998474121094,36.465000152587890,21000,,,,,36.465000152587890,,,0.4175608212225832,0.20231855760375111,0.1945061388511765,0.14662607692184074,,,,,,,,,,,,36.5777190906925,36.577719091082535,37.00056882514542,37.007810309321826,37.51732024651786,37.742191162747375,36.45965581965628,37.484069521609094,,,,,0.005637741583757952,-0.2705719221830307,-0.28990170861857933,-0.21784727358691283,-0.24595773149435163,42.39955336924619,42.17486037436372,36.71240005493164,36.71240005493164,37.04152370634533,37.04152370634533,37.811636909605966,37.99050788273887,36.73579428687928,37.88304770938934,-0.134998321533204
2026-03-06,,,,,,,36.250000000000000,36.689998626708984,36.250000000000000,36.250000000000000,2700,,,,,36.250000000000000,,,0.3185651405516077,0.20260199604274223,0.19394720860087145,0.14674535103236597,,,,,,,,,,,,36.468479393795,36.468479394055024,36.932335295586746,36.93891846301984,37.47771648881418,37.69556018891152,36.45799846139813,37.47431403131969,,,,,-0.005913519320015299,-0.2957830474513088,-0.3136930500804809,-0.23343442835979203,-0.2595047952115775,40.338135860732905,40.13560824465159,36.36439971923828,36.36439971923828,36.98866653442383,36.98866653442383,37.78081324743846,37.94014279804532,36.745058687906415,37.88484532492502,0E-15
2026-03-09,,,,,,,36.419998168945310,38.209999084472656,36.310001373291016,36.508998870849610,25100,,,,,36.508998870849610,,,0.1026561908554214,0.2013426733914955,0.19417350491216934,0.1467066182940879,,,,,,,,,,,,36.48198588614654,36.48198588631988,36.89385016606519,36.89983486373164,37.44744406325279,37.65848014772209,36.45840162669023,37.46668308143455,,,,,0.00711939330752283,-0.29150372800737756,-0.3080972618124278,-0.24504828828930914,-0.26922328853174754,43.87796173987364,43.6691280568426,36.3947998046875,36.3947998046875,36.96814273652576,36.96814273652576,37.75068694826157,37.890364995078436,36.75633214768909,37.888706434340705,0.089000701904300
2026-03-10,,,,,,,36.849998474121094,36.880001068115234,36.534999847412110,36.611000061035156,35600,,,,,36.611000061035156,,,0.10134035870949415,0.19914811838523033,0.19429844346919947,0.14672254320181755,,,,,,,,,,,,36.52499061110941,36.52499061122498,36.86813652015337,36.8735771543956,37.42130518818349,37.62574639501312,36.459607938424185,37.45991878878318,,,,,0.0027899687592911797,-0.2766921579666217,-0.29206517022792156,-0.25137706222477163,-0.27379166487098233,45.2555431836457,45.04487701478507,36.41899948120117,36.41899948120117,36.93771416800363,36.93771416800363,37.72210281614273,37.84212687658885,36.76780734743391,37.892758021278986,-0.238998413085938
2026-03-11,,,,,,,36.799999237060550,37.080001831054690,36.630001068115234,36.904998779296875,18600,,,,,36.904998779296875,,,0.08945512817868138,0.20083737565998486,0.19440211543046387,0.14662756832622714,,,,,,,,,,,,36.65166000050523,36.651660000582275,36.87148763462096,36.876433665750255,37.40517061290578,37.60322303202199,36.46312881463662,37.4555320693406,,,,,0.007998266777613935,-0.2384815753329974,-0.2527231474986422,-0.2487979648464168,-0.2695779613965143,49.13132362681394,48.91737173315407,36.54799957275391,36.54799957275391,36.91414260864258,36.91414260864258,37.69364904978919,37.79387289380271,36.78163725989206,37.899230245559934,0.104999542236325
2026-03-12,,,,,,,36.919998168945310,36.919998168945310,36.470001220703125,36.654998779296875,4900,,,,,36.654998779296875,,,0.11174683995614276,0.20169836492704296,0.19356890536940796,0.14629433054439753,,,,,,,,,,,,36.65277292676911,36.652772926820475,36.851806829591496,36.85630322152722,37.3817277431055,37.573591024124326,36.464645573250536,37.44920374293709,,,,,-0.006797198772061854,-0.22576979035984124,-0.23896260949138792,-0.2441923299491017,-0.263454891015489,46.13991940279807,45.952082229016284,36.5859992980957,36.5859992980957,36.885428292410715,36.885428292410715,37.65516832139757,37.73539667280893,36.796031611306326,37.90635325416686,-0.264999389648435
2026-03-13,,,,,,,36.549999237060550,36.685001373291016,36.240001678466800,36.351001739501950,30300,,,,,36.351001739501950,,,0.12205110786990585,0.20328812074152314,0.1940192094911061,0.14641699087388652,,,,,,,,,,,,36.55218253101339,36.552182531047634,36.80627909412881,36.81036672316129,37.34951755549289,37.535385108979874,36.463747203023274,37.440522304174756,,,,,-0.008328049602623046,-0.2374880156738044,-0.2497088166831105,-0.24285146709404223,-0.26070567614901335,42.732766112147715,42.57261425971022,36.60619964599609,36.60619964599609,36.84738068353562,36.84738068353562,37.61064747401646,37.67084115649026,36.80833609898885,37.91133738320971,-0.198997497558600
2026-03-16,,,,,,,36.580001831054690,36.729999542236330,36.470001220703125,36.580001831054690,15400,,,,,36.580001831054690,,,0.11932231693454888,0.20486316985943956,0.1943065297353276,0.14611096546904576,,,,,,,,,,,,36.56145563102716,36.56145563104999,36.785708433849344,36.78942446024251,37.325470189104195,37.50552938154471,36.46466621194052,37.43371977079041,,,,,0.006279931248461477,-0.22569473172840304,-0.23701471169028565,-0.2394201200209144,-0.2559674832572678,45.96948465806844,45.805914370026535,36.62040023803711,36.62040023803711,36.82190450032552,36.82190450032552,37.56719353085472,37.60726977151538,36.82295919599987,37.918718338012695,0E-15
2026-03-17,,,,,,,36.490001678466800,36.490001678466800,36.270000457763670,36.326000213623050,3600,,,,,36.326000213623050,,,0.12682370694713263,0.20594276412889637,0.19459691823924,0.1461990013899648,,,,,,,,,,,,36.48297049189245,36.48297049190767,36.74391677746514,36.7472949832771,37.29423675237041,37.46866909504716,36.46357003804077,37.42496309444916,,,,,-0.006967948810916084,-0.2341451969027375,-0.24463040276804549,-0.23836513539727902,-0.25370006715942334,43.06224454451278,42.91944733979309,36.56340026855469,36.56340026855469,36.783380780901226,36.783380780901226,37.51901578146314,37.53895229763455,36.83582241573031,37.92429771120586,-0.164001464843750
2026-03-18,,,,,,,35.915000915527344,35.915000915527344,35.915000915527344,35.915000915527344,800,,,,,35.915000915527344,,,0.10799980253362582,0.20718454396257682,0.1948414871153774,0.14663280231886486,,,,,,,,,,,,36.293647299770754,36.2936472997809,36.668560790016244,36.67163188620894,37.251135632469065,37.42011696443717,36.4592335232383,37.41302663453674,,,,,-0.011378683189704086,-0.27088387918765733,-0.28059557023811976,-0.24486888415535468,-0.2590791677751626,38.787658071276496,38.67285510053157,36.36540069580078,36.36540069580078,36.7144284929548,36.7144284929548,37.470618959457155,37.470618959457155,36.84744569233486,37.928658818441725,0E-15
2026-03-19,,,,,,,35.930000305175780,36.000000000000000,35.794998168945310,35.799999237060550,8500,,,,,35.799999237060550,,,0.10816134164407357,0.20608487646735618,0.1947649924227619,0.14657572851885872,,,,,,,,,,,,36.12909794553402,36.12909794554078,36.589600648838456,36.59239255446818,37.20578762011255,37.36948828545665,36.45402218500764,37.400275429813604,,,,,-0.0032071889227714423,-0.30575467436906933,-0.31474966075203525,-0.2570460421980976,-0.27021326637053716,37.661138676816414,37.55320773511434,36.194400787353516,36.194400787353516,36.63276181902204,36.63276181902204,37.423237997388085,37.423237997388085,36.85927431167118,37.93326199243939,-0.130001068115230
2026-03-20,,,,,,,35.959999084472656,35.959999084472656,35.909999847412110,35.955001831054690,2000,,,,,35.955001831054690,,,0.11837412172141461,0.20471938862620426,0.19444901363722433,0.1463288709811074,,,,,,,,,,,,36.07106590737424,36.07106590737875,36.53190984722175,36.53444794324877,37.16670056420449,37.32528558375659,36.450077360075205,37.38885034207638,,,,,0.0043203353852477675,-0.31722583489776923,-0.32555679356253364,-0.26908200073803196,-0.28128197180893644,40.18282177328772,40.071621165105086,36.11520080566406,36.11520080566406,36.57795243036179,36.57795243036179,37.38379360380627,37.38379360380627,36.87044725720845,37.93713898128934,-0.004997253417966
2026-03-23,,,,,,,37.000000000000000,37.250000000000000,36.500000000000000,36.700000762939450,20100,,,,,36.700000762939450,,,0.19850027036300416,0.21841311431941265,0.1989737426026812,0.147714411928055,,,,,,,,,,,,36.28071085922931,36.280710859232315,36.547190839559725,36.549498199584285,37.15211619541496,37.305745433106054,36.452053039149234,37.38340489085791,,,,,0.02050856836832113,-0.26316798792633733,-0.27088375725444536,-0.267899198175693,-0.27920232889803825,50.538928741699046,50.421034258597345,36.139200592041014,36.139200592041014,36.5567619687035,36.5567619687035,37.353904724121094,37.353904724121094,36.884546469128324,37.94394057137625,-0.299999237060550
2026-03-24,,,,,,,36.700000762939450,36.700000762939450,36.090000152587890,36.111000061035156,3800,,,,,36.111000061035156,,,0.22918570820839754,0.2247763790656947,0.18179348561521907,0.1486368078045112,,,,,,,,,,,,36.22414059316459,36.224140593166595,36.50753713242113,36.50963473244346,37.11958131621559,37.26840964022884,36.449356968176,37.373346354653776,,,,,-0.01617924609314836,-0.26480171950603903,-0.2719475738914312,-0.2672797024417622,-0.27775137789671683,44.04624379636302,43.95761719031113,36.09620056152344,36.09620056152344,36.514857155936106,36.514857155936106,37.28868248349144,37.28868248349144,36.89643246030051,37.94853581322564,-0.589000701904294
2026-03-25,,,,,,,36.340000152587890,36.340000152587890,36.201999664306640,36.299999237060550,1100,,,,,36.299999237060550,,,0.2123616209831895,0.22532596886241552,0.16086061445161917,0.14831128772913577,,,,,,,,,,,,36.24942680779658,36.24942680779792,36.48867005102471,36.49057696013592,37.09396937624199,37.23814681512983,36.44817627464939,37.364861397202446,,,,,0.005220190497272216,-0.24798716787550035,-0.254605073466621,-0.26342119552850984,-0.27312211701069766,46.424681814385465,46.3348491861745,36.17320022583008,36.17320022583008,36.490952446347194,36.490952446347194,37.25384121849423,37.25384121849423,36.90757585707165,37.95230565752302,-0.040000915527340
2026-03-26,,,,,,,36.009998321533200,36.049999237060550,35.818000793457030,35.818000793457030,1300,,,,,35.818000793457030,,,0.23903062235009692,0.2294515711180806,0.1612083098620367,0.1484002672784189,,,,,,,,,,,,36.10561813635006,36.105618136350955,36.42770011851856,36.42943367225602,37.05409535802996,37.19376725195255,36.44319465029214,37.352633250137266,,,,,-0.013367137756175606,-0.27043732756494876,-0.2765661803333117,-0.26482442193579764,-0.27381092967522047,41.571478645345124,41.500094244054516,36.17680053710937,36.17680053710937,36.4422858101981,36.4422858101981,37.2052380395314,37.2052380395314,36.91508088036189,37.95234138246567,-0.191997528076170
2026-03-27,,,,,,,35.720001220703125,35.720001220703125,35.580001831054690,35.580001831054690,7200,,,,,35.580001831054690,,,0.23953708917846964,0.22966522514925633,0.16103030247253258,0.14837715257234765,,,,,,,,,,,,35.930412701251605,35.9304127012522,36.350636637840026,36.35221259578317,37.00802993531199,37.14333708254949,36.43637099164204,37.338620353543725,,,,,-0.006666848796293485,-0.3039302493643916,-0.30960609661329386,-0.2726455874215164,-0.28096996306283517,39.382235432594776,39.31848198404334,36.101800537109376,36.101800537109376,36.377524058024086,36.377524058024086,37.15768250964937,37.15768250964937,36.92260016335381,37.95244456094409,-0.139999389648435
2026-03-30,,,,,,,35.759998321533200,36.110000610351560,35.540000915527344,35.580001831054690,5300,,,,,35.580001831054690,,,0.14199299290730366,0.20276812606467895,0.16033967940022106,0.14830423721991806,,,,,,,,,,,,35.81360907785263,35.81360907785303,36.280578928132265,36.28201161717149,36.96340405705395,37.094482855940285,36.42960127495756,37.324718230836304,,,,,0,-0.3267075499267591,-0.33196379630145145,-0.28345797992256494,-0.2911687297105584,39.382235432594776,39.31848198404334,35.87780075073242,35.87780075073242,36.262762160528276,36.262762160528276,37.10633335416279,37.10633335416279,36.92946902532426,37.95186123015389,-0.179996490478510
2026-03-31,,,,,,,35.919998168945310,36.150001525878906,35.790000915527344,36.139999389648440,27800,,,,,36.139999389648440,,,0.17643658688322994,0.14973466986396916,0.16331710990572337,0.1490300883077487,,,,,,,,,,,,35.922405848451234,35.9224058484515,36.26779897008828,36.26910141466939,36.937672661197524,37.06465524761866,36.42731193199069,37.315352864502806,,,,,0.015616534574829907,-0.2961576804518842,-0.3010252794593171,-0.28599792002842883,-0.29314003966031016,46.998885121552235,46.93132943655449,35.88360061645508,35.88360061645508,36.2524288722447,36.2524288722447,37.068746052091086,37.068746052091086,36.9391503788176,37.954123133704776,0.220001220703130
2026-04-01,,,,,,,36.049999237060550,36.365001678466800,35.960998535156250,36.060001373291016,43500,,,,,36.060001373291016,,,0.1708102833101619,0.14916946359660876,0.1619586245528574,0.14903146940606993,,,,,,,,,,,,35.968271023397826,35.968271023398,36.24890827947035,36.250092319998636,36.91024543345045,37.03325981404592,36.424408291210455,37.30542913729955,,,,,-0.00221601241687918,-0.2752291893709966,-0.2797368213641107,-0.2838441738969424,-0.29045939600107024,46.107604644575495,46.04268284335232,35.835601043701175,35.835601043701175,36.23195266723633,36.23195266723633,37.03684131682865,37.03684131682865,36.94815709098937,37.95569059583876,0.010002136230466
2026-04-02,,,,,,,36.284999847412110,36.365001678466800,36.180000305175780,36.365001678466800,800,,,,,36.365001678466800,,,0.14159291588080908,0.15073449345595652,0.16254177832452596,0.14925486653574524,,,,,,,,,,,,36.10051457508749,36.1005145750876,36.25946222483366,36.26053862531392,36.89320656610721,37.01237674730908,36.42393867371841,37.29799492813881,,,,,0.008422563903938292,-0.23136519977085612,-0.23553943729984184,-0.2733483790717251,-0.27947540426082457,50.00071213858934,49.93498305593813,35.945001220703126,35.945001220703126,36.236952827090306,36.236952827090306,37.00649213034009,37.00649213034009,36.95831397979978,37.95840488918244,0.080001831054690
2026-04-06,,,,,,,36.549999237060550,36.625000000000000,36.500000000000000,36.625000000000000,1000,,,,,36.625000000000000,,,0.11305829752884401,0.15150391175237515,0.16330742390997194,0.14940184972444737,,,,,,,,,,,,36.275343050058325,36.2753430500584,36.29269293166696,36.293671477558114,36.88482511091636,37.000271223955664,36.425528091317474,37.29267481012981,,,,,0.007124247574622309,-0.17362157885333573,-0.1774870402348725,-0.25340301902804724,-0.2590777314556342,53.11028981937281,53.04453006957741,36.15400085449219,36.15400085449219,36.24457186744327,36.24457186744327,36.98020644414993,36.98020644414993,36.969235669998895,37.961869179256375,0.075000762939450
2026-04-07,,,,,,,36.520000457763670,36.830001831054690,36.389999389648440,36.779998779296875,10000,,,,,36.779998779296875,,,0.10295823847887815,0.15040820391953105,0.16342950594190006,0.14902449438277576,,,,,,,,,,,,36.44356162647117,36.44356162647123,36.336993463269685,36.33788305044345,36.88154928805325,36.99338771006008,36.4283302311434,37.28862203518251,,,,,0.004223118649624845,-0.1140376817363915,-0.11761717364194624,-0.2255299515697161,-0.2307856198928966,54.91062841184587,54.845100273053546,36.39400024414063,36.39400024414063,36.269809904552645,36.269809904552645,36.95901592194088,36.95901592194088,36.98223494726514,37.96749219440279,0.259998321533205
2026-04-08,,,,,,,37.240001678466800,38.250000000000000,37.050998687744140,37.500000000000000,17900,,,,,37.500000000000000,,,0.12483545476764113,0.16252902395298136,0.16803058581728433,0.14475344037953797,,,,,,,,,,,,36.79570775098078,36.79570775098082,36.44272133024517,36.443530045857685,36.900875872801585,37.0092193441207,36.43680192892092,37.29029300723641,,,,,0.019386746989508874,-0.008619571725589026,-0.01193422154134538,-0.18214787560089069,-0.18701534022258634,62.17566186389775,62.112926943543435,36.66600036621094,36.66600036621094,36.31700043451218,36.31700043451218,36.94695245651972,36.94695245651972,37.00325338424198,37.981420759170774,0.259998321533200
2026-04-09,,,,,,,37.189998626708984,37.654998779296875,37.189998626708984,37.360000610351560,17800,,,,,37.360000610351560,,,0.13245969828621457,0.1633345204550868,0.16811505286990916,0.14246272000575674,,,,,,,,,,,,36.983805370771044,36.983805370771066,36.526110355709385,36.52684555172076,36.91522352085002,37.020181258690414,36.44409994221286,37.29084405548238,,,,,-0.0037403032786900983,0.06290315086619103,0.05983377220131558,-0.13313767030747434,-0.13764551773780595,60.14634316770036,60.08774891836851,36.92600021362305,36.92600021362305,36.35266712733677,36.35266712733677,36.93417467389788,36.93417467389788,37.026911992875355,37.998166795760866,0.170001983642576
2026-04-10,,,,,,,37.290000915527344,37.310001373291016,37.290000915527344,37.310001373291016,1900,,,,,37.310001373291016,,,0.14387839641132397,0.16145996834571766,0.16805460609251652,0.1396424148852269,,,,,,,,,,,,37.09253737161103,37.09253737161105,36.59737317548954,36.59804153549988,36.9275603287388,37.02923813727168,36.45094501281427,37.29099549672988,,,,,-0.0013392056570237082,0.11423408383365796,0.1113918478501219,-0.08366331947924788,-0.08783804462022038,59.40067918059305,59.34357095421016,37.11500015258789,37.11500015258789,36.37195296514602,36.37195296514602,36.92228583684043,36.92228583684043,37.046725318545384,38.010865211486816,0.020000457763672
2026-04-13,,,,,,,37.619998931884766,37.740001678466800,37.610000610351560,37.632999420166016,3300,,,,,37.632999420166016,,,0.14556571568854113,0.16148948531112112,0.1689315724702264,0.13779612672755756,,,,,,,,,,,,37.27269138779603,37.27269138779604,36.69152101591467,36.69212861592407,36.9496053003459,37.04810567736213,36.4602893164297,37.29369908505743,,,,,0.008619885604108713,0.17891503979724632,0.17628315475759138,-0.03114764762394904,-0.03501380474465803,62.62430359600677,62.56869923318235,37.3166000366211,37.3166000366211,36.418524424235024,36.418524424235024,36.91417470054021,36.91417470054021,37.064635927714995,38.0214842538985,0.013000488281250
2026-04-14,,,,,,,37.680000305175780,37.810001373291016,37.560001373291016,37.720001220703125,20900,,,,,37.720001220703125,,,0.14719055482935955,0.1576963754034798,0.16690607330641752,0.13761809622037446,,,,,,,,,,,,37.421794665431726,37.42179466543173,36.78501921634998,36.785571579994894,36.973680172857065,37.06910241309154,36.47024751330142,37.297069062414316,,,,,0.002309180482721267,0.23449239918709708,0.23205531200990492,0.021980361738260186,0.01840001860625456,63.46577354754716,63.41064770293391,37.504600524902344,37.504600524902344,36.48371487572079,36.48371487572079,36.91541284228128,36.91541284228128,37.08376780010405,38.033373151506694,0.040000915527345
2026-04-15,,,,,,,37.970001220703125,37.970001220703125,37.970001220703125,37.970001220703125,400,,,,,37.970001220703125,,,0.08249722587311827,0.15781808840680764,0.16741371152384735,0.1376306261616695,,,,,,,,,,,,37.60453018385552,37.60453018385553,36.892744853109356,36.89324700187746,37.004815205602256,37.0972555008294,36.48210327383425,37.302388684218975,,,,,0.006605916265376719,0.2953066562681812,0.2930499615721516,0.07664562064424439,0.07333000719943397,65.84532923837038,65.79174921767294,37.59860076904297,37.59860076904297,36.54990532284691,36.54990532284691,36.92001603141664,36.92001603141664,37.10306461273678,38.04538109188988,0E-15
2026-04-16,,,,,,,38.689998626708984,38.970001220703125,38.525001525878906,38.830001831054690,5900,,,,,38.830001831054690,,,0.14392610629788252,0.16965729943135216,0.17322225307240915,0.13928240570222153,,,,,,,,,,,,38.013020732921916,38.013020732921916,37.068859123831665,37.069315622711756,37.061852287647646,37.15140382364894,36.500663736737174,37.31446467747459,,,,,0.022396784506387653,0.4081918732541254,0.4061022290170868,0.1429548711662206,0.13988445156296453,72.48453647012255,72.43677479946534,37.892601013183594,37.892601013183594,36.66914349510556,36.66914349510556,36.938746194990856,36.938746194990856,37.1262779084463,38.06133347465878,0.140003204345706
2026-04-17,,,,,,,38.849998474121094,38.939998626708984,38.689998626708984,38.816001892089844,20400,,,,,38.816001892089844,,,0.14016470563395073,0.1618631233404893,0.17275940680629892,0.1392546739901957,,,,,,,,,,,,38.280681119311225,38.280681119311225,37.22769028458241,37.22810528356431,37.11666946278646,37.20342251328772,36.51896680515893,37.32633453687866,,,,,-0.00036060939250585525,0.49086614358775904,0.4889311929494866,0.2125371256505283,0.20969379984026895,72.23836026819326,72.19093030074079,38.19380111694336,38.19380111694336,36.807286398751394,36.807286398751394,36.960714491586835,36.960714491586835,37.14973643469432,38.07754776969789,-0.033996582031250
2026-04-20,,,,,,,38.590000152587890,38.590000152587890,38.584999084472656,38.584999084472656,600,,,,,38.584999084472656,,,0.17051666299664434,0.16362106442461202,0.17324451509017547,0.13941072996764625,,,,,,,,,,,,38.3821204410317,38.3821204410317,37.351081993663335,37.35145926546507,37.16255476346416,37.24659678113725,36.53529907614165,37.33628445425095,,,,,-0.005969005324718983,0.5316179417476263,0.529826240517373,0.27635328886994787,0.27372028797568976,68.12690865815253,68.08484790352634,38.38420104980469,38.38420104980469,36.93990543910435,36.93990543910435,36.9792858910939,36.9792858910939,37.17227828313434,38.092845386928985,-0.005001068115234
2026-04-21,,,,,,,38.729999542236330,38.729999542236330,38.566001892089844,38.566001892089844,1700,,,,,38.566001892089844,,,0.17441376573391046,0.1641904180652726,0.17198856967829923,0.13868089127607186,,,,,,,,,,,,38.443414258051085,38.443414258051085,37.461529257156656,37.461872231521866,37.20641248623371,37.28782819085452,36.55135206282899,37.34600554071608,,,,,-0.0004924678235224033,0.5559722190702985,0.5543131685298661,0.332277074910018,0.329838864086525,67.78522892700349,67.74359988462064,38.553401184082034,38.553401184082034,37.06423877534412,37.06423877534412,36.99112719581241,36.99112719581241,37.192789713541664,38.106004124596005,-0.163997650146486
2026-04-22,,,,,,,38.680000305175780,38.700000762939450,38.509998321533200,38.509998321533200,600,,,,,38.509998321533200,,,0.17745506023381136,0.1524586298943115,0.17197207883266455,0.13863829090468915,,,,,,,,,,,,38.46560894587846,38.46560894587846,37.556844626645436,37.5571564215229,37.247149543586815,37.32602100743823,36.566835432463016,37.355207064675106,,,,,-0.0014532041169009412,0.5642498185343001,0.5627136031558706,0.37867162363487444,0.37641381190039414,66.72283397756128,66.68253306161452,38.661400604248044,38.661400604248044,37.15042913527716,37.15042913527716,37.00065098111592,37.00065098111592,37.213530071197994,38.11941681210957,-0.170001983642580
2026-04-23,,,,,,,38.700000762939450,38.759998321533200,38.450000762939450,38.569999694824220,12000,,,,,38.569999694824220,,,0.04455462277978913,0.13697646495153754,0.1719616398869244,0.13850076295706135,,,,,,,,,,,,38.50040586219371,38.50040586219371,37.648949632843504,37.64923308273211,37.28848861081298,37.364895341419036,36.582670723074564,37.364810168470754,,,,,0.0015568600662814274,0.5690913542340539,0.567668883958369,0.41675556975471034,0.4146648263119891,67.31391095917982,67.27395595529453,38.60940017700195,38.60940017700195,37.26752435593378,37.26752435593378,37.01192080785358,37.01192080785358,37.23360620226179,38.13211522783552,-0.130001068115230
2026-04-24,,,,,,,38.797000885009766,38.869998931884766,38.715000152587890,38.869998931884766,10400,,,,,38.869998931884766,,,0.07939295367633602,0.1377386099824825,0.17260570869606304,0.13868654768057917,,,,,,,,,,,,38.62360355209073,38.62360355209073,37.759954114574526,37.760211796291436,37.33791080834648,37.41192982862109,36.600752368994016,37.376708893873236,,,,,0.007747953077085391,0.5903307717217743,0.5890136284670575,0.4514706101481231,0.4495345867430028,70.16713766700468,70.12904049680688,38.620199584960936,38.620199584960936,37.389905293782554,37.389905293782554,37.02787314520942,37.02787314520942,37.25485400548057,38.145984271216015,0.072998046875000
2026-04-27,,,,,,,38.928001403808594,38.939998626708984,38.830001831054690,38.830001831054690,900,,,,,38.830001831054690,,,0.060373258516298975,0.12501932626682,0.16955492503634415,0.13807716492248032,,,,,,,,,,,,38.69240297841205,38.69240297841205,37.85723117970909,37.85746543581537,37.384538652806114,37.456244578697145,36.618374894385795,37.38819737559008,,,,,-0.001029526485718646,0.597053272858517,0.595833660953609,0.4805871426902019,0.47879440158512404,69.29859571350836,69.26145927090064,38.66920013427735,38.66920013427735,37.533333914620535,37.533333914620535,37.052476368253195,37.052476368253195,37.27411966475229,38.15776999034579,-0.097999572753904
2026-04-28,,,,,,,38.500000000000000,38.540000915527344,38.340000152587890,38.470001220703125,8300,,,,,38.470001220703125,,,0.09758071183619424,0.1281221494409947,0.16907515581796223,0.1383478033429386,,,,,,,,,,,,38.61826905917574,38.61826905917574,37.91293754707218,37.9131505071688,37.41845935805289,37.48792447375983,36.633012256649174,37.39674918464236,,,,,-0.00931444240374172,0.5667981663950528,0.5656688666520182,0.4978293474311721,0.49616929459850284,61.874735229480166,61.84531054436876,38.65,38.65,37.67095293317522,37.67095293317522,37.06414304460798,37.06414304460798,37.29252070472354,38.168722379775275,-0.029998779296875
2026-04-29,,,,,,,38.639999389648440,38.639999389648440,38.639999389648440,38.639999389648440,100,,,,,38.639999389648440,,,0.10270797197886686,0.12741810864807088,0.16864941119142582,0.13838022216611742,,,,,,,,,,,,38.62551250266664,38.62551250266664,37.97903407821548,37.97922767830332,37.456632484040256,37.52392681488135,36.64887776758198,37.40657724950407,,,,,0.004409245052965689,0.5501958922851884,0.5491502194466662,0.5083026564019754,0.5067654795681356,63.84446156275826,63.815616460090844,38.67600021362305,38.67600021362305,37.81666710263207,37.81666710263207,37.08255574059865,37.08255574059865,37.31185950930156,38.180627141680034,0E-15
2026-04-30,,,,,,,38.544998168945310,38.544998168945310,38.544998168945310,38.544998168945310,100,,,,,38.544998168945310,,,0.10447869100507853,0.12178927606978444,0.16489221301992033,0.13832078259455935,,,,,,,,,,,,38.598674391426194,38.5986743914262,38.03048535919092,38.03066135927077,37.49064391169354,37.55583529469585,36.6638668616639,37.415576624361314,,,,,-0.002461651141582267,0.5233399289545844,0.5223716922701911,0.5113101109124971,0.5098867221085467,61.919207548329474,61.89212287308829,38.670999908447264,38.670999908447264,37.93119085402716,37.93119085402716,37.109619201175754,37.109619201175754,37.33142286633689,38.192789834643165,0E-15
2026-05-01,,,,,,,38.759998321533200,38.759998321533200,38.659999847412110,38.659999847412110,400,,,,,38.659999847412110,,,0.08560681299686553,0.12026946281169988,0.16442945890109373,0.13770416557329287,,,,,,,,,,,,38.619116210088166,38.619116210088166,38.08771394902921,38.0878739491018,37.527186284684745,37.59034043696823,36.67964656906112,37.42541396209294,,,,,0.0029791274263787607,0.50550886731736,0.5046123340207842,0.5101498621934697,0.5088318444909942,63.35961230199112,63.332910240915766,38.62900009155273,38.62900009155273,38.05500030517578,38.05500030517578,37.14184140402173,37.14184140402173,37.34959281436981,38.20345650021992,-0.099998474121090
2026-05-04,,,,,,,38.750000000000000,38.750000000000000,37.361999511718750,38.369998931884766,16900,,,,,38.369998931884766,,,0.0970247745150653,0.12435958591068251,0.16229821431033792,0.13793240502343507,,,,,,,,,,,,38.5360771173537,38.5360771173537,38.11337622019789,38.11352167480934,37.55352417990974,37.61470476493437,36.69300903833245,37.432881036952956,,,,,-0.0075295934116538545,0.4626439013507877,0.46181376282580544,0.5006486700249333,0.4994282281579564,57.4575283587064,57.435696101142305,38.53699951171875,38.53699951171875,38.15047636486235,38.15047636486235,37.16001601446243,37.16001601446243,37.366717247735885,38.21308347913954,-0.380001068115234
2026-05-05,,,,,,,38.540000915527344,38.540000915527344,38.540000915527344,38.540000915527344,200,,,,,38.540000915527344,,,0.08322911122085891,0.12345755423426215,0.1617084561150203,0.13796268955353844,,,,,,,,,,,,38.53738505007825,38.53738505007825,38.152160283409664,38.15229251487462,37.58435157789779,37.6436202696404,36.707609764634384,37.44163297275196,,,,,0.004420810319858424,0.4373493551849066,0.43658069562373214,0.487988807056928,0.48685872165111155,59.820387940389224,59.79886658747784,38.55099945068359,38.55099945068359,38.24166688464937,38.24166688464937,37.17592081947932,37.17592081947932,37.384087683662536,38.22293269445026,0E-15
2026-05-06,,,,,,,38.840000152587890,38.840000152587890,38.750000000000000,38.789001464843750,600,,,,,38.789001464843750,,,0.09038890019493195,0.12410113690180732,0.16180310170071624,0.13800210743970026,,,,,,,,,,,,38.621257188333416,38.621257188333416,38.210054936267305,38.21017514668999,37.621996886864856,37.679413431990504,36.724063453964106,37.4522841070768,,,,,0.006440052302345296,0.4324109442575761,0.43169921162883895,0.4768732344970576,0.475826819646657,63.05691576663387,63.03599233500745,38.58079986572265,38.58079986572265,38.33733367919922,38.33733367919922,37.19860337272523,37.19860337272523,37.40170556023007,38.23298825158013,-0.050998687744140
2026-05-07,,,,,,,38.720001220703125,38.720001220703125,38.680000305175780,38.680000305175780,900,,,,,38.680000305175780,,,0.0912134767460479,0.10902440525438523,0.16014721066538048,0.13803013372893,,,,,,,,,,,,38.640838227280874,38.640838227280874,38.252777242531714,38.25288652473415,37.65505949368707,37.710681771777544,36.739525405357085,37.46198937346493,,,,,-0.002814060568965517,0.4149188096343508,0.4142597887917674,0.4644823495245162,0.4635134134756791,60.74998133293789,60.73060257697693,38.60780029296875,38.60780029296875,38.393524169921875,38.393524169921875,37.226222446986604,37.226222446986604,37.41858636765253,38.24228984590561,-0.040000915527345
2026-05-08,,,,,,,38.740001678466800,38.759998321533200,38.740001678466800,38.759998321533200,300,,,,,38.759998321533200,,,0.08999793063551065,0.10736729116217979,0.15942215636198478,0.13794023746277165,,,,,,,,,,,,38.68055825869831,38.68055825869831,38.29888824971367,38.29898759717043,37.68958883205726,37.74347291395741,36.75549752327152,37.47225031376587,,,,,0.0020660652436174996,0.4028673344152125,0.4022571221896172,0.4521593465026555,0.45126215521846674,61.85303168734248,61.83383513635078,38.62779998779297,38.62779998779297,38.460190727597194,38.460190727597194,37.25019067431253,37.25019067431253,37.4350063838656,38.25108746119908,0.019996643066400
2026-05-11,,,,,,,38.209999084472656,38.354999542236330,38.209999084472656,38.340000152587890,900,,,,,38.340000152587890,,,0.10991997010727957,0.11561933528828414,0.16091724439235727,0.13840580434949962,,,,,,,,,,,,38.56703888999484,38.56703888999484,38.302625695429505,38.30271601129929,37.70991418582384,37.76211439016461,36.76802323575623,37.4791099962862,,,,,-0.010895002121107684,0.3553300872545577,0.3547650693838662,0.43279349465303596,0.4319627380515466,53.372452860235946,53.358290716002834,38.62180023193359,38.62180023193359,38.50923828851609,38.50923828851609,37.2651112874349,37.2651112874349,37.44969204493931,38.25814698234437,0.130001068115234
2026-05-12,,,,,,,37.970001220703125,38.110000610351560,37.970001220703125,38.110000610351560,300,,,,,38.110000610351560,,,0.10748748822657633,0.11505463247879272,0.16121249170129115,0.13839046380379724,,,,,,,,,,,,38.414692796780415,38.414692796780415,38.28511432405878,38.28519642939495,37.72241688659034,37.77298583454546,36.778631752551455,37.48409727386775,,,,,-0.006017010696068709,0.2956889177365696,0.2951657474985794,0.4053725792697427,0.40460333994095316,49.379659343686775,49.36760320895175,38.53580017089844,38.53580017089844,38.53195263090588,38.53195263090588,37.27863511585054,37.27863511585054,37.46433350396535,38.265210469563804,0.139999389648435
2026-05-13,,,,,,,38.029998779296875,38.330001831054690,38.029998779296875,38.209999084472656,1100,,,,,38.209999084472656,,,0.09005295913027488,0.11511795033038189,0.1611367322337587,0.13781846272956874,,,,,,,,,,,,38.34646155934449,38.34646155934449,38.27828566591459,38.27836030712929,37.737653830274155,37.78664249860568,36.789946909325536,37.48983562810177,,,,,0.002620506597105012,0.2535689176995106,0.25308449612235506,0.3750118469556962,0.37429957117723356,51.092763992281746,51.080681820442216,38.41999969482422,38.41999969482422,38.55528586251395,38.55528586251395,37.295460473923455,37.295460473923455,37.47756714291043,38.270766016036745,0.180000305175781
2026-05-14,,,,,,,38.150001525878906,38.150001525878906,37.939998626708984,38.080001831054690,500,,,,,38.080001831054690,,,0.09007112615598542,0.11376981964196736,0.16129847995775343,0.1378671263194999,,,,,,,,,,,,38.25764164991456,38.25764164991456,38.26025986274551,38.26032771839523,37.74835220529855,37.79580997774471,36.8001449719479,37.49450097357966,,,,,-0.0034079794908135415,0.2073090921249019,0.2068605496589484,0.3414712959895374,0.3408117668735765,48.7815512476171,48.770574456178984,38.3,38.3,38.560523986816406,38.560523986816406,37.310777936662944,37.310777936662944,37.49036010863289,38.27588506728884,-0.069999694824216
2026-05-15,,,,,,,38.380001068115234,38.380001068115234,37.849998474121094,37.955001831054690,1800,,,,,37.955001831054690,,,0.07781058452115061,0.08032910086521769,0.16146730214101038,0.13786857143052722,,,,,,,,,,,,38.1567617102946,38.1567617102946,38.2325091325918,38.23257081954609,37.754810006103426,37.800784723160646,36.80927427518194,37.49814129656365,,,,,-0.0032879622960730655,0.15873163229151288,0.1583163118353781,0.30492336324993247,0.30431267586593685,46.598744625065684,46.58876318996257,38.139000701904294,38.139000701904294,38.51885732014974,38.51885732014974,37.32379386538551,37.32379386538551,37.502115673489044,38.27993666936481,-0.424999237060544
2026-05-18,,,,,,,37.630001068115234,37.630001068115234,37.349998474121094,37.476001739501950,900,,,,,37.476001739501950,,,0.0879911319552408,0.08974788430265994,0.1631110483536502,0.13829485051751478,,,,,,,,,,,,37.92984172003038,37.92984172003038,38.163735733219994,38.16379181226935,37.746097247772134,37.79063525492131,36.81454484802242,37.4979662803023,,,,,-0.012700521206143641,0.0806526278846107,0.08026806906529771,0.2600692161768681,0.25950375450580904,39.33516221390917,39.32815292046033,37.96620101928711,37.96620101928711,38.45504778907413,38.45504778907413,37.325587560260104,37.325587560260104,37.51093275584872,38.280992235456196,-0.153999328613284
2026-05-19,,,,,,,37.159999847412110,37.280998229980470,37.159999847412110,37.280998229980470,300,,,,,37.280998229980470,,,0.08733662813394767,0.08933116463246432,0.16323879715832432,0.1381505226929941,,,,,,,,,,,,37.71356055668041,37.71356055668041,38.083486869289125,38.08353785024309,37.73156290346614,37.774709097891915,36.81823222653592,37.49625111784916,,,,,-0.005217008491191061,0.0030046649500192757,0.0026485895649130953,0.20865630593149836,0.20813272151762982,36.818991763941014,36.81289008996874,37.80040054321289,37.80040054321289,38.39295251028879,38.39295251028879,37.321873256138396,37.321873256138396,37.52010390872047,38.28246445126004,0.120998382568360
2026-05-20,,,,,,,37.220001220703125,37.354999542236330,37.220001220703125,37.354999542236330,300,,,,,37.354999542236330,,,0.0841685766448524,0.09013877065322552,0.1617841062176398,0.1381468041867763,,,,,,,,,,,,37.594040218532385,37.594040218532385,38.01726074864796,38.01730709496975,37.71979529842771,37.76159317427768,36.82247544642288,37.49513450460321,,,,,0.0019829931591746407,-0.05196163625694794,-0.05229133772198935,0.1565327174938091,0.156047909669706,38.42859867136142,38.422366062575115,37.629400634765624,37.629400634765624,38.33528573172433,38.33528573172433,37.325825645810085,37.325825645810085,37.529809346274725,38.28448428804912,0.134998321533205
2026-05-21,,,,,,,37.419998168945310,37.595001220703125,37.419998168945310,37.595001220703125,200,,,,,37.595001220703125,,,0.11540937443177209,0.09422827558889049,0.16226475322556658,0.138262732331679,,,,,,,,,,,,37.5943605525893,37.5943605525893,37.978873518834796,37.9789156518546,37.71589548349882,37.75638717572847,36.828582369539724,37.495923964809535,,,,,0.006404336126466599,-0.07528881372081742,-0.07559409457652322,0.1101684112508838,0.10971950882046015,43.45957086240002,43.45302552857773,37.53240051269531,37.53240051269531,38.29171444120861,38.29171444120861,37.33296851506309,37.33296851506309,37.54075289529467,38.28775810060047,0.175003051757815
2026-05-22,,,,,,,37.770000457763670,37.819999694824220,37.669998168945310,37.669998168945310,5200,,,,,37.669998168945310,,,0.11934355218894398,0.09439776103578998,0.1620612514567657,0.13824692569495695,,,,,,,,,,,,37.61957309137463,37.61957309137463,37.950793941572115,37.9508322443174,37.71446119241902,37.7536875192665,36.83523387783542,37.49730004547464,,,,,0.001992877796362619,-0.08672443764361759,-0.08700710655917021,0.07078984147198351,0.07037418574453408,44.972662986869224,44.96605220803966,37.475399780273435,37.475399780273435,38.24885722569057,38.24885722569057,37.34374624585349,37.34374624585349,37.55158050476559,38.290893009730745,-0.100002288818360
2026-05-26,,,,,,,38.279998779296875,38.450000762939450,38.069999694824220,38.299999237060550,3200,,,,,38.299999237060550,,,0.12715075040564666,0.10873937002794387,0.16490590721661752,0.1391131645226422,,,,,,,,,,,,37.846381806603276,37.846381806603276,37.98253987752561,37.98257469820314,37.73275925631407,37.77075976044756,36.84681305063562,37.50364549362947,,,,,0.016585903170331182,-0.044439163914177016,-0.044700895624018244,0.04774404039475141,0.047359169470823616,55.698020542391426,55.691325132634766,37.64019927978516,37.64019927978516,38.22171438307989,38.22171438307989,37.36752404106988,37.36752404106988,37.56554726191929,38.29720253414578,0.020000457763675
2026-05-27,,,,,,,38.279998779296875,38.299999237060550,38.009998321533200,38.299999237060550,2800,,,,,38.299999237060550,,,0.10606776342776993,0.1087589556053004,0.16490868169596212,0.13908358264876716,,,,,,,,,,,,37.9975876167557,37.9975876167557,38.011399819301516,38.0114314744629,37.7504855057124,37.787298494091715,36.858300688472966,37.509940780138805,,,,,0,-0.010803246731121874,-0.011045591949773836,0.036034582969576755,0.03567821718670412,55.698020542391426,55.691325132634766,37.84399948120117,37.84399948120117,38.19647616431827,38.19647616431827,37.390698629712304,37.390698629712304,37.579062840295215,38.303035857185485,0.020000457763675
2026-05-28,,,,,,,38.020000457763670,38.290000915527344,38.020000457763670,38.290000915527344,1200,,,,,38.290000915527344,,,0.11166214980374314,0.10409773176668498,0.16486242098220732,0.13892771543713717,,,,,,,,,,,,38.095058716346244,38.095058716346244,38.03672719168568,38.03675596910512,37.76734536226911,37.80300794476158,36.86961847682913,37.516107263422505,,,,,-0.0002610868669559488,0.01487520685672905,0.014650812253336198,0.03180270774700721,0.03147273620003054,55.49891974785799,55.4922736648979,38.030999755859376,38.030999755859376,38.18790472121466,38.18790472121466,37.412127237471324,37.412127237471324,37.59157250419496,38.307809663197354,0.270000457763674
2026-05-29,,,,,,,38.150001525878906,38.380001068115234,37.860000610351560,38.380001068115234,4600,,,,,38.380001068115234,,,0.112033938968486,0.1031827148672608,0.15519483716734161,0.1388827038472563,,,,,,,,,,,,38.19003950026924,38.19003950026924,38.06793390772473,38.06796006901513,37.786490853076806,37.82103897986638,36.88155826015945,37.5229364634596,,,,,0.0023477290099952345,0.04200363472480717,0.041795861197201134,0.03384289314256721,0.033537361199464655,56.98934472955221,56.98273746554421,38.1879997253418,38.1879997253418,38.1755238487607,38.1755238487607,37.41831770397368,37.41831770397368,37.604954401652016,38.31348426758297,0.229999542236328
2026-06-01,,,,,,,37.750000000000000,37.915000915527344,37.741001129150390,37.915000915527344,1200,,,,,37.915000915527344,,,0.1628307919545667,0.11093664084372908,0.12936917100885617,0.13938294703023524,,,,,,,,,,,,38.098359972021946,38.098359972021946,38.05403090843406,38.054054691425335,37.79050679252838,37.82397529035579,36.889727767316515,37.52603578719137,,,,,-0.012189682109813096,0.025685397836937796,0.025493014309219575,0.03221139408144132,0.03192849182141564,48.03746598664957,48.03282675666093,38.2370002746582,38.2370002746582,38.14552397955032,38.14552397955032,37.44304790194072,37.44304790194072,37.61585191696409,38.31663903735933,0.165000915527344
2026-06-02,,,,,,,38.060001373291016,38.060001373291016,38.005001068115234,38.005001068115234,400,,,,,38.005001068115234,,,0.09650620050990545,0.11069638342131505,0.12927436576953025,0.13939142353384285,,,,,,,,,,,,38.06724033738637,38.06724033738637,38.04957365022326,38.04959527112442,37.797209738640476,37.829632345910774,36.898544157046146,37.52982207399709,,,,,0.0023709218228650593,0.019787242671547745,0.019609109240917633,0.029726563799462608,0.02946461530531604,49.68484737650607,49.68018944243225,38.17800064086914,38.17800064086914,38.11433356148856,38.11433356148856,37.46709551130022,37.46709551130022,37.62725695352706,38.320309669252424,-0.055000305175782
2026-06-03,,,,,,,37.900001525878906,37.900001525878906,37.779998779296875,37.779998779296875,600,,,,,37.779998779296875,,,0.09966693710369383,0.10961165943985607,0.12919223318558934,0.1385373889901344,,,,,,,,,,,,37.97149315135654,37.97149315135654,38.025066843775406,38.025086499140095,37.79667189616099,37.82808129695409,36.9055121777754,37.53179975546191,,,,,-0.005937928360067223,-0.003008215243205825,-0.0031731540572650374,0.02317960799092892,0.022937061432799825,45.777481303702736,45.77355191092951,38.07400054931641,38.07400054931641,38.08623831612723,38.08623831612723,37.4912225026933,37.4912225026933,37.63540054502941,38.320587445819186,-0.120002746582031
2026-06-04,,,,,,,37.919998168945310,38.069999694824220,36.869998931884766,37.890998840332030,8300,,,,,37.890998840332030,,,0.10697386572832669,0.10884822147962185,0.12888089387236237,0.13841221116912372,,,,0.29329242964031504,,,,,,,,37.94466171434837,37.94466171434837,38.01287884346237,38.01289671197572,37.79961961316633,37.830047470184645,36.91330258617506,37.53463927391938,,,,,0.002933756502252588,-0.011978917113864895,-0.012131638620751062,0.01614790296997016,0.01592332142208965,47.952105768404,47.94814042259395,37.99420013427734,37.99420013427734,38.05533345540365,38.05533345540365,37.51385740249876,37.51385740249876,37.64486436995249,38.32223425971137,-0.028999328613280
2026-06-05,,,,,,,37.849998474121094,37.826999664306640,37.826999664306640,37.826999664306640,122,,,,,37.826999664306640,,,0.10002372371313363,0.10562199221526791,0.12828761093981683,0.13840516254675295,,,,,,,,,,,,37.905441031001125,37.905441031001125,37.9959807362664,37.99599698036944,37.80047523976447,37.82995222625096,36.92052548797847,37.5369504232505,,,,,-0.0016904617800252905,-0.023976080289621393,-0.02411748941615599,0.008123106318051847,0.007915159254440519,46.78699927421735,46.78323143611351,37.883599853515626,37.883599853515626,38.00952384585426,38.00952384585426,37.53888914320204,37.53888914320204,37.65370202442956,38.323234255351714,-0.022998809814454
